record_class,_basis,scale,mode,replicate,frame,active_cycles,blocked_cycles,wall_cycles,latency_ns,active_wall_pct,equivalence_predicted,status
DATA,DATASET,S0,CPU_ONLY,_RUN_1,1,78722,534022,612744,18567996,12.847453,VERTIFIED,DATA
DATA,DATASET,S0,CPU_ONLY,_RUN_1,2,72974,529835,602809,18266944,12.105659,VERTIFIED,DATA
DATA,DATASET,S0,CPU_ONLY,_RUN_1,3,77173,494501,571674,17323440,13.499477,VERTIFIED,DATA
DATA,DATASET,S0,CPU_ONLY,_RUN_1,4,69434,534729,604163,18307962,11.492594,VERTIFIED,DATA
DATA,DATASET,S0,CPU_ONLY,_RUN_1,5,75515,520793,596308,18069946,12.663758,VERTIFIED,DATA
DATA,DATASET,S0,CPU_ONLY,_RUN_1,6,73157,539356,612513,18560997,11.943747,VERTIFIED,DATA
DATA,DATASET,S0,CPU_ONLY,_RUN_1,7,77704,544104,621808,18842656,12.496462,VERTIFIED,DATA
DATA,DATASET,S0,CPU_ONLY,_RUN_1,8,70543,501119,571662,17323089,12.339984,VERTIFIED,DATA
DATA,DATASET,S0,CPU_ONLY,_RUN_1,9,74358,530505,604863,18329188,12.293362,VERTIFIED,DATA
DATA,DATASET,S0,CPU_ONLY,_RUN_1,10,67067,535689,602756,18265330,11.126725,VERTIFIED,DATA
DATA,DATASET,S0,CPU_ONLY,_RUN_1,11,71727,511787,583514,17682239,12.292250,VERTIFIED,DATA
DATA,DATASET,S0,CPU_ONLY,_RUN_1,12,70339,540724,611063,18517064,11.510924,VERTIFIED,DATA
DATA,DATASET,S0,CPU_ONLY,_RUN_1,13,73686,552833,626519,18985413,11.761176,VERTIFIED,DATA
DATA,DATASET,S0,CPU_ONLY,_RUN_1,14,68935,507286,576221,17461236,11.963292,VERTIFIED,DATA
DATA,DATASET,S0,CPU_ONLY,_RUN_1,15,74965,519493,594458,18013882,12.610647,VERTIFIED,DATA
DATA,DATASET,S0,CPU_ONLY,_RUN_1,16,69636,537808,607444,18407398,11.463773,VERTIFIED,DATA
DATA,DATASET,S0,CPU_ONLY,_RUN_1,17,78850,497192,576042,17455805,13.688238,VERTIFIED,DATA
DATA,DATASET,S0,CPU_ONLY,_RUN_1,18,68672,552860,621532,18834315,11.048828,VERTIFIED,DATA
DATA,DATASET,S0,CPU_ONLY,_RUN_1,19,64709,518797,583506,17681998,11.089689,VERTIFIED,DATA
DATA,DATASET,S0,CPU_ONLY,_RUN_1,20,71728,557193,628921,19058209,11.404930,VERTIFIED,DATA
DATA,DATASET,S0,CPU_ONLY,_RUN_1,21,70761,477086,547847,16601439,12.916197,VERTIFIED,DATA
DATA,DATASET,S0,CPU_ONLY,_RUN_1,22,68203,530164,598367,18132343,11.398189,VERTIFIED,DATA
DATA,DATASET,S0,CPU_ONLY,_RUN_1,23,67582,559976,627558,19016915,10.769044,VERTIFIED,DATA
DATA,DATASET,S0,CPU_ONLY,_RUN_1,24,69437,511053,580490,17590618,11.961791,VERTIFIED,DATA
DATA,DATASET,S0,CPU_ONLY,_RUN_1,25,71890,517531,589421,17861236,12.196715,VERTIFIED,DATA
DATA,DATASET,S0,CPU_ONLY,_RUN_1,26,74216,527779,601995,18242259,12.328342,VERTIFIED,DATA
DATA,DATASET,S0,CPU_ONLY,_RUN_1,27,73233,490502,563735,17082886,12.990678,VERTIFIED,DATA
DATA,DATASET,S0,CPU_ONLY,_RUN_1,28,76447,546710,623157,18883550,12.267695,VERTIFIED,DATA
DATA,DATASET,S0,CPU_ONLY,_RUN_1,29,74818,521379,596197,18066569,12.549208,VERTIFIED,DATA
DATA,DATASET,S0,CPU_ONLY,_RUN_1,30,71305,487514,558819,16933921,12.759946,VERTIFIED,DATA
DATA,DATASET,S0,CPU_ONLY,_RUN_1,31,71759,556045,627804,19024376,11.430160,VERTIFIED,DATA
DATA,DATASET,S0,CPU_ONLY,_RUN_1,32,79090,528670,607760,18416965,13.013361,VERTIFIED,DATA
DATA,DATASET,S0,CPU_ONLY,_RUN_1,33,74517,517426,591943,17937657,12.588543,VERTIFIED,DATA
DATA,DATASET,S0,CPU_ONLY,_RUN_1,34,69510,502904,572414,17345880,12.143309,VERTIFIED,DATA
DATA,DATASET,S0,CPU_ONLY,_RUN_1,35,63492,555426,618918,18755077,10.258548,VERTIFIED,DATA
DATA,DATASET,S0,CPU_ONLY,_RUN_1,36,73824,494662,568486,17226850,12.986072,VERTIFIED,DATA
DATA,DATASET,S0,CPU_ONLY,_RUN_1,37,67358,505607,572965,17362581,11.756041,VERTIFIED,DATA
DATA,DATASET,S0,CPU_ONLY,_RUN_1,38,70979,514262,585241,17734589,12.128166,VERTIFIED,DATA
DATA,DATASET,S0,CPU_ONLY,_RUN_1,39,74220,500806,575026,17425027,12.907242,VERTIFIED,DATA
DATA,DATASET,S0,CPU_ONLY,_RUN_1,40,73327,491821,565148,17125704,12.974831,VERTIFIED,DATA
DATA,DATASET,S0,CPU_ONLY,_RUN_1,41,74948,517766,592714,17961021,12.644884,VERTIFIED,DATA
DATA,DATASET,S0,CPU_ONLY,_RUN_1,42,71793,527058,598851,18147007,11.988458,VERTIFIED,DATA
DATA,DATASET,S0,CPU_ONLY,_RUN_1,43,72659,526282,598941,18149723,12.131245,VERTIFIED,DATA
DATA,DATASET,S0,CPU_ONLY,_RUN_1,44,69409,519438,588847,17843852,11.787272,VERTIFIED,DATA
DATA,DATASET,S0,CPU_ONLY,_RUN_1,45,77119,515187,592306,17948681,13.020128,VERTIFIED,DATA
DATA,DATASET,S0,CPU_ONLY,_RUN_1,46,67552,530191,597743,18113411,11.301178,VERTIFIED,DATA
DATA,DATASET,S0,CPU_ONLY,_RUN_1,47,85671,499172,584843,17722513,14.648547,VERTIFIED,DATA
DATA,DATASET,S0,CPU_ONLY,_RUN_1,48,70773,518414,589187,17854140,12.011976,VERTIFIED,DATA
DATA,DATASET,S0,CPU_ONLY,_RUN_1,49,75741,539352,615093,18639177,12.313748,VERTIFIED,DATA
DATA,DATASET,S0,CPU_ONLY,_RUN_1,50,71799,519220,591019,17909666,12.148340,VERTIFIED,DATA
DATA,DATASET,S0,CPU_ONLY,_RUN_1,51,80091,501799,581890,17633044,13.763942,VERTIFIED,DATA
DATA,DATASET,S0,CPU_ONLY,_RUN_1,52,68671,521503,590174,17884056,11.635721,VERTIFIED,DATA
DATA,DATASET,S0,CPU_ONLY,_RUN_1,53,79706,486766,566472,17165821,14.070598,VERTIFIED,DATA
DATA,DATASET,S0,CPU_ONLY,_RUN_1,54,72403,496113,568516,17227745,12.735438,VERTIFIED,DATA
DATA,DATASET,S0,CPU_ONLY,_RUN_1,55,70606,514320,584926,17725031,12.070929,VERTIFIED,DATA
DATA,DATASET,S0,CPU_ONLY,_RUN_1,56,74071,509341,583412,17679165,12.696174,VERTIFIED,DATA
DATA,DATASET,S0,CPU_ONLY,_RUN_1,57,71321,510370,581691,17627007,12.260977,VERTIFIED,DATA
DATA,DATASET,S0,CPU_ONLY,_RUN_1,58,69928,521529,591457,17922935,11.823007,VERTIFIED,DATA
DATA,DATASET,S0,CPU_ONLY,_RUN_1,59,71783,493073,564856,17116849,12.708195,VERTIFIED,DATA
DATA,DATASET,S0,CPU_ONLY,_RUN_1,60,68340,527664,596004,18060736,11.466366,VERTIFIED,DATA
DATA,DATASET,S0,CPU_ONLY,_RUN_1,61,70224,515122,585346,17737770,11.997007,VERTIFIED,DATA
DATA,DATASET,S0,CPU_ONLY,_RUN_1,62,67986,562825,630811,19115485,10.777555,VERTIFIED,DATA
DATA,DATASET,S0,CPU_ONLY,_RUN_1,63,67840,515970,583810,17691201,11.620219,VERTIFIED,DATA
DATA,DATASET,S0,CPU_ONLY,_RUN_1,64,74712,490854,565566,17138370,13.210129,VERTIFIED,DATA
DATA,DATASET,S0,CPU_ONLY,_RUN_1,65,78194,515795,593989,17999676,13.164217,VERTIFIED,DATA
DATA,DATASET,S0,CPU_ONLY,_RUN_1,66,70708,527333,598041,18122452,11.823270,VERTIFIED,DATA
DATA,DATASET,S0,CPU_ONLY,_RUN_1,67,64392,551162,615554,18653155,10.460821,VERTIFIED,DATA
DATA,DATASET,S0,CPU_ONLY,_RUN_1,68,73851,531588,605439,18346637,12.197926,VERTIFIED,DATA
DATA,DATASET,S0,CPU_ONLY,_RUN_1,69,75284,499542,574826,17418982,13.096833,VERTIFIED,DATA
DATA,DATASET,S0,CPU_ONLY,_RUN_1,70,72772,503777,576549,17471196,12.621997,VERTIFIED,DATA
DATA,DATASET,S0,CPU_ONLY,_RUN_1,71,73058,561413,634471,19226396,11.514789,VERTIFIED,DATA
DATA,DATASET,S0,CPU_ONLY,_RUN_1,72,67445,523060,590505,17894076,11.421580,VERTIFIED,DATA
DATA,DATASET,S0,CPU_ONLY,_RUN_1,73,66222,551995,618217,18733858,10.711773,VERTIFIED,DATA
DATA,DATASET,S0,CPU_ONLY,_RUN_1,74,73291,506780,580071,17577904,12.634833,VERTIFIED,DATA
DATA,DATASET,S0,CPU_ONLY,_RUN_1,75,71099,491316,562415,17042886,12.641733,VERTIFIED,DATA
DATA,DATASET,S0,CPU_ONLY,_RUN_1,76,74403,534242,608645,18443780,12.224367,VERTIFIED,DATA
DATA,DATASET,S0,CPU_ONLY,_RUN_1,77,68226,489988,558214,16915584,12.222194,VERTIFIED,DATA
DATA,DATASET,S0,CPU_ONLY,_RUN_1,78,75641,553595,629236,19067764,12.021086,VERTIFIED,DATA
DATA,DATASET,S0,CPU_ONLY,_RUN_1,79,66254,506500,572754,17356177,11.567619,VERTIFIED,DATA
DATA,DATASET,S0,CPU_ONLY,_RUN_1,80,70081,522869,592950,17968183,11.819040,VERTIFIED,DATA
DATA,DATASET,S0,CPU_ONLY,_RUN_1,81,78715,517456,596171,18065802,13.203427,VERTIFIED,DATA
DATA,DATASET,S0,CPU_ONLY,_RUN_1,82,74849,509155,584004,17697098,12.816522,VERTIFIED,DATA
DATA,DATASET,S0,CPU_ONLY,_RUN_1,83,68255,564339,632594,19169515,10.789701,VERTIFIED,DATA
DATA,DATASET,S0,CPU_ONLY,_RUN_1,84,81755,529951,611706,18536557,13.365081,VERTIFIED,DATA
DATA,DATASET,S0,CPU_ONLY,_RUN_1,85,68182,531514,599696,18172591,11.369427,VERTIFIED,DATA
DATA,DATASET,S0,CPU_ONLY,_RUN_1,86,73271,536322,609593,18472519,12.019659,VERTIFIED,DATA
DATA,DATASET,S0,CPU_ONLY,_RUN_1,87,69968,568239,638207,19339598,10.963214,VERTIFIED,DATA
DATA,DATASET,S0,CPU_ONLY,_RUN_1,88,74938,518025,592963,17968576,12.637888,VERTIFIED,DATA
DATA,DATASET,S0,CPU_ONLY,_RUN_1,89,70761,543316,614077,18608388,11.523148,VERTIFIED,DATA
DATA,DATASET,S0,CPU_ONLY,_RUN_1,90,75971,511350,587321,17797618,12.935175,VERTIFIED,DATA
DATA,DATASET,S0,CPU_ONLY,_RUN_1,91,77316,489515,566831,17176692,13.640044,VERTIFIED,DATA
DATA,DATASET,S0,CPU_ONLY,_RUN_1,92,74299,516060,590359,17889675,12.585393,VERTIFIED,DATA
DATA,DATASET,S0,CPU_ONLY,_RUN_1,93,69309,518295,587604,17806170,11.795189,VERTIFIED,DATA
DATA,DATASET,S0,CPU_ONLY,_RUN_1,94,75902,503543,579445,17558940,13.099086,VERTIFIED,DATA
DATA,DATASET,S0,CPU_ONLY,_RUN_1,95,69267,524327,593594,17987703,11.669087,VERTIFIED,DATA
DATA,DATASET,S0,CPU_ONLY,_RUN_1,96,73412,536967,610379,18496319,12.027281,VERTIFIED,DATA
DATA,DATASET,S0,CPU_ONLY,_RUN_1,97,72580,524036,596616,18079273,12.165279,VERTIFIED,DATA
DATA,DATASET,S0,CPU_ONLY,_RUN_1,98,72309,505584,577893,17511906,12.512524,VERTIFIED,DATA
DATA,DATASET,S0,CPU_ONLY,_RUN_1,99,69983,549493,619476,18772009,11.297129,VERTIFIED,DATA
DATA,DATASET,S0,CPU_ONLY,_RUN_1,100,69471,514837,584308,17706300,11.889449,VERTIFIED,DATA
DATA,DATASET,S0,CPU_ONLY,_RUN_1,101,73486,497078,570564,17289818,12.879537,VERTIFIED,DATA
DATA,DATASET,S0,CPU_ONLY,_RUN_1,102,69980,528089,598069,18123314,11.700991,VERTIFIED,DATA
DATA,DATASET,S0,CPU_ONLY,_RUN_1,103,71337,526286,597623,18109775,11.936790,VERTIFIED,DATA
DATA,DATASET,S0,CPU_ONLY,_RUN_1,104,72732,525409,598141,18125470,12.159675,VERTIFIED,DATA
DATA,DATASET,S0,CPU_ONLY,_RUN_1,105,68367,522725,591092,17911874,11.566220,VERTIFIED,DATA
DATA,DATASET,S0,CPU_ONLY,_RUN_1,106,69265,506345,575610,17442736,12.033321,VERTIFIED,DATA
DATA,DATASET,S0,CPU_ONLY,_RUN_1,107,75336,530118,605454,18347085,12.442894,VERTIFIED,DATA
DATA,DATASET,S0,CPU_ONLY,_RUN_1,108,70299,491710,562009,17030568,12.508519,VERTIFIED,DATA
DATA,DATASET,S0,CPU_ONLY,_RUN_1,109,66882,517270,584152,17701577,11.449417,VERTIFIED,DATA
DATA,DATASET,S0,CPU_ONLY,_RUN_1,110,75325,521223,596548,18077224,12.626813,VERTIFIED,DATA
DATA,DATASET,S0,CPU_ONLY,_RUN_1,111,69311,526033,595344,18040713,11.642177,VERTIFIED,DATA
DATA,DATASET,S0,CPU_ONLY,_RUN_1,112,73272,538977,612249,18552999,11.967680,VERTIFIED,DATA
DATA,DATASET,S0,CPU_ONLY,_RUN_1,113,75743,525998,601741,18234590,12.587309,VERTIFIED,DATA
DATA,DATASET,S0,CPU_ONLY,_RUN_1,114,71006,510080,581086,17608662,12.219534,VERTIFIED,DATA
DATA,DATASET,S0,CPU_ONLY,_RUN_1,115,72500,513676,586176,17762897,12.368299,VERTIFIED,DATA
DATA,DATASET,S0,CPU_ONLY,_RUN_1,116,66886,515812,582698,17657513,11.478673,VERTIFIED,DATA
DATA,DATASET,S0,CPU_ONLY,_RUN_1,117,72106,504447,576553,17471302,12.506396,VERTIFIED,DATA
DATA,DATASET,S0,CPU_ONLY,_RUN_1,118,76229,511470,587699,17809048,12.970755,VERTIFIED,DATA
DATA,DATASET,S0,CPU_ONLY,_RUN_1,119,70415,524875,595290,18039084,11.828689,VERTIFIED,DATA
DATA,DATASET,S0,CPU_ONLY,_RUN_1,120,72235,518639,590874,17905284,12.225111,VERTIFIED,DATA
DATA,DATASET,S0,CPU_ONLY,_RUN_1,121,71551,531190,602741,18264877,11.870936,VERTIFIED,DATA
DATA,DATASET,S0,CPU_ONLY,_RUN_1,122,69014,518098,587112,17791283,11.754827,VERTIFIED,DATA
DATA,DATASET,S0,CPU_ONLY,_RUN_1,123,70810,524720,595530,18046358,11.890249,VERTIFIED,DATA
DATA,DATASET,S0,CPU_ONLY,_RUN_1,124,75342,507363,582705,17657730,12.929699,VERTIFIED,DATA
DATA,DATASET,S0,CPU_ONLY,_RUN_1,125,65798,489885,555683,16838893,11.840924,VERTIFIED,DATA
DATA,DATASET,S0,CPU_ONLY,_RUN_1,126,73441,521007,594448,18013587,12.354487,VERTIFIED,DATA
DATA,DATASET,S0,CPU_ONLY,_RUN_1,127,67253,523315,590568,17895988,11.387850,VERTIFIED,DATA
DATA,DATASET,S0,CPU_ONLY,_RUN_1,128,73929,516417,590346,17889267,12.522995,VERTIFIED,DATA
DATA,DATASET,S0,CPU_ONLY,_RUN_1,129,74492,544784,619276,18765926,12.028885,VERTIFIED,DATA
DATA,DATASET,S0,CPU_ONLY,_RUN_1,130,72130,526825,598955,18150141,12.042641,VERTIFIED,DATA
DATA,DATASET,S0,CPU_ONLY,_RUN_1,131,77926,495908,573834,17388897,13.579885,VERTIFIED,DATA
DATA,DATASET,S0,CPU_ONLY,_RUN_1,132,71075,505143,576218,17461163,12.334741,VERTIFIED,DATA
DATA,DATASET,S0,CPU_ONLY,_RUN_1,133,73081,496916,569997,17272651,12.821296,VERTIFIED,DATA
DATA,DATASET,S0,CPU_ONLY,_RUN_1,134,63661,530477,594138,18004192,10.714851,VERTIFIED,DATA
DATA,DATASET,S0,CPU_ONLY,_RUN_1,135,75206,529424,604630,18322119,12.438351,VERTIFIED,DATA
DATA,DATASET,S0,CPU_ONLY,_RUN_1,136,70740,531644,602384,18254059,11.743340,VERTIFIED,DATA
DATA,DATASET,S0,CPU_ONLY,_RUN_1,137,64683,547867,612550,18562112,10.559628,VERTIFIED,DATA
DATA,DATASET,S0,CPU_ONLY,_RUN_1,138,73299,527940,601239,18219372,12.191325,VERTIFIED,DATA
DATA,DATASET,S0,CPU_ONLY,_RUN_1,139,67373,508947,576320,17464242,11.690207,VERTIFIED,DATA
DATA,DATASET,S0,CPU_ONLY,_RUN_1,140,65948,500695,566643,17170997,11.638368,VERTIFIED,DATA
DATA,DATASET,S0,CPU_ONLY,_RUN_1,141,72634,532923,605557,18350221,11.994577,VERTIFIED,DATA
DATA,DATASET,S0,CPU_ONLY,_RUN_1,142,73211,515810,589021,17849114,12.429268,VERTIFIED,DATA
DATA,DATASET,S0,CPU_ONLY,_RUN_1,143,68667,497201,565868,17147504,12.134809,VERTIFIED,DATA
DATA,DATASET,S0,CPU_ONLY,_RUN_1,144,69450,520084,589534,17864670,11.780491,VERTIFIED,DATA
DATA,DATASET,S0,CPU_ONLY,_RUN_1,145,80763,517780,598543,18137679,13.493266,VERTIFIED,DATA
DATA,DATASET,S0,CPU_ONLY,_RUN_1,146,76808,525760,602568,18259629,12.746777,VERTIFIED,DATA
DATA,DATASET,S0,CPU_ONLY,_RUN_1,147,77612,517030,594642,18019441,13.051887,VERTIFIED,DATA
DATA,DATASET,S0,CPU_ONLY,_RUN_1,148,71251,527702,598953,18150078,11.895925,VERTIFIED,DATA
DATA,DATASET,S0,CPU_ONLY,_RUN_1,149,70627,506927,577554,17501648,12.228640,VERTIFIED,DATA
DATA,DATASET,S0,CPU_ONLY,_RUN_1,150,71337,511539,582876,17662919,12.238795,VERTIFIED,DATA
DATA,DATASET,S0,CPU_ONLY,_RUN_1,151,69209,547641,616850,18692438,11.219745,VERTIFIED,DATA
DATA,DATASET,S0,CPU_ONLY,_RUN_1,152,72773,528346,601119,18215741,12.106255,VERTIFIED,DATA
DATA,DATASET,S0,CPU_ONLY,_RUN_1,153,67779,500810,568589,17229976,11.920561,VERTIFIED,DATA
DATA,DATASET,S0,CPU_ONLY,_RUN_1,154,70890,509840,580730,17597879,12.207050,VERTIFIED,DATA
DATA,DATASET,S0,CPU_ONLY,_RUN_1,155,70948,507286,578234,17522244,12.269773,VERTIFIED,DATA
DATA,DATASET,S0,CPU_ONLY,_RUN_1,156,70342,549164,619506,18772904,11.354531,VERTIFIED,DATA
DATA,DATASET,S0,CPU_ONLY,_RUN_1,157,72963,532579,605542,18349761,12.049206,VERTIFIED,DATA
DATA,DATASET,S0,CPU_ONLY,_RUN_1,158,71049,512535,583584,17684376,12.174597,VERTIFIED,DATA
DATA,DATASET,S0,CPU_ONLY,_RUN_1,159,65006,518661,583667,17686891,11.137515,VERTIFIED,DATA
DATA,DATASET,S0,CPU_ONLY,_RUN_1,160,77596,521060,598656,18141083,12.961701,VERTIFIED,DATA
DATA,DATASET,S0,CPU_ONLY,_RUN_1,161,71201,501381,572582,17350955,12.435075,VERTIFIED,DATA
DATA,DATASET,S0,CPU_ONLY,_RUN_1,162,67598,508268,575866,17450487,11.738495,VERTIFIED,DATA
DATA,DATASET,S0,CPU_ONLY,_RUN_1,163,68559,533896,602455,18256211,11.379937,VERTIFIED,DATA
DATA,DATASET,S0,CPU_ONLY,_RUN_1,164,69021,547788,616809,18691182,11.190012,VERTIFIED,DATA
DATA,DATASET,S0,CPU_ONLY,_RUN_1,165,74235,536207,610442,18498238,12.160860,VERTIFIED,DATA
DATA,DATASET,S0,CPU_ONLY,_RUN_1,166,66462,550145,616607,18685053,10.778665,VERTIFIED,DATA
DATA,DATASET,S0,CPU_ONLY,_RUN_1,167,67865,518534,586399,17769660,11.573178,VERTIFIED,DATA
DATA,DATASET,S0,CPU_ONLY,_RUN_1,168,68899,530188,599087,18154141,11.500667,VERTIFIED,DATA
DATA,DATASET,S0,CPU_ONLY,_RUN_1,169,75953,539788,615741,18658828,12.335219,VERTIFIED,DATA
DATA,DATASET,S0,CPU_ONLY,_RUN_1,170,69975,514716,584691,17717915,11.967860,VERTIFIED,DATA
DATA,DATASET,S0,CPU_ONLY,_RUN_1,171,76140,487915,564055,17092577,13.498684,VERTIFIED,DATA
DATA,DATASET,S0,CPU_ONLY,_RUN_1,172,69433,511233,580666,17595948,11.957476,VERTIFIED,DATA
DATA,DATASET,S0,CPU_ONLY,_RUN_1,173,73855,484763,558618,16927807,13.221020,VERTIFIED,DATA
DATA,DATASET,S0,CPU_ONLY,_RUN_1,174,71849,500699,572548,17349938,12.548992,VERTIFIED,DATA
DATA,DATASET,S0,CPU_ONLY,_RUN_1,175,77564,517225,594789,18023921,13.040591,VERTIFIED,DATA
DATA,DATASET,S0,CPU_ONLY,_RUN_1,176,67400,521058,588458,17832046,11.453664,VERTIFIED,DATA
DATA,DATASET,S0,CPU_ONLY,_RUN_1,177,72925,501657,574582,17411562,12.691835,VERTIFIED,DATA
DATA,DATASET,S0,CPU_ONLY,_RUN_1,178,72286,525583,597869,18117236,12.090608,VERTIFIED,DATA
DATA,DATASET,S0,CPU_ONLY,_RUN_1,179,75035,537132,612167,18550505,12.257276,VERTIFIED,DATA
DATA,DATASET,S0,CPU_ONLY,_RUN_1,180,70986,515315,586301,17766700,12.107433,VERTIFIED,DATA
DATA,DATASET,S0,CPU_ONLY,_RUN_1,181,72108,501565,573673,17384033,12.569530,VERTIFIED,DATA
DATA,DATASET,S0,CPU_ONLY,_RUN_1,182,70529,560744,631273,19129477,11.172504,VERTIFIED,DATA
DATA,DATASET,S0,CPU_ONLY,_RUN_1,183,76748,510201,586949,17786328,13.075753,VERTIFIED,DATA
DATA,DATASET,S0,CPU_ONLY,_RUN_1,184,73451,522948,596399,18072705,12.315748,VERTIFIED,DATA
DATA,DATASET,S0,CPU_ONLY,_RUN_1,185,74515,509322,583837,17692028,12.762980,VERTIFIED,DATA
DATA,DATASET,S0,CPU_ONLY,_RUN_1,186,69119,519752,588871,17844587,11.737545,VERTIFIED,DATA
DATA,DATASET,S0,CPU_ONLY,_RUN_1,187,70717,526868,597585,18108628,11.833798,VERTIFIED,DATA
DATA,DATASET,S0,CPU_ONLY,_RUN_1,188,70696,516153,586849,17783308,12.046710,VERTIFIED,DATA
DATA,DATASET,S0,CPU_ONLY,_RUN_1,189,76445,481955,558400,16921224,13.690007,VERTIFIED,DATA
DATA,DATASET,S0,CPU_ONLY,_RUN_1,190,69523,511644,581167,17611132,11.962654,VERTIFIED,DATA
DATA,DATASET,S0,CPU_ONLY,_RUN_1,191,71824,519968,591792,17933084,12.136697,VERTIFIED,DATA
DATA,DATASET,S0,CPU_ONLY,_RUN_1,192,68281,509390,577671,17505179,11.820050,VERTIFIED,DATA
DATA,DATASET,S0,CPU_ONLY,_RUN_1,193,75517,544096,619613,18776157,12.187769,VERTIFIED,DATA
DATA,DATASET,S0,CPU_ONLY,_RUN_1,194,71287,507523,578810,17539707,12.316131,VERTIFIED,DATA
DATA,DATASET,S0,CPU_ONLY,_RUN_1,195,71813,530157,601970,18241513,11.929664,VERTIFIED,DATA
DATA,DATASET,S0,CPU_ONLY,_RUN_1,196,70055,539135,609190,18460317,11.499696,VERTIFIED,DATA
DATA,DATASET,S0,CPU_ONLY,_RUN_1,197,66755,510021,576776,17478050,11.573817,VERTIFIED,DATA
DATA,DATASET,S0,CPU_ONLY,_RUN_1,198,75355,529908,605263,18341293,12.449960,VERTIFIED,DATA
DATA,DATASET,S0,CPU_ONLY,_RUN_1,199,64992,562443,627435,19013168,10.358364,VERTIFIED,DATA
DATA,DATASET,S0,CPU_ONLY,_RUN_1,200,77469,527638,605107,18336583,12.802529,VERTIFIED,DATA
DATA,DATASET,S0,CPU_ONLY,_RUN_1,201,68082,515207,583289,17675420,11.672087,VERTIFIED,DATA
DATA,DATASET,S0,CPU_ONLY,_RUN_1,202,73516,530599,604115,18306508,12.169206,VERTIFIED,DATA
DATA,DATASET,S0,CPU_ONLY,_RUN_1,203,72657,540511,613168,18580860,11.849444,VERTIFIED,DATA
DATA,DATASET,S0,CPU_ONLY,_RUN_1,204,76556,500161,576717,17476258,13.274448,VERTIFIED,DATA
DATA,DATASET,S0,CPU_ONLY,_RUN_1,205,80931,457563,538494,16317994,15.029137,VERTIFIED,DATA
DATA,DATASET,S0,CPU_ONLY,_RUN_1,206,68097,507507,575604,17442545,11.830529,VERTIFIED,DATA
DATA,DATASET,S0,CPU_ONLY,_RUN_1,207,69546,539027,608573,18441619,11.427717,VERTIFIED,DATA
DATA,DATASET,S0,CPU_ONLY,_RUN_1,208,72005,521126,593131,17973656,12.139814,VERTIFIED,DATA
DATA,DATASET,S0,CPU_ONLY,_RUN_1,209,70039,518513,588552,17834896,11.900223,VERTIFIED,DATA
DATA,DATASET,S0,CPU_ONLY,_RUN_1,210,69653,500649,570302,17281887,12.213354,VERTIFIED,DATA
DATA,DATASET,S0,CPU_ONLY,_RUN_1,211,75587,516100,591687,17929910,12.774829,VERTIFIED,DATA
DATA,DATASET,S0,CPU_ONLY,_RUN_1,212,73095,507003,580098,17578738,12.600457,VERTIFIED,DATA
DATA,DATASET,S0,CPU_ONLY,_RUN_1,213,69334,516203,585537,17743554,11.841096,VERTIFIED,DATA
DATA,DATASET,S0,CPU_ONLY,_RUN_1,214,70404,519977,590381,17890320,11.925181,VERTIFIED,DATA
DATA,DATASET,S0,CPU_ONLY,_RUN_1,215,75082,485849,560931,16997895,13.385247,VERTIFIED,DATA
DATA,DATASET,S0,CPU_ONLY,_RUN_1,216,73326,492609,565935,17149544,12.956612,VERTIFIED,DATA
DATA,DATASET,S0,CPU_ONLY,_RUN_1,217,71494,485250,556744,16871042,12.841450,VERTIFIED,DATA
DATA,DATASET,S0,CPU_ONLY,_RUN_1,218,79354,508641,587995,17818018,13.495693,VERTIFIED,DATA
DATA,DATASET,S0,CPU_ONLY,_RUN_1,219,70198,527824,598022,18121888,11.738364,VERTIFIED,DATA
DATA,DATASET,S0,CPU_ONLY,_RUN_1,220,78337,530169,608506,18439584,12.873661,VERTIFIED,DATA
DATA,DATASET,S0,CPU_ONLY,_RUN_1,221,79324,533958,613282,18584309,12.934343,VERTIFIED,DATA
DATA,DATASET,S0,CPU_ONLY,_RUN_1,222,72984,509068,582052,17637930,12.539086,VERTIFIED,DATA
DATA,DATASET,S0,CPU_ONLY,_RUN_1,223,68723,524469,593192,17975526,11.585288,VERTIFIED,DATA
DATA,DATASET,S0,CPU_ONLY,_RUN_1,224,69878,519053,588931,17846379,11.865227,VERTIFIED,DATA
DATA,DATASET,S0,CPU_ONLY,_RUN_1,225,73302,517030,590332,17888840,12.417081,VERTIFIED,DATA
DATA,DATASET,S0,CPU_ONLY,_RUN_1,226,81484,528197,609681,18475167,13.365022,VERTIFIED,DATA
DATA,DATASET,S0,CPU_ONLY,_RUN_1,227,72471,504140,576611,17473075,12.568439,VERTIFIED,DATA
DATA,DATASET,S0,CPU_ONLY,_RUN_1,228,71342,537706,609048,18456006,11.713691,VERTIFIED,DATA
DATA,DATASET,S0,CPU_ONLY,_RUN_1,229,65322,514089,579411,17557914,11.273863,VERTIFIED,DATA
DATA,DATASET,S0,CPU_ONLY,_RUN_1,230,73251,509703,582954,17665263,12.565485,VERTIFIED,DATA
DATA,DATASET,S0,CPU_ONLY,_RUN_1,231,65607,517155,582762,17659462,11.257941,VERTIFIED,DATA
DATA,DATASET,S0,CPU_ONLY,_RUN_1,232,71602,519490,591092,17911864,12.113512,VERTIFIED,DATA
DATA,DATASET,S0,CPU_ONLY,_RUN_1,233,73774,543137,616911,18694264,11.958613,VERTIFIED,DATA
DATA,DATASET,S0,CPU_ONLY,_RUN_1,234,72682,529861,602543,18258887,12.062542,VERTIFIED,DATA
DATA,DATASET,S0,CPU_ONLY,_RUN_1,235,76033,547060,623093,18881615,12.202512,VERTIFIED,DATA
DATA,DATASET,S0,CPU_ONLY,_RUN_1,236,72149,508206,580355,17586522,12.431874,VERTIFIED,DATA
DATA,DATASET,S0,CPU_ONLY,_RUN_1,237,72330,490921,563251,17068222,12.841522,VERTIFIED,DATA
DATA,DATASET,S0,CPU_ONLY,_RUN_1,238,66482,548336,614818,18630834,10.813281,VERTIFIED,DATA
DATA,DATASET,S0,CPU_ONLY,_RUN_1,239,68801,502671,571472,17317320,12.039260,VERTIFIED,DATA
DATA,DATASET,S0,CPU_ONLY,_RUN_1,240,73969,506894,580863,17601898,12.734328,VERTIFIED,DATA
DATA,DATASET,S0,CPU_ONLY,_RUN_1,241,73916,497713,571629,17322092,12.930765,VERTIFIED,DATA
DATA,DATASET,S0,CPU_ONLY,_RUN_1,242,69245,543789,613034,18576774,11.295458,VERTIFIED,DATA
DATA,DATASET,S0,CPU_ONLY,_RUN_1,243,71192,502401,573593,17381597,12.411588,VERTIFIED,DATA
DATA,DATASET,S0,CPU_ONLY,_RUN_1,244,69293,520008,589301,17857592,11.758507,VERTIFIED,DATA
DATA,DATASET,S0,CPU_ONLY,_RUN_1,245,66396,488810,555206,16824423,11.958804,VERTIFIED,DATA
DATA,DATASET,S0,CPU_ONLY,_RUN_1,246,72053,513445,585498,17742371,12.306276,VERTIFIED,DATA
DATA,DATASET,S0,CPU_ONLY,_RUN_1,247,66343,535623,601966,18241390,11.021054,VERTIFIED,DATA
DATA,DATASET,S0,CPU_ONLY,_RUN_1,248,71931,508202,580133,17579791,12.399053,VERTIFIED,DATA
DATA,DATASET,S0,CPU_ONLY,_RUN_1,249,71318,539793,611111,18518507,11.670220,VERTIFIED,DATA
DATA,DATASET,S0,CPU_ONLY,_RUN_1,250,68836,524140,592976,17968980,11.608564,VERTIFIED,DATA
DATA,DATASET,S0,CPU_ONLY,_RUN_1,251,70059,495320,565379,17132707,12.391511,VERTIFIED,DATA
DATA,DATASET,S0,CPU_ONLY,_RUN_1,252,73870,524404,598274,18129521,12.347185,VERTIFIED,DATA
DATA,DATASET,S0,CPU_ONLY,_RUN_1,253,66774,509070,575844,17449831,11.595849,VERTIFIED,DATA
DATA,DATASET,S0,CPU_ONLY,_RUN_1,254,80427,495987,576414,17467087,13.952992,VERTIFIED,DATA
DATA,DATASET,S0,CPU_ONLY,_RUN_1,255,70033,524522,594555,18016811,11.779062,VERTIFIED,DATA
DATA,DATASET,S0,CPU_ONLY,_RUN_1,256,70888,505985,576873,17480990,12.288320,VERTIFIED,DATA
DATA,DATASET,S0,CPU_ONLY,_RUN_1,257,73004,516192,589196,17854433,12.390444,VERTIFIED,DATA
DATA,DATASET,S0,CPU_ONLY,_RUN_1,258,71323,553784,625107,18942637,11.409727,VERTIFIED,DATA
DATA,DATASET,S0,CPU_ONLY,_RUN_1,259,77151,481384,558535,16925307,13.813100,VERTIFIED,DATA
DATA,DATASET,S0,CPU_ONLY,_RUN_1,260,67881,529892,597773,18114337,11.355648,VERTIFIED,DATA
DATA,DATASET,S0,CPU_ONLY,_RUN_1,261,77216,520185,597401,18103046,12.925322,VERTIFIED,DATA
DATA,DATASET,S0,CPU_ONLY,_RUN_1,262,63906,521315,585221,17733967,10.919977,VERTIFIED,DATA
DATA,DATASET,S0,CPU_ONLY,_RUN_1,263,76508,531037,607545,18410456,12.592977,VERTIFIED,DATA
DATA,DATASET,S0,CPU_ONLY,_RUN_1,264,76995,521459,598454,18134982,12.865650,VERTIFIED,DATA
DATA,DATASET,S0,CPU_ONLY,_RUN_1,265,71175,502426,573601,17381841,12.408451,VERTIFIED,DATA
DATA,DATASET,S0,CPU_ONLY,_RUN_1,266,73539,504512,578051,17516700,12.721888,VERTIFIED,DATA
DATA,DATASET,S0,CPU_ONLY,_RUN_1,267,72152,523051,595203,18036443,12.122251,VERTIFIED,DATA
DATA,DATASET,S0,CPU_ONLY,_RUN_1,268,70427,519326,589753,17871303,11.941779,VERTIFIED,DATA
DATA,DATASET,S0,CPU_ONLY,_RUN_1,269,84849,521422,606271,18371863,13.995227,VERTIFIED,DATA
DATA,DATASET,S0,CPU_ONLY,_RUN_1,270,72911,508450,581361,17617015,12.541433,VERTIFIED,DATA
DATA,DATASET,S0,CPU_ONLY,_RUN_1,271,73349,539345,612694,18566492,11.971555,VERTIFIED,DATA
DATA,DATASET,S0,CPU_ONLY,_RUN_1,272,69206,515498,584704,17718305,11.836074,VERTIFIED,DATA
DATA,DATASET,S0,CPU_ONLY,_RUN_1,273,72423,545814,618237,18734447,11.714440,VERTIFIED,DATA
DATA,DATASET,S0,CPU_ONLY,_RUN_1,274,71450,536021,607471,18408210,11.761878,VERTIFIED,DATA
DATA,DATASET,S0,CPU_ONLY,_RUN_1,275,68968,505689,574657,17413847,12.001594,VERTIFIED,DATA
DATA,DATASET,S0,CPU_ONLY,_RUN_1,276,66625,546325,612950,18574255,10.869565,VERTIFIED,DATA
DATA,DATASET,S0,CPU_ONLY,_RUN_1,277,69548,509506,579054,17547092,12.010624,VERTIFIED,DATA
DATA,DATASET,S0,CPU_ONLY,_RUN_1,278,71492,531491,602983,18272215,11.856387,VERTIFIED,DATA
DATA,DATASET,S0,CPU_ONLY,_RUN_1,279,70293,499422,569715,17264104,12.338274,VERTIFIED,DATA
DATA,DATASET,S0,CPU_ONLY,_RUN_1,280,69146,538188,607334,18404049,11.385169,VERTIFIED,DATA
DATA,DATASET,S0,CPU_ONLY,_RUN_1,281,65164,525034,590198,17884778,11.041040,VERTIFIED,DATA
DATA,DATASET,S0,CPU_ONLY,_RUN_1,282,65579,527100,592679,17959968,11.064843,VERTIFIED,DATA
DATA,DATASET,S0,CPU_ONLY,_RUN_1,283,74093,496424,570517,17288404,12.986992,VERTIFIED,DATA
DATA,DATASET,S0,CPU_ONLY,_RUN_1,284,67591,533827,601418,18224784,11.238606,VERTIFIED,DATA
DATA,DATASET,S0,CPU_ONLY,_RUN_1,285,68104,508192,576296,17463502,11.817538,VERTIFIED,DATA
DATA,DATASET,S0,CPU_ONLY,_RUN_1,286,74442,530746,605188,18339033,12.300640,VERTIFIED,DATA
DATA,DATASET,S0,CPU_ONLY,_RUN_1,287,76251,536598,612849,18571178,12.442053,VERTIFIED,DATA
DATA,DATASET,S0,CPU_ONLY,_RUN_1,288,73313,508815,582128,17640234,12.593966,VERTIFIED,DATA
DATA,DATASET,S0,CPU_ONLY,_RUN_1,289,71268,523354,594622,18018856,11.985429,VERTIFIED,DATA
DATA,DATASET,S0,CPU_ONLY,_RUN_1,290,76153,528303,604456,18316858,12.598601,VERTIFIED,DATA
DATA,DATASET,S0,CPU_ONLY,_RUN_1,291,70930,497272,568202,17218234,12.483237,VERTIFIED,DATA
DATA,DATASET,S0,CPU_ONLY,_RUN_1,292,70454,478271,548725,16628034,12.839583,VERTIFIED,DATA
DATA,DATASET,S0,CPU_ONLY,_RUN_1,293,77497,503440,580937,17604142,13.340001,VERTIFIED,DATA
DATA,DATASET,S0,CPU_ONLY,_RUN_1,294,73291,524105,597396,18102915,12.268412,VERTIFIED,DATA
DATA,DATASET,S0,CPU_ONLY,_RUN_1,295,73165,533221,606386,18375332,12.065747,VERTIFIED,DATA
DATA,DATASET,S0,CPU_ONLY,_RUN_1,296,69430,540400,609830,18479700,11.385140,VERTIFIED,DATA
DATA,DATASET,S0,CPU_ONLY,_RUN_1,297,68413,500719,569132,17246421,12.020586,VERTIFIED,DATA
DATA,DATASET,S0,CPU_ONLY,_RUN_1,298,76300,536899,613199,18581790,12.442943,VERTIFIED,DATA
DATA,DATASET,S0,CPU_ONLY,_RUN_1,299,74298,515950,590248,17886312,12.587590,VERTIFIED,DATA
DATA,DATASET,S0,CPU_ONLY,_RUN_1,300,69527,545932,615459,18650281,11.296772,VERTIFIED,DATA
DATA,DATASET,S0,CPU_MATMUL,_RUN_1,1,59944,535454,595398,18042367,10.067887,VERTIFIED,DATA
DATA,DATASET,S0,CPU_MATMUL,_RUN_1,2,56141,510888,567029,17182702,9.900905,VERTIFIED,DATA
DATA,DATASET,S0,CPU_MATMUL,_RUN_1,3,65542,519296,584838,17722353,11.206864,VERTIFIED,DATA
DATA,DATASET,S0,CPU_MATMUL,_RUN_1,4,62824,548847,611671,18535485,10.270881,VERTIFIED,DATA
DATA,DATASET,S0,CPU_MATMUL,_RUN_1,5,64190,544557,608747,18446893,10.544610,VERTIFIED,DATA
DATA,DATASET,S0,CPU_MATMUL,_RUN_1,6,60593,542107,602700,18263627,10.053592,VERTIFIED,DATA
DATA,DATASET,S0,CPU_MATMUL,_RUN_1,7,61337,519049,580386,17587445,10.568311,VERTIFIED,DATA
DATA,DATASET,S0,CPU_MATMUL,_RUN_1,8,64614,533957,598571,18138517,10.794709,VERTIFIED,DATA
DATA,DATASET,S0,CPU_MATMUL,_RUN_1,9,64098,531730,595828,18055398,10.757803,VERTIFIED,DATA
DATA,DATASET,S0,CPU_MATMUL,_RUN_1,10,60198,503613,563811,17085179,10.676982,VERTIFIED,DATA
DATA,DATASET,S0,CPU_MATMUL,_RUN_1,11,62301,527152,589453,17862208,10.569291,VERTIFIED,DATA
DATA,DATASET,S0,CPU_MATMUL,_RUN_1,12,69688,522830,592518,17955094,11.761330,VERTIFIED,DATA
DATA,DATASET,S0,CPU_MATMUL,_RUN_1,13,66440,574766,641206,19430499,10.361725,VERTIFIED,DATA
DATA,DATASET,S0,CPU_MATMUL,_RUN_1,14,65276,529519,594795,18024079,10.974537,VERTIFIED,DATA
DATA,DATASET,S0,CPU_MATMUL,_RUN_1,15,64936,519669,584605,17715297,11.107671,VERTIFIED,DATA
DATA,DATASET,S0,CPU_MATMUL,_RUN_1,16,60950,508392,569342,17252799,10.705341,VERTIFIED,DATA
DATA,DATASET,S0,CPU_MATMUL,_RUN_1,17,62970,517809,580779,17599351,10.842334,VERTIFIED,DATA
DATA,DATASET,S0,CPU_MATMUL,_RUN_1,18,67233,537048,604281,18311546,11.126115,VERTIFIED,DATA
DATA,DATASET,S0,CPU_MATMUL,_RUN_1,19,65467,545439,610906,18512295,10.716379,VERTIFIED,DATA
DATA,DATASET,S0,CPU_MATMUL,_RUN_1,20,57081,534522,591603,17927376,9.648531,VERTIFIED,DATA
DATA,DATASET,S0,CPU_MATMUL,_RUN_1,21,57751,546386,604137,18307195,9.559256,VERTIFIED,DATA
DATA,DATASET,S0,CPU_MATMUL,_RUN_1,22,55352,552379,607731,18416091,9.107977,VERTIFIED,DATA
DATA,DATASET,S0,CPU_MATMUL,_RUN_1,23,67761,513044,580805,17600155,11.666738,VERTIFIED,DATA
DATA,DATASET,S0,CPU_MATMUL,_RUN_1,24,57380,557967,615347,18646869,9.324820,VERTIFIED,DATA
DATA,DATASET,S0,CPU_MATMUL,_RUN_1,25,70204,488498,558702,16930370,12.565554,VERTIFIED,DATA
DATA,DATASET,S0,CPU_MATMUL,_RUN_1,26,65401,517396,582797,17660504,11.221918,VERTIFIED,DATA
DATA,DATASET,S0,CPU_MATMUL,_RUN_1,27,59933,522008,581941,17634583,10.298810,VERTIFIED,DATA
DATA,DATASET,S0,CPU_MATMUL,_RUN_1,28,64407,515509,579916,17573225,11.106264,VERTIFIED,DATA
DATA,DATASET,S0,CPU_MATMUL,_RUN_1,29,62073,529022,591095,17911981,10.501358,VERTIFIED,DATA
DATA,DATASET,S0,CPU_MATMUL,_RUN_1,30,66126,514773,580899,17603003,11.383390,VERTIFIED,DATA
DATA,DATASET,S0,CPU_MATMUL,_RUN_1,31,62166,521946,584112,17700352,10.642822,VERTIFIED,DATA
DATA,DATASET,S0,CPU_MATMUL,_RUN_1,32,64370,530386,594756,18022924,10.822926,VERTIFIED,DATA
DATA,DATASET,S0,CPU_MATMUL,_RUN_1,33,58688,528637,587325,17797738,9.992423,VERTIFIED,DATA
DATA,DATASET,S0,CPU_MATMUL,_RUN_1,34,63076,525949,589025,17849255,10.708544,VERTIFIED,DATA
DATA,DATASET,S0,CPU_MATMUL,_RUN_1,35,58830,543675,602505,18257721,9.764234,VERTIFIED,DATA
DATA,DATASET,S0,CPU_MATMUL,_RUN_1,36,59546,501488,561034,17001020,10.613617,VERTIFIED,DATA
DATA,DATASET,S0,CPU_MATMUL,_RUN_1,37,63049,520946,583995,17696829,10.796154,VERTIFIED,DATA
DATA,DATASET,S0,CPU_MATMUL,_RUN_1,38,66931,523937,590868,17905085,11.327572,VERTIFIED,DATA
DATA,DATASET,S0,CPU_MATMUL,_RUN_1,39,65139,540098,605237,18340528,10.762561,VERTIFIED,DATA
DATA,DATASET,S0,CPU_MATMUL,_RUN_1,40,64607,494731,559338,16949647,11.550619,VERTIFIED,DATA
DATA,DATASET,S0,CPU_MATMUL,_RUN_1,41,63470,490315,553785,16781376,11.461127,VERTIFIED,DATA
DATA,DATASET,S0,CPU_MATMUL,_RUN_1,42,62680,533002,595682,18050974,10.522393,VERTIFIED,DATA
DATA,DATASET,S0,CPU_MATMUL,_RUN_1,43,64761,541932,606693,18384630,10.674427,VERTIFIED,DATA
DATA,DATASET,S0,CPU_MATMUL,_RUN_1,44,60576,526897,587473,17802220,10.311282,VERTIFIED,DATA
DATA,DATASET,S0,CPU_MATMUL,_RUN_1,45,57318,598721,656039,19879970,8.736981,VERTIFIED,DATA
DATA,DATASET,S0,CPU_MATMUL,_RUN_1,46,59518,500400,559918,16967199,10.629771,VERTIFIED,DATA
DATA,DATASET,S0,CPU_MATMUL,_RUN_1,47,64796,510231,575027,17425065,11.268340,VERTIFIED,DATA
DATA,DATASET,S0,CPU_MATMUL,_RUN_1,48,67999,526785,594784,18023772,11.432554,VERTIFIED,DATA
DATA,DATASET,S0,CPU_MATMUL,_RUN_1,49,62671,519037,581708,17627510,10.773618,VERTIFIED,DATA
DATA,DATASET,S0,CPU_MATMUL,_RUN_1,50,58502,548937,607439,18407254,9.630926,VERTIFIED,DATA
DATA,DATASET,S0,CPU_MATMUL,_RUN_1,51,62733,553721,616454,18680416,10.176428,VERTIFIED,DATA
DATA,DATASET,S0,CPU_MATMUL,_RUN_1,52,64445,518247,582692,17657347,11.059874,VERTIFIED,DATA
DATA,DATASET,S0,CPU_MATMUL,_RUN_1,53,63708,541712,605420,18346049,10.522943,VERTIFIED,DATA
DATA,DATASET,S0,CPU_MATMUL,_RUN_1,54,57067,528729,585796,17751398,9.741787,VERTIFIED,DATA
DATA,DATASET,S0,CPU_MATMUL,_RUN_1,55,63041,543618,606659,18383619,10.391505,VERTIFIED,DATA
DATA,DATASET,S0,CPU_MATMUL,_RUN_1,56,58839,578018,636857,19298706,9.238966,VERTIFIED,DATA
DATA,DATASET,S0,CPU_MATMUL,_RUN_1,57,66252,504713,570965,17301967,11.603513,VERTIFIED,DATA
DATA,DATASET,S0,CPU_MATMUL,_RUN_1,58,57810,537409,595219,18036950,9.712392,VERTIFIED,DATA
DATA,DATASET,S0,CPU_MATMUL,_RUN_1,59,60296,526455,586751,17780345,10.276250,VERTIFIED,DATA
DATA,DATASET,S0,CPU_MATMUL,_RUN_1,60,59453,552605,612058,18547202,9.713622,VERTIFIED,DATA
DATA,DATASET,S0,CPU_MATMUL,_RUN_1,61,62018,525550,587568,17805103,10.555034,VERTIFIED,DATA
DATA,DATASET,S0,CPU_MATMUL,_RUN_1,62,60866,497314,558180,16914545,10.904368,VERTIFIED,DATA
DATA,DATASET,S0,CPU_MATMUL,_RUN_1,63,65208,516531,581739,17628444,11.209150,VERTIFIED,DATA
DATA,DATASET,S0,CPU_MATMUL,_RUN_1,64,62571,508889,571460,17316974,10.949323,VERTIFIED,DATA
DATA,DATASET,S0,CPU_MATMUL,_RUN_1,65,61793,505099,566892,17178538,10.900313,VERTIFIED,DATA
DATA,DATASET,S0,CPU_MATMUL,_RUN_1,66,60355,545548,605903,18360700,9.961165,VERTIFIED,DATA
DATA,DATASET,S0,CPU_MATMUL,_RUN_1,67,62758,569707,632465,19165605,9.922763,VERTIFIED,DATA
DATA,DATASET,S0,CPU_MATMUL,_RUN_1,68,59880,527869,587749,17810566,10.188022,VERTIFIED,DATA
DATA,DATASET,S0,CPU_MATMUL,_RUN_1,69,55579,531703,587282,17796426,9.463767,VERTIFIED,DATA
DATA,DATASET,S0,CPU_MATMUL,_RUN_1,70,60348,536667,597015,18091352,10.108289,VERTIFIED,DATA
DATA,DATASET,S0,CPU_MATMUL,_RUN_1,71,58999,541895,600894,18208911,9.818537,VERTIFIED,DATA
DATA,DATASET,S0,CPU_MATMUL,_RUN_1,72,65829,529424,595253,18037961,11.058995,VERTIFIED,DATA
DATA,DATASET,S0,CPU_MATMUL,_RUN_1,73,70164,510156,580320,17585453,12.090571,VERTIFIED,DATA
DATA,DATASET,S0,CPU_MATMUL,_RUN_1,74,60711,555031,615742,18658835,9.859811,VERTIFIED,DATA
DATA,DATASET,S0,CPU_MATMUL,_RUN_1,75,64916,507871,572787,17357192,11.333358,VERTIFIED,DATA
DATA,DATASET,S0,CPU_MATMUL,_RUN_1,76,62172,530504,592676,17959883,10.490049,VERTIFIED,DATA
DATA,DATASET,S0,CPU_MATMUL,_RUN_1,77,60136,545611,605747,18355976,9.927577,VERTIFIED,DATA
DATA,DATASET,S0,CPU_MATMUL,_RUN_1,78,57756,507329,565085,17123797,10.220763,VERTIFIED,DATA
DATA,DATASET,S0,CPU_MATMUL,_RUN_1,79,58719,538524,597243,18098287,9.831677,VERTIFIED,DATA
DATA,DATASET,S0,CPU_MATMUL,_RUN_1,80,62952,509521,572473,17347659,10.996501,VERTIFIED,DATA
DATA,DATASET,S0,CPU_MATMUL,_RUN_1,81,62074,511962,574036,17395033,10.813608,VERTIFIED,DATA
DATA,DATASET,S0,CPU_MATMUL,_RUN_1,82,66736,551411,618147,18731727,10.796137,VERTIFIED,DATA
DATA,DATASET,S0,CPU_MATMUL,_RUN_1,83,54263,567034,621297,18827194,8.733826,VERTIFIED,DATA
DATA,DATASET,S0,CPU_MATMUL,_RUN_1,84,62005,499538,561543,17016441,11.041897,VERTIFIED,DATA
DATA,DATASET,S0,CPU_MATMUL,_RUN_1,85,64554,524120,588674,17838602,10.966002,VERTIFIED,DATA
DATA,DATASET,S0,CPU_MATMUL,_RUN_1,86,61034,523710,584744,17719517,10.437730,VERTIFIED,DATA
DATA,DATASET,S0,CPU_MATMUL,_RUN_1,87,61684,527528,589212,17854897,10.468897,VERTIFIED,DATA
DATA,DATASET,S0,CPU_MATMUL,_RUN_1,88,64436,517478,581914,17633751,11.073114,VERTIFIED,DATA
DATA,DATASET,S0,CPU_MATMUL,_RUN_1,89,58077,534555,592632,17958535,9.799842,VERTIFIED,DATA
DATA,DATASET,S0,CPU_MATMUL,_RUN_1,90,63266,512266,575532,17440367,10.992612,VERTIFIED,DATA
DATA,DATASET,S0,CPU_MATMUL,_RUN_1,91,60164,531933,592097,17942341,10.161173,VERTIFIED,DATA
DATA,DATASET,S0,CPU_MATMUL,_RUN_1,92,68119,509854,577973,17514335,11.785845,VERTIFIED,DATA
DATA,DATASET,S0,CPU_MATMUL,_RUN_1,93,57267,544278,601545,18228646,9.519986,VERTIFIED,DATA
DATA,DATASET,S0,CPU_MATMUL,_RUN_1,94,62090,513393,575483,17438871,10.789198,VERTIFIED,DATA
DATA,DATASET,S0,CPU_MATMUL,_RUN_1,95,60236,554514,614750,18628792,9.798455,VERTIFIED,DATA
DATA,DATASET,S0,CPU_MATMUL,_RUN_1,96,62342,538979,601321,18221838,10.367508,VERTIFIED,DATA
DATA,DATASET,S0,CPU_MATMUL,_RUN_1,97,63856,526132,589988,17878434,10.823271,VERTIFIED,DATA
DATA,DATASET,S0,CPU_MATMUL,_RUN_1,98,63413,530390,593803,17994032,10.679131,VERTIFIED,DATA
DATA,DATASET,S0,CPU_MATMUL,_RUN_1,99,52323,497777,550100,16669709,9.511543,VERTIFIED,DATA
DATA,DATASET,S0,CPU_MATMUL,_RUN_1,100,62628,528560,591188,17914803,10.593584,VERTIFIED,DATA
DATA,DATASET,S0,CPU_MATMUL,_RUN_1,101,62223,514683,576906,17481992,10.785639,VERTIFIED,DATA
DATA,DATASET,S0,CPU_MATMUL,_RUN_1,102,63891,499072,562963,17059470,11.349058,VERTIFIED,DATA
DATA,DATASET,S0,CPU_MATMUL,_RUN_1,103,62765,574331,637096,19305934,9.851733,VERTIFIED,DATA
DATA,DATASET,S0,CPU_MATMUL,_RUN_1,104,64845,530566,595411,18042754,10.890796,VERTIFIED,DATA
DATA,DATASET,S0,CPU_MATMUL,_RUN_1,105,62317,521197,583514,17682246,10.679607,VERTIFIED,DATA
DATA,DATASET,S0,CPU_MATMUL,_RUN_1,106,66876,534187,601063,18214027,11.126288,VERTIFIED,DATA
DATA,DATASET,S0,CPU_MATMUL,_RUN_1,107,62296,513455,575751,17446992,10.819955,VERTIFIED,DATA
DATA,DATASET,S0,CPU_MATMUL,_RUN_1,108,63134,534552,597686,18111706,10.563072,VERTIFIED,DATA
DATA,DATASET,S0,CPU_MATMUL,_RUN_1,109,62310,530944,593254,17977387,10.503090,VERTIFIED,DATA
DATA,DATASET,S0,CPU_MATMUL,_RUN_1,110,59729,563732,623461,18892772,9.580230,VERTIFIED,DATA
DATA,DATASET,S0,CPU_MATMUL,_RUN_1,111,66277,539765,606042,18364913,10.936041,VERTIFIED,DATA
DATA,DATASET,S0,CPU_MATMUL,_RUN_1,112,59952,541387,601339,18222397,9.969751,VERTIFIED,DATA
DATA,DATASET,S0,CPU_MATMUL,_RUN_1,113,62085,562244,624329,18919062,9.944276,VERTIFIED,DATA
DATA,DATASET,S0,CPU_MATMUL,_RUN_1,114,62450,524378,586828,17782668,10.641960,VERTIFIED,DATA
DATA,DATASET,S0,CPU_MATMUL,_RUN_1,115,60395,513837,574232,17400984,10.517526,VERTIFIED,DATA
DATA,DATASET,S0,CPU_MATMUL,_RUN_1,116,63670,534225,597895,18118041,10.649027,VERTIFIED,DATA
DATA,DATASET,S0,CPU_MATMUL,_RUN_1,117,61895,538689,600584,18199511,10.305802,VERTIFIED,DATA
DATA,DATASET,S0,CPU_MATMUL,_RUN_1,118,62661,522393,585054,17728906,10.710293,VERTIFIED,DATA
DATA,DATASET,S0,CPU_MATMUL,_RUN_1,119,61955,517267,579222,17552175,10.696244,VERTIFIED,DATA
DATA,DATASET,S0,CPU_MATMUL,_RUN_1,120,57191,526353,583544,17683163,9.800632,VERTIFIED,DATA
DATA,DATASET,S0,CPU_MATMUL,_RUN_1,121,58931,518142,577073,17487073,10.212053,VERTIFIED,DATA
DATA,DATASET,S0,CPU_MATMUL,_RUN_1,122,63477,500063,563540,17076965,11.263974,VERTIFIED,DATA
DATA,DATASET,S0,CPU_MATMUL,_RUN_1,123,63862,545449,609311,18463974,10.481019,VERTIFIED,DATA
DATA,DATASET,S0,CPU_MATMUL,_RUN_1,124,67285,536495,603780,18296349,11.143960,VERTIFIED,DATA
DATA,DATASET,S0,CPU_MATMUL,_RUN_1,125,58569,532425,590994,17908919,9.910253,VERTIFIED,DATA
DATA,DATASET,S0,CPU_MATMUL,_RUN_1,126,62742,520627,583369,17677856,10.755114,VERTIFIED,DATA
DATA,DATASET,S0,CPU_MATMUL,_RUN_1,127,61645,533148,594793,18024021,10.364110,VERTIFIED,DATA
DATA,DATASET,S0,CPU_MATMUL,_RUN_1,128,65883,526391,592274,17947691,11.123737,VERTIFIED,DATA
DATA,DATASET,S0,CPU_MATMUL,_RUN_1,129,59128,543732,602860,18268495,9.807916,VERTIFIED,DATA
DATA,DATASET,S0,CPU_MATMUL,_RUN_1,130,59999,547865,607864,18420132,9.870464,VERTIFIED,DATA
DATA,DATASET,S0,CPU_MATMUL,_RUN_1,131,58549,528699,587248,17795399,9.970064,VERTIFIED,DATA
DATA,DATASET,S0,CPU_MATMUL,_RUN_1,132,56843,527731,584574,17714365,9.723833,VERTIFIED,DATA
DATA,DATASET,S0,CPU_MATMUL,_RUN_1,133,65188,526437,591625,17928021,11.018466,VERTIFIED,DATA
DATA,DATASET,S0,CPU_MATMUL,_RUN_1,134,59447,552519,611966,18544439,9.714102,VERTIFIED,DATA
DATA,DATASET,S0,CPU_MATMUL,_RUN_1,135,60620,545652,606272,18371890,9.998812,VERTIFIED,DATA
DATA,DATASET,S0,CPU_MATMUL,_RUN_1,136,63380,528727,592107,17942623,10.704146,VERTIFIED,DATA
DATA,DATASET,S0,CPU_MATMUL,_RUN_1,137,63665,529171,592836,17964739,10.739058,VERTIFIED,DATA
DATA,DATASET,S0,CPU_MATMUL,_RUN_1,138,57328,582597,639925,19391664,8.958550,VERTIFIED,DATA
DATA,DATASET,S0,CPU_MATMUL,_RUN_1,139,56745,554599,611344,18525562,9.282008,VERTIFIED,DATA
DATA,DATASET,S0,CPU_MATMUL,_RUN_1,140,63693,499939,563632,17079766,11.300458,VERTIFIED,DATA
DATA,DATASET,S0,CPU_MATMUL,_RUN_1,141,60747,515899,576646,17474130,10.534539,VERTIFIED,DATA
DATA,DATASET,S0,CPU_MATMUL,_RUN_1,142,61767,514452,576219,17461189,10.719362,VERTIFIED,DATA
DATA,DATASET,S0,CPU_MATMUL,_RUN_1,143,62321,521137,583458,17680546,10.681317,VERTIFIED,DATA
DATA,DATASET,S0,CPU_MATMUL,_RUN_1,144,64148,526747,590895,17905914,10.856074,VERTIFIED,DATA
DATA,DATASET,S0,CPU_MATMUL,_RUN_1,145,60305,497968,558273,16917364,10.802063,VERTIFIED,DATA
DATA,DATASET,S0,CPU_MATMUL,_RUN_1,146,60982,530895,591877,17935663,10.303154,VERTIFIED,DATA
DATA,DATASET,S0,CPU_MATMUL,_RUN_1,147,62832,486649,549481,16650943,11.434790,VERTIFIED,DATA
DATA,DATASET,S0,CPU_MATMUL,_RUN_1,148,62508,537123,599631,18170650,10.424411,VERTIFIED,DATA
DATA,DATASET,S0,CPU_MATMUL,_RUN_1,149,64578,540159,604737,18325355,10.678692,VERTIFIED,DATA
DATA,DATASET,S0,CPU_MATMUL,_RUN_1,150,61426,522988,584414,17709525,10.510700,VERTIFIED,DATA
DATA,DATASET,S0,CPU_MATMUL,_RUN_1,151,59579,548902,608481,18438809,9.791431,VERTIFIED,DATA
DATA,DATASET,S0,CPU_MATMUL,_RUN_1,152,57062,540703,597765,18114095,9.545892,VERTIFIED,DATA
DATA,DATASET,S0,CPU_MATMUL,_RUN_1,153,62643,511638,574281,17402449,10.908075,VERTIFIED,DATA
DATA,DATASET,S0,CPU_MATMUL,_RUN_1,154,67541,507710,575251,17431840,11.741136,VERTIFIED,DATA
DATA,DATASET,S0,CPU_MATMUL,_RUN_1,155,62320,518741,581061,17607905,10.725208,VERTIFIED,DATA
DATA,DATASET,S0,CPU_MATMUL,_RUN_1,156,63378,508560,571938,17331459,11.081271,VERTIFIED,DATA
DATA,DATASET,S0,CPU_MATMUL,_RUN_1,157,68604,524504,593108,17972984,11.566865,VERTIFIED,DATA
DATA,DATASET,S0,CPU_MATMUL,_RUN_1,158,62088,508828,570916,17300486,10.875155,VERTIFIED,DATA
DATA,DATASET,S0,CPU_MATMUL,_RUN_1,159,67336,583899,651235,19734392,10.339739,VERTIFIED,DATA
DATA,DATASET,S0,CPU_MATMUL,_RUN_1,160,62197,542280,604477,18317478,10.289391,VERTIFIED,DATA
DATA,DATASET,S0,CPU_MATMUL,_RUN_1,161,63447,518352,581799,17630260,10.905313,VERTIFIED,DATA
DATA,DATASET,S0,CPU_MATMUL,_RUN_1,162,66044,521758,587802,17812184,11.235756,VERTIFIED,DATA
DATA,DATASET,S0,CPU_MATMUL,_RUN_1,163,59111,537912,597023,18091608,9.900959,VERTIFIED,DATA
DATA,DATASET,S0,CPU_MATMUL,_RUN_1,164,59580,518333,577913,17512530,10.309510,VERTIFIED,DATA
DATA,DATASET,S0,CPU_MATMUL,_RUN_1,165,63291,514752,578043,17516440,10.949185,VERTIFIED,DATA
DATA,DATASET,S0,CPU_MATMUL,_RUN_1,166,62310,528514,590824,17903770,10.546288,VERTIFIED,DATA
DATA,DATASET,S0,CPU_MATMUL,_RUN_1,167,61716,531719,593435,17982876,10.399791,VERTIFIED,DATA
DATA,DATASET,S0,CPU_MATMUL,_RUN_1,168,63565,534269,597834,18116178,10.632550,VERTIFIED,DATA
DATA,DATASET,S0,CPU_MATMUL,_RUN_1,169,61413,543483,604896,18330177,10.152654,VERTIFIED,DATA
DATA,DATASET,S0,CPU_MATMUL,_RUN_1,170,62905,522221,585126,17731084,10.750676,VERTIFIED,DATA
DATA,DATASET,S0,CPU_MATMUL,_RUN_1,171,62450,523257,585707,17748711,10.662328,VERTIFIED,DATA
DATA,DATASET,S0,CPU_MATMUL,_RUN_1,172,60656,528834,589490,17863338,10.289572,VERTIFIED,DATA
DATA,DATASET,S0,CPU_MATMUL,_RUN_1,173,65446,504444,569890,17269386,11.483971,VERTIFIED,DATA
DATA,DATASET,S0,CPU_MATMUL,_RUN_1,174,61343,518679,580022,17576415,10.575978,VERTIFIED,DATA
DATA,DATASET,S0,CPU_MATMUL,_RUN_1,175,61092,535646,596738,18082974,10.237659,VERTIFIED,DATA
DATA,DATASET,S0,CPU_MATMUL,_RUN_1,176,64172,537345,601517,18227796,10.668360,VERTIFIED,DATA
DATA,DATASET,S0,CPU_MATMUL,_RUN_1,177,57878,518789,576667,17474758,10.036642,VERTIFIED,DATA
DATA,DATASET,S0,CPU_MATMUL,_RUN_1,178,64644,523685,588329,17828145,10.987730,VERTIFIED,DATA
DATA,DATASET,S0,CPU_MATMUL,_RUN_1,179,59149,514739,573888,17390543,10.306715,VERTIFIED,DATA
DATA,DATASET,S0,CPU_MATMUL,_RUN_1,180,57568,530708,588276,17826540,9.785883,VERTIFIED,DATA
DATA,DATASET,S0,CPU_MATMUL,_RUN_1,181,59238,501657,560895,16996827,10.561335,VERTIFIED,DATA
DATA,DATASET,S0,CPU_MATMUL,_RUN_1,182,57674,548445,606119,18367230,9.515293,VERTIFIED,DATA
DATA,DATASET,S0,CPU_MATMUL,_RUN_1,183,66133,515695,581828,17631141,11.366418,VERTIFIED,DATA
DATA,DATASET,S0,CPU_MATMUL,_RUN_1,184,60430,532237,592667,17959621,10.196282,VERTIFIED,DATA
DATA,DATASET,S0,CPU_MATMUL,_RUN_1,185,64384,557378,621762,18841258,10.355088,VERTIFIED,DATA
DATA,DATASET,S0,CPU_MATMUL,_RUN_1,186,68913,543464,612377,18556876,11.253362,VERTIFIED,DATA
DATA,DATASET,S0,CPU_MATMUL,_RUN_1,187,57861,510397,568258,17219936,10.182171,VERTIFIED,DATA
DATA,DATASET,S0,CPU_MATMUL,_RUN_1,188,58944,516525,575469,17438449,10.242776,VERTIFIED,DATA
DATA,DATASET,S0,CPU_MATMUL,_RUN_1,189,65150,546824,611974,18544654,10.645877,VERTIFIED,DATA
DATA,DATASET,S0,CPU_MATMUL,_RUN_1,190,62308,520277,582585,17654076,10.695092,VERTIFIED,DATA
DATA,DATASET,S0,CPU_MATMUL,_RUN_1,191,60964,544883,605847,18359010,10.062607,VERTIFIED,DATA
DATA,DATASET,S0,CPU_MATMUL,_RUN_1,192,58689,531589,590278,17887218,9.942603,VERTIFIED,DATA
DATA,DATASET,S0,CPU_MATMUL,_RUN_1,193,66173,517758,583931,17694882,11.332332,VERTIFIED,DATA
DATA,DATASET,S0,CPU_MATMUL,_RUN_1,194,60988,547793,608781,18447914,10.018052,VERTIFIED,DATA
DATA,DATASET,S0,CPU_MATMUL,_RUN_1,195,56740,507560,564300,17100000,10.054935,VERTIFIED,DATA
DATA,DATASET,S0,CPU_MATMUL,_RUN_1,196,59692,511411,571103,17306158,10.452055,VERTIFIED,DATA
DATA,DATASET,S0,CPU_MATMUL,_RUN_1,197,62281,532906,595187,18035968,10.464106,VERTIFIED,DATA
DATA,DATASET,S0,CPU_MATMUL,_RUN_1,198,62945,482416,545361,16526100,11.541896,VERTIFIED,DATA
DATA,DATASET,S0,CPU_MATMUL,_RUN_1,199,54771,540614,595385,18041958,9.199258,VERTIFIED,DATA
DATA,DATASET,S0,CPU_MATMUL,_RUN_1,200,58009,525073,583082,17669157,9.948686,VERTIFIED,DATA
DATA,DATASET,S0,CPU_MATMUL,_RUN_1,201,60422,524991,585413,17739794,10.321260,VERTIFIED,DATA
DATA,DATASET,S0,CPU_MATMUL,_RUN_1,202,58553,539058,597611,18109432,9.797845,VERTIFIED,DATA
DATA,DATASET,S0,CPU_MATMUL,_RUN_1,203,58866,525406,584272,17705218,10.075102,VERTIFIED,DATA
DATA,DATASET,S0,CPU_MATMUL,_RUN_1,204,58582,533414,591996,17939277,9.895675,VERTIFIED,DATA
DATA,DATASET,S0,CPU_MATMUL,_RUN_1,205,61924,534250,596174,18065887,10.386900,VERTIFIED,DATA
DATA,DATASET,S0,CPU_MATMUL,_RUN_1,206,58407,535102,593509,17985107,9.840963,VERTIFIED,DATA
DATA,DATASET,S0,CPU_MATMUL,_RUN_1,207,64306,513012,577318,17494470,11.138748,VERTIFIED,DATA
DATA,DATASET,S0,CPU_MATMUL,_RUN_1,208,64204,534293,598497,18136281,10.727539,VERTIFIED,DATA
DATA,DATASET,S0,CPU_MATMUL,_RUN_1,209,57441,534076,591517,17924763,9.710794,VERTIFIED,DATA
DATA,DATASET,S0,CPU_MATMUL,_RUN_1,210,59608,532201,591809,17933614,10.072169,VERTIFIED,DATA
DATA,DATASET,S0,CPU_MATMUL,_RUN_1,211,56955,505032,561987,17029905,10.134576,VERTIFIED,DATA
DATA,DATASET,S0,CPU_MATMUL,_RUN_1,212,62950,529280,592230,17946350,10.629316,VERTIFIED,DATA
DATA,DATASET,S0,CPU_MATMUL,_RUN_1,213,64724,502750,567474,17196181,11.405633,VERTIFIED,DATA
DATA,DATASET,S0,CPU_MATMUL,_RUN_1,214,58506,548618,607124,18397686,9.636582,VERTIFIED,DATA
DATA,DATASET,S0,CPU_MATMUL,_RUN_1,215,60618,542018,602636,18261690,10.058808,VERTIFIED,DATA
DATA,DATASET,S0,CPU_MATMUL,_RUN_1,216,58632,533846,592478,17953865,9.896064,VERTIFIED,DATA
DATA,DATASET,S0,CPU_MATMUL,_RUN_1,217,64172,549943,614115,18609542,10.449509,VERTIFIED,DATA
DATA,DATASET,S0,CPU_MATMUL,_RUN_1,218,57317,541119,598436,18134436,9.577799,VERTIFIED,DATA
DATA,DATASET,S0,CPU_MATMUL,_RUN_1,219,63224,540044,603268,18280862,10.480251,VERTIFIED,DATA
DATA,DATASET,S0,CPU_MATMUL,_RUN_1,220,65500,501345,566845,17177122,11.555187,VERTIFIED,DATA
DATA,DATASET,S0,CPU_MATMUL,_RUN_1,221,62880,513834,576714,17476185,10.903151,VERTIFIED,DATA
DATA,DATASET,S0,CPU_MATMUL,_RUN_1,222,57734,553813,611547,18531714,9.440648,VERTIFIED,DATA
DATA,DATASET,S0,CPU_MATMUL,_RUN_1,223,55846,521582,577428,17497824,9.671509,VERTIFIED,DATA
DATA,DATASET,S0,CPU_MATMUL,_RUN_1,224,61849,512222,574071,17396098,10.773754,VERTIFIED,DATA
DATA,DATASET,S0,CPU_MATMUL,_RUN_1,225,62488,537137,599625,18170461,10.421180,VERTIFIED,DATA
DATA,DATASET,S0,CPU_MATMUL,_RUN_1,226,60432,545526,605958,18362358,9.972968,VERTIFIED,DATA
DATA,DATASET,S0,CPU_MATMUL,_RUN_1,227,60276,516663,576939,17482989,10.447552,VERTIFIED,DATA
DATA,DATASET,S0,CPU_MATMUL,_RUN_1,228,62102,505108,567210,17188178,10.948679,VERTIFIED,DATA
DATA,DATASET,S0,CPU_MATMUL,_RUN_1,229,58518,526834,585352,17737945,9.997062,VERTIFIED,DATA
DATA,DATASET,S0,CPU_MATMUL,_RUN_1,230,60772,540290,601062,18213994,10.110771,VERTIFIED,DATA
DATA,DATASET,S0,CPU_MATMUL,_RUN_1,231,58768,523477,582245,17643785,10.093346,VERTIFIED,DATA
DATA,DATASET,S0,CPU_MATMUL,_RUN_1,232,68225,549487,617712,18718545,11.044791,VERTIFIED,DATA
DATA,DATASET,S0,CPU_MATMUL,_RUN_1,233,63430,528629,592059,17941196,10.713459,VERTIFIED,DATA
DATA,DATASET,S0,CPU_MATMUL,_RUN_1,234,63218,546106,609324,18464351,10.375104,VERTIFIED,DATA
DATA,DATASET,S0,CPU_MATMUL,_RUN_1,235,62497,526263,588760,17841212,10.615021,VERTIFIED,DATA
DATA,DATASET,S0,CPU_MATMUL,_RUN_1,236,61187,522276,583463,17680696,10.486869,VERTIFIED,DATA
DATA,DATASET,S0,CPU_MATMUL,_RUN_1,237,58510,534738,593248,17977222,9.862654,VERTIFIED,DATA
DATA,DATASET,S0,CPU_MATMUL,_RUN_1,238,61101,540400,601501,18227296,10.158088,VERTIFIED,DATA
DATA,DATASET,S0,CPU_MATMUL,_RUN_1,239,60087,511797,571884,17329822,10.506851,VERTIFIED,DATA
DATA,DATASET,S0,CPU_MATMUL,_RUN_1,240,63821,497809,561630,17019091,11.363531,VERTIFIED,DATA
DATA,DATASET,S0,CPU_MATMUL,_RUN_1,241,57595,506384,563979,17090264,10.212260,VERTIFIED,DATA
DATA,DATASET,S0,CPU_MATMUL,_RUN_1,242,62470,482440,544910,16512424,11.464279,VERTIFIED,DATA
DATA,DATASET,S0,CPU_MATMUL,_RUN_1,243,62026,539083,601109,18215420,10.318594,VERTIFIED,DATA
DATA,DATASET,S0,CPU_MATMUL,_RUN_1,244,62775,517243,580018,17576291,10.822940,VERTIFIED,DATA
DATA,DATASET,S0,CPU_MATMUL,_RUN_1,245,61845,509495,571340,17313322,10.824553,VERTIFIED,DATA
DATA,DATASET,S0,CPU_MATMUL,_RUN_1,246,57318,525723,583041,17667919,9.830870,VERTIFIED,DATA
DATA,DATASET,S0,CPU_MATMUL,_RUN_1,247,64348,505559,569907,17269899,11.290965,VERTIFIED,DATA
DATA,DATASET,S0,CPU_MATMUL,_RUN_1,248,58827,511175,570002,17272799,10.320490,VERTIFIED,DATA
DATA,DATASET,S0,CPU_MATMUL,_RUN_1,249,62472,538745,601217,18218703,10.390924,VERTIFIED,DATA
DATA,DATASET,S0,CPU_MATMUL,_RUN_1,250,64282,527906,592188,17945100,10.854999,VERTIFIED,DATA
DATA,DATASET,S0,CPU_MATMUL,_RUN_1,251,64194,524747,588941,17846696,10.899903,VERTIFIED,DATA
DATA,DATASET,S0,CPU_MATMUL,_RUN_1,252,58225,529050,587275,17796205,9.914435,VERTIFIED,DATA
DATA,DATASET,S0,CPU_MATMUL,_RUN_1,253,60668,554106,614774,18629518,9.868342,VERTIFIED,DATA
DATA,DATASET,S0,CPU_MATMUL,_RUN_1,254,62545,534198,596743,18083129,10.481061,VERTIFIED,DATA
DATA,DATASET,S0,CPU_MATMUL,_RUN_1,255,63022,532705,595727,18052342,10.579007,VERTIFIED,DATA
DATA,DATASET,S0,CPU_MATMUL,_RUN_1,256,60546,536056,596602,18078857,10.148474,VERTIFIED,DATA
DATA,DATASET,S0,CPU_MATMUL,_RUN_1,257,63877,523036,586913,17785250,10.883555,VERTIFIED,DATA
DATA,DATASET,S0,CPU_MATMUL,_RUN_1,258,61361,554630,615991,18666404,9.961347,VERTIFIED,DATA
DATA,DATASET,S0,CPU_MATMUL,_RUN_1,259,59450,523718,583168,17671748,10.194318,VERTIFIED,DATA
DATA,DATASET,S0,CPU_MATMUL,_RUN_1,260,57372,556269,613641,18595195,9.349440,VERTIFIED,DATA
DATA,DATASET,S0,CPU_MATMUL,_RUN_1,261,67465,528182,595647,18049907,11.326339,VERTIFIED,DATA
DATA,DATASET,S0,CPU_MATMUL,_RUN_1,262,60380,525126,585506,17742618,10.312448,VERTIFIED,DATA
DATA,DATASET,S0,CPU_MATMUL,_RUN_1,263,59721,508740,568461,17226088,10.505734,VERTIFIED,DATA
DATA,DATASET,S0,CPU_MATMUL,_RUN_1,264,59765,539619,599384,18163166,9.971070,VERTIFIED,DATA
DATA,DATASET,S0,CPU_MATMUL,_RUN_1,265,64183,521970,586153,17762222,10.949871,VERTIFIED,DATA
DATA,DATASET,S0,CPU_MATMUL,_RUN_1,266,66983,530724,597707,18112343,11.206661,VERTIFIED,DATA
DATA,DATASET,S0,CPU_MATMUL,_RUN_1,267,59832,516860,576692,17475506,10.375036,VERTIFIED,DATA
DATA,DATASET,S0,CPU_MATMUL,_RUN_1,268,60388,558355,618743,18749799,9.759787,VERTIFIED,DATA
DATA,DATASET,S0,CPU_MATMUL,_RUN_1,269,68228,487778,556006,16848654,12.271091,VERTIFIED,DATA
DATA,DATASET,S0,CPU_MATMUL,_RUN_1,270,61161,520518,581679,17626637,10.514562,VERTIFIED,DATA
DATA,DATASET,S0,CPU_MATMUL,_RUN_1,271,62106,533134,595240,18037561,10.433775,VERTIFIED,DATA
DATA,DATASET,S0,CPU_MATMUL,_RUN_1,272,57217,515760,572977,17362954,9.985916,VERTIFIED,DATA
DATA,DATASET,S0,CPU_MATMUL,_RUN_1,273,61355,533543,594898,18027202,10.313533,VERTIFIED,DATA
DATA,DATASET,S0,CPU_MATMUL,_RUN_1,274,56330,540543,596873,18087049,9.437519,VERTIFIED,DATA
DATA,DATASET,S0,CPU_MATMUL,_RUN_1,275,64950,526334,591284,17917683,10.984569,VERTIFIED,DATA
DATA,DATASET,S0,CPU_MATMUL,_RUN_1,276,63021,524159,587180,17793338,10.732825,VERTIFIED,DATA
DATA,DATASET,S0,CPU_MATMUL,_RUN_1,277,59138,513855,572993,17363420,10.320894,VERTIFIED,DATA
DATA,DATASET,S0,CPU_MATMUL,_RUN_1,278,58162,520331,578493,17530088,10.054054,VERTIFIED,DATA
DATA,DATASET,S0,CPU_MATMUL,_RUN_1,279,56401,539454,595855,18056225,9.465558,VERTIFIED,DATA
DATA,DATASET,S0,CPU_MATMUL,_RUN_1,280,61758,511615,573373,17374933,10.770999,VERTIFIED,DATA
DATA,DATASET,S0,CPU_MATMUL,_RUN_1,281,61768,510229,571997,17333256,10.798658,VERTIFIED,DATA
DATA,DATASET,S0,CPU_MATMUL,_RUN_1,282,63013,534310,597323,18100686,10.549234,VERTIFIED,DATA
DATA,DATASET,S0,CPU_MATMUL,_RUN_1,283,57979,538953,596932,18088849,9.712832,VERTIFIED,DATA
DATA,DATASET,S0,CPU_MATMUL,_RUN_1,284,60786,550423,611209,18521482,9.945207,VERTIFIED,DATA
DATA,DATASET,S0,CPU_MATMUL,_RUN_1,285,60787,529093,589880,17875163,10.304977,VERTIFIED,DATA
DATA,DATASET,S0,CPU_MATMUL,_RUN_1,286,60310,565184,625494,18954372,9.641979,VERTIFIED,DATA
DATA,DATASET,S0,CPU_MATMUL,_RUN_1,287,62657,561148,623805,18903185,10.044325,VERTIFIED,DATA
DATA,DATASET,S0,CPU_MATMUL,_RUN_1,288,62533,530272,592805,17963787,10.548663,VERTIFIED,DATA
DATA,DATASET,S0,CPU_MATMUL,_RUN_1,289,63113,514035,577148,17489326,10.935323,VERTIFIED,DATA
DATA,DATASET,S0,CPU_MATMUL,_RUN_1,290,63469,552014,615483,18651010,10.312064,VERTIFIED,DATA
DATA,DATASET,S0,CPU_MATMUL,_RUN_1,291,65355,545901,611256,18522921,10.691920,VERTIFIED,DATA
DATA,DATASET,S0,CPU_MATMUL,_RUN_1,292,64214,512405,576619,17473292,11.136296,VERTIFIED,DATA
DATA,DATASET,S0,CPU_MATMUL,_RUN_1,293,59310,535350,594660,18020006,9.973767,VERTIFIED,DATA
DATA,DATASET,S0,CPU_MATMUL,_RUN_1,294,62586,536124,598710,18142742,10.453475,VERTIFIED,DATA
DATA,DATASET,S0,CPU_MATMUL,_RUN_1,295,56379,531946,588325,17828033,9.582969,VERTIFIED,DATA
DATA,DATASET,S0,CPU_MATMUL,_RUN_1,296,63406,551538,614944,18634671,10.310858,VERTIFIED,DATA
DATA,DATASET,S0,CPU_MATMUL,_RUN_1,297,65517,535092,600609,18200287,10.908428,VERTIFIED,DATA
DATA,DATASET,S0,CPU_MATMUL,_RUN_1,298,60886,521558,582444,17649828,10.453537,VERTIFIED,DATA
DATA,DATASET,S0,CPU_MATMUL,_RUN_1,299,61643,537827,599470,18165759,10.282917,VERTIFIED,DATA
DATA,DATASET,S0,CPU_MATMUL,_RUN_1,300,63936,520523,584459,17710869,10.939347,VERTIFIED,DATA
DATA,DATASET,S0,SCENE_CONTROLLER,_RUN_1,1,1711,549596,551307,16706283,0.310353,VERTIFIED,DATA
DATA,DATASET,S0,SCENE_CONTROLLER,_RUN_1,2,1767,537972,539739,16355731,0.327380,VERTIFIED,DATA
DATA,DATASET,S0,SCENE_CONTROLLER,_RUN_1,3,1745,528442,530187,16066267,0.329129,VERTIFIED,DATA
DATA,DATASET,S0,SCENE_CONTROLLER,_RUN_1,4,1726,530114,531840,16116358,0.324534,VERTIFIED,DATA
DATA,DATASET,S0,SCENE_CONTROLLER,_RUN_1,5,1706,530559,532265,16129244,0.320517,VERTIFIED,DATA
DATA,DATASET,S0,SCENE_CONTROLLER,_RUN_1,6,1730,502656,504386,15284435,0.342991,VERTIFIED,DATA
DATA,DATASET,S0,SCENE_CONTROLLER,_RUN_1,7,1748,512067,513815,15570161,0.340200,VERTIFIED,DATA
DATA,DATASET,S0,SCENE_CONTROLLER,_RUN_1,8,1716,532526,534242,16189161,0.321203,VERTIFIED,DATA
DATA,DATASET,S0,SCENE_CONTROLLER,_RUN_1,9,1707,544338,546045,16546816,0.312612,VERTIFIED,DATA
DATA,DATASET,S0,SCENE_CONTROLLER,_RUN_1,10,1748,550165,551913,16724622,0.316717,VERTIFIED,DATA
DATA,DATASET,S0,SCENE_CONTROLLER,_RUN_1,11,1725,531687,533412,16164007,0.323390,VERTIFIED,DATA
DATA,DATASET,S0,SCENE_CONTROLLER,_RUN_1,12,1756,525987,527743,15992225,0.332738,VERTIFIED,DATA
DATA,DATASET,S0,SCENE_CONTROLLER,_RUN_1,13,1714,527175,528889,16026934,0.324076,VERTIFIED,DATA
DATA,DATASET,S0,SCENE_CONTROLLER,_RUN_1,14,1684,516099,517783,15690397,0.325233,VERTIFIED,DATA
DATA,DATASET,S0,SCENE_CONTROLLER,_RUN_1,15,1724,541631,543355,16465289,0.317288,VERTIFIED,DATA
DATA,DATASET,S0,SCENE_CONTROLLER,_RUN_1,16,1753,540961,542714,16445882,0.323006,VERTIFIED,DATA
DATA,DATASET,S0,SCENE_CONTROLLER,_RUN_1,17,1740,529619,531359,16101783,0.327462,VERTIFIED,DATA
DATA,DATASET,S0,SCENE_CONTROLLER,_RUN_1,18,1721,554087,555808,16842679,0.309639,VERTIFIED,DATA
DATA,DATASET,S0,SCENE_CONTROLLER,_RUN_1,19,1741,540517,542258,16432052,0.321065,VERTIFIED,DATA
DATA,DATASET,S0,SCENE_CONTROLLER,_RUN_1,20,1742,541457,543199,16460572,0.320693,VERTIFIED,DATA
DATA,DATASET,S0,SCENE_CONTROLLER,_RUN_1,21,1704,560704,562408,17042670,0.302983,VERTIFIED,DATA
DATA,DATASET,S0,SCENE_CONTROLLER,_RUN_1,22,1713,532963,534676,16202310,0.320381,VERTIFIED,DATA
DATA,DATASET,S0,SCENE_CONTROLLER,_RUN_1,23,1737,562530,564267,17098997,0.307833,VERTIFIED,DATA
DATA,DATASET,S0,SCENE_CONTROLLER,_RUN_1,24,1729,555717,557446,16892305,0.310165,VERTIFIED,DATA
DATA,DATASET,S0,SCENE_CONTROLLER,_RUN_1,25,1735,531295,533030,16152430,0.325498,VERTIFIED,DATA
DATA,DATASET,S0,SCENE_CONTROLLER,_RUN_1,26,1745,545409,547154,16580417,0.318923,VERTIFIED,DATA
DATA,DATASET,S0,SCENE_CONTROLLER,_RUN_1,27,1734,542170,543904,16481942,0.318806,VERTIFIED,DATA
DATA,DATASET,S0,SCENE_CONTROLLER,_RUN_1,28,1712,528570,530282,16069156,0.322847,VERTIFIED,DATA
DATA,DATASET,S0,SCENE_CONTROLLER,_RUN_1,29,1701,518845,520546,15774122,0.326772,VERTIFIED,DATA
DATA,DATASET,S0,SCENE_CONTROLLER,_RUN_1,30,1695,525792,527487,15984460,0.321335,VERTIFIED,DATA
DATA,DATASET,S0,SCENE_CONTROLLER,_RUN_1,31,1714,545674,547388,16587505,0.313123,VERTIFIED,DATA
DATA,DATASET,S0,SCENE_CONTROLLER,_RUN_1,32,1731,528656,530387,16072328,0.326365,VERTIFIED,DATA
DATA,DATASET,S0,SCENE_CONTROLLER,_RUN_1,33,1728,538658,540386,16375324,0.319771,VERTIFIED,DATA
DATA,DATASET,S0,SCENE_CONTROLLER,_RUN_1,34,1755,518338,520093,15760401,0.337440,VERTIFIED,DATA
DATA,DATASET,S0,SCENE_CONTROLLER,_RUN_1,35,1694,562155,563849,17086329,0.300435,VERTIFIED,DATA
DATA,DATASET,S0,SCENE_CONTROLLER,_RUN_1,36,1751,535739,537490,16287580,0.325774,VERTIFIED,DATA
DATA,DATASET,S0,SCENE_CONTROLLER,_RUN_1,37,1771,540967,542738,16446619,0.326308,VERTIFIED,DATA
DATA,DATASET,S0,SCENE_CONTROLLER,_RUN_1,38,1722,548488,550210,16673030,0.312971,VERTIFIED,DATA
DATA,DATASET,S0,SCENE_CONTROLLER,_RUN_1,39,1749,530317,532066,16123223,0.328719,VERTIFIED,DATA
DATA,DATASET,S0,SCENE_CONTROLLER,_RUN_1,40,1709,548000,549709,16657834,0.310892,VERTIFIED,DATA
DATA,DATASET,S0,SCENE_CONTROLLER,_RUN_1,41,1738,549441,551179,16702398,0.315324,VERTIFIED,DATA
DATA,DATASET,S0,SCENE_CONTROLLER,_RUN_1,42,1706,510569,512275,15523498,0.333024,VERTIFIED,DATA
DATA,DATASET,S0,SCENE_CONTROLLER,_RUN_1,43,1709,534699,536408,16254788,0.318601,VERTIFIED,DATA
DATA,DATASET,S0,SCENE_CONTROLLER,_RUN_1,44,1738,536864,538602,16321268,0.322687,VERTIFIED,DATA
DATA,DATASET,S0,SCENE_CONTROLLER,_RUN_1,45,1704,521481,523185,15854088,0.325697,VERTIFIED,DATA
DATA,DATASET,S0,SCENE_CONTROLLER,_RUN_1,46,1719,548541,550260,16674533,0.312398,VERTIFIED,DATA
DATA,DATASET,S0,SCENE_CONTROLLER,_RUN_1,47,1730,542748,544478,16499329,0.317736,VERTIFIED,DATA
DATA,DATASET,S0,SCENE_CONTROLLER,_RUN_1,48,1680,531977,533657,16171436,0.314809,VERTIFIED,DATA
DATA,DATASET,S0,SCENE_CONTROLLER,_RUN_1,49,1724,516916,518640,15716374,0.332408,VERTIFIED,DATA
DATA,DATASET,S0,SCENE_CONTROLLER,_RUN_1,50,1739,555348,557087,16881437,0.312160,VERTIFIED,DATA
DATA,DATASET,S0,SCENE_CONTROLLER,_RUN_1,51,1737,527527,529264,16038306,0.328192,VERTIFIED,DATA
DATA,DATASET,S0,SCENE_CONTROLLER,_RUN_1,52,1705,527271,528976,16029584,0.322321,VERTIFIED,DATA
DATA,DATASET,S0,SCENE_CONTROLLER,_RUN_1,53,1692,553388,555080,16820621,0.304821,VERTIFIED,DATA
DATA,DATASET,S0,SCENE_CONTROLLER,_RUN_1,54,1744,553156,554900,16815159,0.314291,VERTIFIED,DATA
DATA,DATASET,S0,SCENE_CONTROLLER,_RUN_1,55,1702,539630,541332,16404005,0.314410,VERTIFIED,DATA
DATA,DATASET,S0,SCENE_CONTROLLER,_RUN_1,56,1730,541146,542876,16450783,0.318673,VERTIFIED,DATA
DATA,DATASET,S0,SCENE_CONTROLLER,_RUN_1,57,1732,552762,554494,16802862,0.312357,VERTIFIED,DATA
DATA,DATASET,S0,SCENE_CONTROLLER,_RUN_1,58,1731,520134,521865,15814093,0.331695,VERTIFIED,DATA
DATA,DATASET,S0,SCENE_CONTROLLER,_RUN_1,59,1698,529416,531114,16094371,0.319705,VERTIFIED,DATA
DATA,DATASET,S0,SCENE_CONTROLLER,_RUN_1,60,1725,521277,523002,15848546,0.329827,VERTIFIED,DATA
DATA,DATASET,S0,SCENE_CONTROLLER,_RUN_1,61,1755,557820,559575,16956804,0.313631,VERTIFIED,DATA
DATA,DATASET,S0,SCENE_CONTROLLER,_RUN_1,62,1743,549490,551233,16704027,0.316200,VERTIFIED,DATA
DATA,DATASET,S0,SCENE_CONTROLLER,_RUN_1,63,1713,533841,535554,16228908,0.319856,VERTIFIED,DATA
DATA,DATASET,S0,SCENE_CONTROLLER,_RUN_1,64,1746,551924,553670,16777869,0.315350,VERTIFIED,DATA
DATA,DATASET,S0,SCENE_CONTROLLER,_RUN_1,65,1793,535152,536945,16271058,0.333926,VERTIFIED,DATA
DATA,DATASET,S0,SCENE_CONTROLLER,_RUN_1,66,1774,570100,571874,17329508,0.310208,VERTIFIED,DATA
DATA,DATASET,S0,SCENE_CONTROLLER,_RUN_1,67,1763,551693,553456,16771402,0.318544,VERTIFIED,DATA
DATA,DATASET,S0,SCENE_CONTROLLER,_RUN_1,68,1743,516943,518686,15717760,0.336041,VERTIFIED,DATA
DATA,DATASET,S0,SCENE_CONTROLLER,_RUN_1,69,1733,528599,530332,16070652,0.326776,VERTIFIED,DATA
DATA,DATASET,S0,SCENE_CONTROLLER,_RUN_1,70,1786,507986,509772,15447644,0.350353,VERTIFIED,DATA
DATA,DATASET,S0,SCENE_CONTROLLER,_RUN_1,71,1785,524733,526518,15955093,0.339020,VERTIFIED,DATA
DATA,DATASET,S0,SCENE_CONTROLLER,_RUN_1,72,1741,529630,531371,16102151,0.327643,VERTIFIED,DATA
DATA,DATASET,S0,SCENE_CONTROLLER,_RUN_1,73,1755,541202,542957,16453242,0.323230,VERTIFIED,DATA
DATA,DATASET,S0,SCENE_CONTROLLER,_RUN_1,74,1747,519078,520825,15782561,0.335429,VERTIFIED,DATA
DATA,DATASET,S0,SCENE_CONTROLLER,_RUN_1,75,1750,547990,549740,16658798,0.318332,VERTIFIED,DATA
DATA,DATASET,S0,SCENE_CONTROLLER,_RUN_1,76,1727,522916,524643,15898272,0.329176,VERTIFIED,DATA
DATA,DATASET,S0,SCENE_CONTROLLER,_RUN_1,77,1752,536529,538281,16311548,0.325481,VERTIFIED,DATA
DATA,DATASET,S0,SCENE_CONTROLLER,_RUN_1,78,1750,539555,541305,16403180,0.323293,VERTIFIED,DATA
DATA,DATASET,S0,SCENE_CONTROLLER,_RUN_1,79,1752,515764,517516,15682317,0.338540,VERTIFIED,DATA
DATA,DATASET,S0,SCENE_CONTROLLER,_RUN_1,80,1739,524908,526647,15959001,0.330202,VERTIFIED,DATA
DATA,DATASET,S0,SCENE_CONTROLLER,_RUN_1,81,1716,527421,529137,16034452,0.324302,VERTIFIED,DATA
DATA,DATASET,S0,SCENE_CONTROLLER,_RUN_1,82,1695,544666,546361,16556382,0.310234,VERTIFIED,DATA
DATA,DATASET,S0,SCENE_CONTROLLER,_RUN_1,83,1728,507326,509054,15425883,0.339453,VERTIFIED,DATA
DATA,DATASET,S0,SCENE_CONTROLLER,_RUN_1,84,1771,541005,542776,16447751,0.326286,VERTIFIED,DATA
DATA,DATASET,S0,SCENE_CONTROLLER,_RUN_1,85,1736,537738,539474,16347697,0.321795,VERTIFIED,DATA
DATA,DATASET,S0,SCENE_CONTROLLER,_RUN_1,86,1717,549337,551054,16698598,0.311585,VERTIFIED,DATA
DATA,DATASET,S0,SCENE_CONTROLLER,_RUN_1,87,1706,533843,535549,16228744,0.318552,VERTIFIED,DATA
DATA,DATASET,S0,SCENE_CONTROLLER,_RUN_1,88,1705,538040,539745,16355913,0.315890,VERTIFIED,DATA
DATA,DATASET,S0,SCENE_CONTROLLER,_RUN_1,89,1750,561605,563355,17071371,0.310639,VERTIFIED,DATA
DATA,DATASET,S0,SCENE_CONTROLLER,_RUN_1,90,1742,522883,524625,15897736,0.332047,VERTIFIED,DATA
DATA,DATASET,S0,SCENE_CONTROLLER,_RUN_1,91,1726,512689,514415,15588334,0.335527,VERTIFIED,DATA
DATA,DATASET,S0,SCENE_CONTROLLER,_RUN_1,92,1739,521611,523350,15859081,0.332282,VERTIFIED,DATA
DATA,DATASET,S0,SCENE_CONTROLLER,_RUN_1,93,1768,503400,505168,15308107,0.349983,VERTIFIED,DATA
DATA,DATASET,S0,SCENE_CONTROLLER,_RUN_1,94,1737,560986,562723,17052224,0.308678,VERTIFIED,DATA
DATA,DATASET,S0,SCENE_CONTROLLER,_RUN_1,95,1704,551574,553278,16765994,0.307983,VERTIFIED,DATA
DATA,DATASET,S0,SCENE_CONTROLLER,_RUN_1,96,1665,532141,533806,16175950,0.311911,VERTIFIED,DATA
DATA,DATASET,S0,SCENE_CONTROLLER,_RUN_1,97,1739,540449,542188,16429926,0.320737,VERTIFIED,DATA
DATA,DATASET,S0,SCENE_CONTROLLER,_RUN_1,98,1726,535435,537161,16277591,0.321319,VERTIFIED,DATA
DATA,DATASET,S0,SCENE_CONTROLLER,_RUN_1,99,1763,520202,521965,15817107,0.337762,VERTIFIED,DATA
DATA,DATASET,S0,SCENE_CONTROLLER,_RUN_1,100,1724,524861,526585,15957127,0.327393,VERTIFIED,DATA
DATA,DATASET,S0,SCENE_CONTROLLER,_RUN_1,101,1704,536422,538126,16306855,0.316654,VERTIFIED,DATA
DATA,DATASET,S0,SCENE_CONTROLLER,_RUN_1,102,1744,556244,557988,16908729,0.312552,VERTIFIED,DATA
DATA,DATASET,S0,SCENE_CONTROLLER,_RUN_1,103,1731,543013,544744,16507387,0.317764,VERTIFIED,DATA
DATA,DATASET,S0,SCENE_CONTROLLER,_RUN_1,104,1749,518616,520365,15768623,0.336110,VERTIFIED,DATA
DATA,DATASET,S0,SCENE_CONTROLLER,_RUN_1,105,1737,540043,541780,16417577,0.320610,VERTIFIED,DATA
DATA,DATASET,S0,SCENE_CONTROLLER,_RUN_1,106,1757,532090,533847,16177191,0.329121,VERTIFIED,DATA
DATA,DATASET,S0,SCENE_CONTROLLER,_RUN_1,107,1783,525001,526784,15963139,0.338469,VERTIFIED,DATA
DATA,DATASET,S0,SCENE_CONTROLLER,_RUN_1,108,1757,530003,531760,16113925,0.330412,VERTIFIED,DATA
DATA,DATASET,S0,SCENE_CONTROLLER,_RUN_1,109,1703,534914,536617,16261116,0.317359,VERTIFIED,DATA
DATA,DATASET,S0,SCENE_CONTROLLER,_RUN_1,110,1684,530220,531904,16118307,0.316598,VERTIFIED,DATA
DATA,DATASET,S0,SCENE_CONTROLLER,_RUN_1,111,1763,526397,528160,16004835,0.333800,VERTIFIED,DATA
DATA,DATASET,S0,SCENE_CONTROLLER,_RUN_1,112,1723,518968,520691,15778516,0.330906,VERTIFIED,DATA
DATA,DATASET,S0,SCENE_CONTROLLER,_RUN_1,113,1718,538822,540540,16380006,0.317830,VERTIFIED,DATA
DATA,DATASET,S0,SCENE_CONTROLLER,_RUN_1,114,1691,529638,531329,16100888,0.318259,VERTIFIED,DATA
DATA,DATASET,S0,SCENE_CONTROLLER,_RUN_1,115,1710,533721,535431,16225168,0.319369,VERTIFIED,DATA
DATA,DATASET,S0,SCENE_CONTROLLER,_RUN_1,116,1754,538955,540709,16385108,0.324389,VERTIFIED,DATA
DATA,DATASET,S0,SCENE_CONTROLLER,_RUN_1,117,1766,543561,545327,16525057,0.323842,VERTIFIED,DATA
DATA,DATASET,S0,SCENE_CONTROLLER,_RUN_1,118,1747,531115,532862,16147331,0.327852,VERTIFIED,DATA
DATA,DATASET,S0,SCENE_CONTROLLER,_RUN_1,119,1759,547502,549261,16644266,0.320248,VERTIFIED,DATA
DATA,DATASET,S0,SCENE_CONTROLLER,_RUN_1,120,1703,541176,542879,16450867,0.313698,VERTIFIED,DATA
DATA,DATASET,S0,SCENE_CONTROLLER,_RUN_1,121,1760,564330,566090,17154256,0.310905,VERTIFIED,DATA
DATA,DATASET,S0,SCENE_CONTROLLER,_RUN_1,122,1744,525673,527417,15982330,0.330668,VERTIFIED,DATA
DATA,DATASET,S0,SCENE_CONTROLLER,_RUN_1,123,1722,548966,550688,16687508,0.312700,VERTIFIED,DATA
DATA,DATASET,S0,SCENE_CONTROLLER,_RUN_1,124,1743,550466,552209,16733605,0.315641,VERTIFIED,DATA
DATA,DATASET,S0,SCENE_CONTROLLER,_RUN_1,125,1727,539272,540999,16393919,0.319224,VERTIFIED,DATA
DATA,DATASET,S0,SCENE_CONTROLLER,_RUN_1,126,1705,539587,541292,16402774,0.314987,VERTIFIED,DATA
DATA,DATASET,S0,SCENE_CONTROLLER,_RUN_1,127,1717,543309,545026,16515935,0.315031,VERTIFIED,DATA
DATA,DATASET,S0,SCENE_CONTROLLER,_RUN_1,128,1732,530239,531971,16120345,0.325582,VERTIFIED,DATA
DATA,DATASET,S0,SCENE_CONTROLLER,_RUN_1,129,1733,519668,521401,15800020,0.332374,VERTIFIED,DATA
DATA,DATASET,S0,SCENE_CONTROLLER,_RUN_1,130,1741,536750,538491,16317917,0.323311,VERTIFIED,DATA
DATA,DATASET,S0,SCENE_CONTROLLER,_RUN_1,131,1710,537665,539375,16344701,0.317034,VERTIFIED,DATA
DATA,DATASET,S0,SCENE_CONTROLLER,_RUN_1,132,1757,551289,553046,16758971,0.317695,VERTIFIED,DATA
DATA,DATASET,S0,SCENE_CONTROLLER,_RUN_1,133,1696,551563,553259,16765413,0.306547,VERTIFIED,DATA
DATA,DATASET,S0,SCENE_CONTROLLER,_RUN_1,134,1705,539810,541515,16409534,0.314857,VERTIFIED,DATA
DATA,DATASET,S0,SCENE_CONTROLLER,_RUN_1,135,1701,524341,526042,15940678,0.323358,VERTIFIED,DATA
DATA,DATASET,S0,SCENE_CONTROLLER,_RUN_1,136,1739,514100,515839,15631495,0.337121,VERTIFIED,DATA
DATA,DATASET,S0,SCENE_CONTROLLER,_RUN_1,137,1738,515353,517091,15669425,0.336111,VERTIFIED,DATA
DATA,DATASET,S0,SCENE_CONTROLLER,_RUN_1,138,1734,517813,519547,15743861,0.333752,VERTIFIED,DATA
DATA,DATASET,S0,SCENE_CONTROLLER,_RUN_1,139,1699,540066,541765,16417111,0.313605,VERTIFIED,DATA
DATA,DATASET,S0,SCENE_CONTROLLER,_RUN_1,140,1680,537304,538984,16332845,0.311698,VERTIFIED,DATA
DATA,DATASET,S0,SCENE_CONTROLLER,_RUN_1,141,1696,559638,561334,17010111,0.302137,VERTIFIED,DATA
DATA,DATASET,S0,SCENE_CONTROLLER,_RUN_1,142,1769,545166,546935,16573787,0.323439,VERTIFIED,DATA
DATA,DATASET,S0,SCENE_CONTROLLER,_RUN_1,143,1724,518184,519908,15754780,0.331597,VERTIFIED,DATA
DATA,DATASET,S0,SCENE_CONTROLLER,_RUN_1,144,1719,541259,542978,16453890,0.316587,VERTIFIED,DATA
DATA,DATASET,S0,SCENE_CONTROLLER,_RUN_1,145,1701,522125,523826,15873521,0.324726,VERTIFIED,DATA
DATA,DATASET,S0,SCENE_CONTROLLER,_RUN_1,146,1740,532129,533869,16177840,0.325923,VERTIFIED,DATA
DATA,DATASET,S0,SCENE_CONTROLLER,_RUN_1,147,1751,525692,527443,15983136,0.331979,VERTIFIED,DATA
DATA,DATASET,S0,SCENE_CONTROLLER,_RUN_1,148,1750,539617,541367,16405052,0.323256,VERTIFIED,DATA
DATA,DATASET,S0,SCENE_CONTROLLER,_RUN_1,149,1711,530974,532685,16141980,0.321203,VERTIFIED,DATA
DATA,DATASET,S0,SCENE_CONTROLLER,_RUN_1,150,1684,541040,542724,16446170,0.310287,VERTIFIED,DATA
DATA,DATASET,S0,SCENE_CONTROLLER,_RUN_1,151,1753,524352,526105,15942586,0.333203,VERTIFIED,DATA
DATA,DATASET,S0,SCENE_CONTROLLER,_RUN_1,152,1732,550449,552181,16732754,0.313665,VERTIFIED,DATA
DATA,DATASET,S0,SCENE_CONTROLLER,_RUN_1,153,1716,513047,514763,15598884,0.333357,VERTIFIED,DATA
DATA,DATASET,S0,SCENE_CONTROLLER,_RUN_1,154,1739,523982,525721,15930941,0.330784,VERTIFIED,DATA
DATA,DATASET,S0,SCENE_CONTROLLER,_RUN_1,155,1700,550748,552448,16740855,0.307721,VERTIFIED,DATA
DATA,DATASET,S0,SCENE_CONTROLLER,_RUN_1,156,1764,551932,553696,16778659,0.318586,VERTIFIED,DATA
DATA,DATASET,S0,SCENE_CONTROLLER,_RUN_1,157,1747,507018,508765,15417115,0.343381,VERTIFIED,DATA
DATA,DATASET,S0,SCENE_CONTROLLER,_RUN_1,158,1748,539488,541236,16401093,0.322964,VERTIFIED,DATA
DATA,DATASET,S0,SCENE_CONTROLLER,_RUN_1,159,1694,532084,533778,16175092,0.317360,VERTIFIED,DATA
DATA,DATASET,S0,SCENE_CONTROLLER,_RUN_1,160,1696,541401,543097,16457486,0.312283,VERTIFIED,DATA
DATA,DATASET,S0,SCENE_CONTROLLER,_RUN_1,161,1727,535817,537544,16289226,0.321276,VERTIFIED,DATA
DATA,DATASET,S0,SCENE_CONTROLLER,_RUN_1,162,1726,532279,534005,16181968,0.323218,VERTIFIED,DATA
DATA,DATASET,S0,SCENE_CONTROLLER,_RUN_1,163,1790,516846,518636,15716243,0.345136,VERTIFIED,DATA
DATA,DATASET,S0,SCENE_CONTROLLER,_RUN_1,164,1719,537631,539350,16343937,0.318717,VERTIFIED,DATA
DATA,DATASET,S0,SCENE_CONTROLLER,_RUN_1,165,1717,534621,536338,16252658,0.320134,VERTIFIED,DATA
DATA,DATASET,S0,SCENE_CONTROLLER,_RUN_1,166,1712,539273,540985,16393486,0.316460,VERTIFIED,DATA
DATA,DATASET,S0,SCENE_CONTROLLER,_RUN_1,167,1711,547415,549126,16640189,0.311586,VERTIFIED,DATA
DATA,DATASET,S0,SCENE_CONTROLLER,_RUN_1,168,1774,524835,526609,15957835,0.336872,VERTIFIED,DATA
DATA,DATASET,S0,SCENE_CONTROLLER,_RUN_1,169,1735,542753,544488,16499629,0.318648,VERTIFIED,DATA
DATA,DATASET,S0,SCENE_CONTROLLER,_RUN_1,170,1753,535589,537342,16283088,0.326235,VERTIFIED,DATA
DATA,DATASET,S0,SCENE_CONTROLLER,_RUN_1,171,1767,521266,523033,15849475,0.337837,VERTIFIED,DATA
DATA,DATASET,S0,SCENE_CONTROLLER,_RUN_1,172,1755,521263,523018,15849019,0.335553,VERTIFIED,DATA
DATA,DATASET,S0,SCENE_CONTROLLER,_RUN_1,173,1738,547620,549358,16647205,0.316369,VERTIFIED,DATA
DATA,DATASET,S0,SCENE_CONTROLLER,_RUN_1,174,1728,527802,529530,16046375,0.326327,VERTIFIED,DATA
DATA,DATASET,S0,SCENE_CONTROLLER,_RUN_1,175,1773,552192,553965,16786815,0.320056,VERTIFIED,DATA
DATA,DATASET,S0,SCENE_CONTROLLER,_RUN_1,176,1752,529852,531604,16109206,0.329569,VERTIFIED,DATA
DATA,DATASET,S0,SCENE_CONTROLLER,_RUN_1,177,1713,528366,530079,16063013,0.323159,VERTIFIED,DATA
DATA,DATASET,S0,SCENE_CONTROLLER,_RUN_1,178,1738,549040,550778,16690231,0.315554,VERTIFIED,DATA
DATA,DATASET,S0,SCENE_CONTROLLER,_RUN_1,179,1722,564599,566321,17161242,0.304068,VERTIFIED,DATA
DATA,DATASET,S0,SCENE_CONTROLLER,_RUN_1,180,1759,553473,555232,16825222,0.316805,VERTIFIED,DATA
DATA,DATASET,S0,SCENE_CONTROLLER,_RUN_1,181,1724,529248,530972,16090053,0.324688,VERTIFIED,DATA
DATA,DATASET,S0,SCENE_CONTROLLER,_RUN_1,182,1696,535279,536975,16271965,0.315843,VERTIFIED,DATA
DATA,DATASET,S0,SCENE_CONTROLLER,_RUN_1,183,1711,530628,532339,16131487,0.321412,VERTIFIED,DATA
DATA,DATASET,S0,SCENE_CONTROLLER,_RUN_1,184,1741,530855,532596,16139279,0.326889,VERTIFIED,DATA
DATA,DATASET,S0,SCENE_CONTROLLER,_RUN_1,185,1755,517350,519105,15730450,0.338082,VERTIFIED,DATA
DATA,DATASET,S0,SCENE_CONTROLLER,_RUN_1,186,1708,536796,538504,16318295,0.317175,VERTIFIED,DATA
DATA,DATASET,S0,SCENE_CONTROLLER,_RUN_1,187,1730,535581,537311,16282154,0.321974,VERTIFIED,DATA
DATA,DATASET,S0,SCENE_CONTROLLER,_RUN_1,188,1708,536004,537712,16294299,0.317642,VERTIFIED,DATA
DATA,DATASET,S0,SCENE_CONTROLLER,_RUN_1,189,1759,553414,555173,16823425,0.316838,VERTIFIED,DATA
DATA,DATASET,S0,SCENE_CONTROLLER,_RUN_1,190,1675,533421,535096,16215042,0.313028,VERTIFIED,DATA
DATA,DATASET,S0,SCENE_CONTROLLER,_RUN_1,191,1708,536216,537924,16300740,0.317517,VERTIFIED,DATA
DATA,DATASET,S0,SCENE_CONTROLLER,_RUN_1,192,1649,564260,565909,17148758,0.291390,VERTIFIED,DATA
DATA,DATASET,S0,SCENE_CONTROLLER,_RUN_1,193,1684,538298,539982,16363103,0.311862,VERTIFIED,DATA
DATA,DATASET,S0,SCENE_CONTROLLER,_RUN_1,194,1783,521515,523298,15857507,0.340724,VERTIFIED,DATA
DATA,DATASET,S0,SCENE_CONTROLLER,_RUN_1,195,1735,540160,541895,16421062,0.320173,VERTIFIED,DATA
DATA,DATASET,S0,SCENE_CONTROLLER,_RUN_1,196,1740,516943,518683,15717652,0.335465,VERTIFIED,DATA
DATA,DATASET,S0,SCENE_CONTROLLER,_RUN_1,197,1737,528251,529988,16060252,0.327743,VERTIFIED,DATA
DATA,DATASET,S0,SCENE_CONTROLLER,_RUN_1,198,1803,540484,542287,16432952,0.332481,VERTIFIED,DATA
DATA,DATASET,S0,SCENE_CONTROLLER,_RUN_1,199,1709,535254,536963,16271609,0.318271,VERTIFIED,DATA
DATA,DATASET,S0,SCENE_CONTROLLER,_RUN_1,200,1739,533368,535107,16215357,0.324982,VERTIFIED,DATA
DATA,DATASET,S0,SCENE_CONTROLLER,_RUN_1,201,1732,523873,525605,15927427,0.329525,VERTIFIED,DATA
DATA,DATASET,S0,SCENE_CONTROLLER,_RUN_1,202,1704,548789,550493,16681594,0.309541,VERTIFIED,DATA
DATA,DATASET,S0,SCENE_CONTROLLER,_RUN_1,203,1707,537041,538748,16325704,0.316846,VERTIFIED,DATA
DATA,DATASET,S0,SCENE_CONTROLLER,_RUN_1,204,1728,550308,552036,16728359,0.313023,VERTIFIED,DATA
DATA,DATASET,S0,SCENE_CONTROLLER,_RUN_1,205,1763,541183,542946,16452901,0.324710,VERTIFIED,DATA
DATA,DATASET,S0,SCENE_CONTROLLER,_RUN_1,206,1687,553629,555316,16827772,0.303791,VERTIFIED,DATA
DATA,DATASET,S0,SCENE_CONTROLLER,_RUN_1,207,1709,498511,500220,15158176,0.341650,VERTIFIED,DATA
DATA,DATASET,S0,SCENE_CONTROLLER,_RUN_1,208,1716,522839,524555,15895593,0.327134,VERTIFIED,DATA
DATA,DATASET,S0,SCENE_CONTROLLER,_RUN_1,209,1745,526279,528024,16000735,0.330477,VERTIFIED,DATA
DATA,DATASET,S0,SCENE_CONTROLLER,_RUN_1,210,1741,523233,524974,15908299,0.331635,VERTIFIED,DATA
DATA,DATASET,S0,SCENE_CONTROLLER,_RUN_1,211,1729,537410,539139,16337539,0.320697,VERTIFIED,DATA
DATA,DATASET,S0,SCENE_CONTROLLER,_RUN_1,212,1771,515537,517308,15676015,0.342349,VERTIFIED,DATA
DATA,DATASET,S0,SCENE_CONTROLLER,_RUN_1,213,1692,541383,543075,16456819,0.311559,VERTIFIED,DATA
DATA,DATASET,S0,SCENE_CONTROLLER,_RUN_1,214,1719,526186,527905,15997119,0.325627,VERTIFIED,DATA
DATA,DATASET,S0,SCENE_CONTROLLER,_RUN_1,215,1769,534310,536079,16244828,0.329989,VERTIFIED,DATA
DATA,DATASET,S0,SCENE_CONTROLLER,_RUN_1,216,1740,558423,560163,16974638,0.310624,VERTIFIED,DATA
DATA,DATASET,S0,SCENE_CONTROLLER,_RUN_1,217,1757,553799,555556,16835041,0.316260,VERTIFIED,DATA
DATA,DATASET,S0,SCENE_CONTROLLER,_RUN_1,218,1673,526686,528359,16010870,0.316641,VERTIFIED,DATA
DATA,DATASET,S0,SCENE_CONTROLLER,_RUN_1,219,1710,537622,539332,16343397,0.317059,VERTIFIED,DATA
DATA,DATASET,S0,SCENE_CONTROLLER,_RUN_1,220,1727,535854,537581,16290330,0.321254,VERTIFIED,DATA
DATA,DATASET,S0,SCENE_CONTROLLER,_RUN_1,221,1746,534787,536533,16258581,0.325423,VERTIFIED,DATA
DATA,DATASET,S0,SCENE_CONTROLLER,_RUN_1,222,1743,543946,545689,16536032,0.319413,VERTIFIED,DATA
DATA,DATASET,S0,SCENE_CONTROLLER,_RUN_1,223,1709,532236,533945,16180153,0.320070,VERTIFIED,DATA
DATA,DATASET,S0,SCENE_CONTROLLER,_RUN_1,224,1729,543213,544942,16513381,0.317281,VERTIFIED,DATA
DATA,DATASET,S0,SCENE_CONTROLLER,_RUN_1,225,1729,555186,556915,16876207,0.310460,VERTIFIED,DATA
DATA,DATASET,S0,SCENE_CONTROLLER,_RUN_1,226,1744,524488,526232,15946427,0.331413,VERTIFIED,DATA
DATA,DATASET,S0,SCENE_CONTROLLER,_RUN_1,227,1723,543246,544969,16514210,0.316165,VERTIFIED,DATA
DATA,DATASET,S0,SCENE_CONTROLLER,_RUN_1,228,1736,535654,537390,16284534,0.323043,VERTIFIED,DATA
DATA,DATASET,S0,SCENE_CONTROLLER,_RUN_1,229,1691,526891,528582,16017634,0.319913,VERTIFIED,DATA
DATA,DATASET,S0,SCENE_CONTROLLER,_RUN_1,230,1684,514934,516618,15655104,0.325966,VERTIFIED,DATA
DATA,DATASET,S0,SCENE_CONTROLLER,_RUN_1,231,1740,552202,553942,16786127,0.314112,VERTIFIED,DATA
DATA,DATASET,S0,SCENE_CONTROLLER,_RUN_1,232,1706,555374,557080,16881227,0.306240,VERTIFIED,DATA
DATA,DATASET,S0,SCENE_CONTROLLER,_RUN_1,233,1705,547056,548761,16629128,0.310700,VERTIFIED,DATA
DATA,DATASET,S0,SCENE_CONTROLLER,_RUN_1,234,1736,545732,547468,16589936,0.317096,VERTIFIED,DATA
DATA,DATASET,S0,SCENE_CONTROLLER,_RUN_1,235,1748,548942,550690,16687578,0.317420,VERTIFIED,DATA
DATA,DATASET,S0,SCENE_CONTROLLER,_RUN_1,236,1720,551330,553050,16759084,0.311003,VERTIFIED,DATA
DATA,DATASET,S0,SCENE_CONTROLLER,_RUN_1,237,1720,530654,532374,16132543,0.323081,VERTIFIED,DATA
DATA,DATASET,S0,SCENE_CONTROLLER,_RUN_1,238,1758,532683,534441,16195183,0.328942,VERTIFIED,DATA
DATA,DATASET,S0,SCENE_CONTROLLER,_RUN_1,239,1745,539177,540922,16391573,0.322597,VERTIFIED,DATA
DATA,DATASET,S0,SCENE_CONTROLLER,_RUN_1,240,1717,545586,547303,16584945,0.313720,VERTIFIED,DATA
DATA,DATASET,S0,SCENE_CONTROLLER,_RUN_1,241,1686,543987,545673,16535547,0.308976,VERTIFIED,DATA
DATA,DATASET,S0,SCENE_CONTROLLER,_RUN_1,242,1749,557187,558936,16937464,0.312916,VERTIFIED,DATA
DATA,DATASET,S0,SCENE_CONTROLLER,_RUN_1,243,1749,545064,546813,16570089,0.319853,VERTIFIED,DATA
DATA,DATASET,S0,SCENE_CONTROLLER,_RUN_1,244,1703,544471,546174,16550730,0.311805,VERTIFIED,DATA
DATA,DATASET,S0,SCENE_CONTROLLER,_RUN_1,245,1770,531363,533133,16155560,0.332000,VERTIFIED,DATA
DATA,DATASET,S0,SCENE_CONTROLLER,_RUN_1,246,1671,544478,546149,16549981,0.305960,VERTIFIED,DATA
DATA,DATASET,S0,SCENE_CONTROLLER,_RUN_1,247,1700,533895,535595,16230156,0.317404,VERTIFIED,DATA
DATA,DATASET,S0,SCENE_CONTROLLER,_RUN_1,248,1752,529125,530877,16087184,0.330020,VERTIFIED,DATA
DATA,DATASET,S0,SCENE_CONTROLLER,_RUN_1,249,1727,535928,537655,16292563,0.321210,VERTIFIED,DATA
DATA,DATASET,S0,SCENE_CONTROLLER,_RUN_1,250,1766,533540,535306,16221383,0.329905,VERTIFIED,DATA
DATA,DATASET,S0,SCENE_CONTROLLER,_RUN_1,251,1714,535295,537009,16273013,0.319175,VERTIFIED,DATA
DATA,DATASET,S0,SCENE_CONTROLLER,_RUN_1,252,1736,563301,565037,17122319,0.307237,VERTIFIED,DATA
DATA,DATASET,S0,SCENE_CONTROLLER,_RUN_1,253,1731,531648,533379,16162990,0.324535,VERTIFIED,DATA
DATA,DATASET,S0,SCENE_CONTROLLER,_RUN_1,254,1783,516579,518362,15707932,0.343968,VERTIFIED,DATA
DATA,DATASET,S0,SCENE_CONTROLLER,_RUN_1,255,1675,530987,532662,16141281,0.314458,VERTIFIED,DATA
DATA,DATASET,S0,SCENE_CONTROLLER,_RUN_1,256,1722,538940,540662,16383708,0.318498,VERTIFIED,DATA
DATA,DATASET,S0,SCENE_CONTROLLER,_RUN_1,257,1715,551390,553105,16760754,0.310068,VERTIFIED,DATA
DATA,DATASET,S0,SCENE_CONTROLLER,_RUN_1,258,1724,550733,552457,16741130,0.312060,VERTIFIED,DATA
DATA,DATASET,S0,SCENE_CONTROLLER,_RUN_1,259,1707,530192,531899,16118163,0.320926,VERTIFIED,DATA
DATA,DATASET,S0,SCENE_CONTROLLER,_RUN_1,260,1718,522597,524315,15888320,0.327666,VERTIFIED,DATA
DATA,DATASET,S0,SCENE_CONTROLLER,_RUN_1,261,1689,521338,523027,15849316,0.322928,VERTIFIED,DATA
DATA,DATASET,S0,SCENE_CONTROLLER,_RUN_1,262,1781,548917,550698,16687813,0.323408,VERTIFIED,DATA
DATA,DATASET,S0,SCENE_CONTROLLER,_RUN_1,263,1716,536132,537848,16298439,0.319049,VERTIFIED,DATA
DATA,DATASET,S0,SCENE_CONTROLLER,_RUN_1,264,1753,543428,545181,16520633,0.321545,VERTIFIED,DATA
DATA,DATASET,S0,SCENE_CONTROLLER,_RUN_1,265,1736,538545,540281,16372138,0.321314,VERTIFIED,DATA
DATA,DATASET,S0,SCENE_CONTROLLER,_RUN_1,266,1743,558992,560735,16991959,0.310842,VERTIFIED,DATA
DATA,DATASET,S0,SCENE_CONTROLLER,_RUN_1,267,1693,547854,549547,16652933,0.308072,VERTIFIED,DATA
DATA,DATASET,S0,SCENE_CONTROLLER,_RUN_1,268,1738,563906,565644,17140725,0.307260,VERTIFIED,DATA
DATA,DATASET,S0,SCENE_CONTROLLER,_RUN_1,269,1707,538524,540231,16370623,0.315976,VERTIFIED,DATA
DATA,DATASET,S0,SCENE_CONTROLLER,_RUN_1,270,1738,539443,541181,16399435,0.321149,VERTIFIED,DATA
DATA,DATASET,S0,SCENE_CONTROLLER,_RUN_1,271,1718,551797,553515,16773167,0.310380,VERTIFIED,DATA
DATA,DATASET,S0,SCENE_CONTROLLER,_RUN_1,272,1729,526029,527758,15992662,0.327612,VERTIFIED,DATA
DATA,DATASET,S0,SCENE_CONTROLLER,_RUN_1,273,1736,539579,541315,16403473,0.320701,VERTIFIED,DATA
DATA,DATASET,S0,SCENE_CONTROLLER,_RUN_1,274,1709,553576,555285,16826833,0.307770,VERTIFIED,DATA
DATA,DATASET,S0,SCENE_CONTROLLER,_RUN_1,275,1758,527719,529477,16044770,0.332026,VERTIFIED,DATA
DATA,DATASET,S0,SCENE_CONTROLLER,_RUN_1,276,1710,533336,535046,16213504,0.319599,VERTIFIED,DATA
DATA,DATASET,S0,SCENE_CONTROLLER,_RUN_1,277,1716,537594,539310,16342721,0.318184,VERTIFIED,DATA
DATA,DATASET,S0,SCENE_CONTROLLER,_RUN_1,278,1766,551163,552929,16755425,0.319390,VERTIFIED,DATA
DATA,DATASET,S0,SCENE_CONTROLLER,_RUN_1,279,1688,542788,544476,16499282,0.310023,VERTIFIED,DATA
DATA,DATASET,S0,SCENE_CONTROLLER,_RUN_1,280,1740,525376,527116,15973212,0.330098,VERTIFIED,DATA
DATA,DATASET,S0,SCENE_CONTROLLER,_RUN_1,281,1708,552122,553830,16782720,0.308398,VERTIFIED,DATA
DATA,DATASET,S0,SCENE_CONTROLLER,_RUN_1,282,1683,538647,540330,16373641,0.311476,VERTIFIED,DATA
DATA,DATASET,S0,SCENE_CONTROLLER,_RUN_1,283,1719,529527,531246,16098376,0.323579,VERTIFIED,DATA
DATA,DATASET,S0,SCENE_CONTROLLER,_RUN_1,284,1716,527576,529292,16039156,0.324207,VERTIFIED,DATA
DATA,DATASET,S0,SCENE_CONTROLLER,_RUN_1,285,1774,531180,532954,16150132,0.332862,VERTIFIED,DATA
DATA,DATASET,S0,SCENE_CONTROLLER,_RUN_1,286,1720,535534,537254,16280428,0.320147,VERTIFIED,DATA
DATA,DATASET,S0,SCENE_CONTROLLER,_RUN_1,287,1792,526254,528046,16001390,0.339364,VERTIFIED,DATA
DATA,DATASET,S0,SCENE_CONTROLLER,_RUN_1,288,1709,550159,551868,16723268,0.309676,VERTIFIED,DATA
DATA,DATASET,S0,SCENE_CONTROLLER,_RUN_1,289,1700,540527,542227,16431121,0.313522,VERTIFIED,DATA
DATA,DATASET,S0,SCENE_CONTROLLER,_RUN_1,290,1738,533201,534939,16210281,0.324897,VERTIFIED,DATA
DATA,DATASET,S0,SCENE_CONTROLLER,_RUN_1,291,1728,534129,535857,16238088,0.322474,VERTIFIED,DATA
DATA,DATASET,S0,SCENE_CONTROLLER,_RUN_1,292,1733,518981,520714,15779218,0.332812,VERTIFIED,DATA
DATA,DATASET,S0,SCENE_CONTROLLER,_RUN_1,293,1687,542435,544122,16488555,0.310041,VERTIFIED,DATA
DATA,DATASET,S0,SCENE_CONTROLLER,_RUN_1,294,1738,538559,540297,16372631,0.321675,VERTIFIED,DATA
DATA,DATASET,S0,SCENE_CONTROLLER,_RUN_1,295,1675,535001,536676,16262910,0.312106,VERTIFIED,DATA
DATA,DATASET,S0,SCENE_CONTROLLER,_RUN_1,296,1756,545200,546956,16574439,0.321050,VERTIFIED,DATA
DATA,DATASET,S0,SCENE_CONTROLLER,_RUN_1,297,1769,523986,525755,15931964,0.336469,VERTIFIED,DATA
DATA,DATASET,S0,SCENE_CONTROLLER,_RUN_1,298,1767,552591,554358,16798717,0.318747,VERTIFIED,DATA
DATA,DATASET,S0,SCENE_CONTROLLER,_RUN_1,299,1764,543164,544928,16512959,0.323712,VERTIFIED,DATA
DATA,DATASET,S0,SCENE_CONTROLLER,_RUN_1,300,1816,559690,561506,17015339,0.323416,VERTIFIED,DATA
DATA,DATASET,S1,CPU_ONLY,_RUN_1,1,196978,387417,584395,17708944,33.706312,VERTIFIED,DATA
DATA,DATASET,S1,CPU_ONLY,_RUN_1,2,196009,391282,587291,17796709,33.375107,VERTIFIED,DATA
DATA,DATASET,S1,CPU_ONLY,_RUN_1,3,195260,380826,576086,17457158,33.894245,VERTIFIED,DATA
DATA,DATASET,S1,CPU_ONLY,_RUN_1,4,193698,403731,597429,18103897,32.421928,VERTIFIED,DATA
DATA,DATASET,S1,CPU_ONLY,_RUN_1,5,181485,420052,601537,18228409,30.170214,VERTIFIED,DATA
DATA,DATASET,S1,CPU_ONLY,_RUN_1,6,192633,386695,579328,17555398,33.251112,VERTIFIED,DATA
DATA,DATASET,S1,CPU_ONLY,_RUN_1,7,212039,373052,585091,17730045,36.240346,VERTIFIED,DATA
DATA,DATASET,S1,CPU_ONLY,_RUN_1,8,172507,410324,582831,17661536,29.598117,VERTIFIED,DATA
DATA,DATASET,S1,CPU_ONLY,_RUN_1,9,193832,412286,606118,18367197,31.979252,VERTIFIED,DATA
DATA,DATASET,S1,CPU_ONLY,_RUN_1,10,195384,405609,600993,18211917,32.510196,VERTIFIED,DATA
DATA,DATASET,S1,CPU_ONLY,_RUN_1,11,181031,420427,601458,18226008,30.098694,VERTIFIED,DATA
DATA,DATASET,S1,CPU_ONLY,_RUN_1,12,189543,400437,589980,17878167,32.127021,VERTIFIED,DATA
DATA,DATASET,S1,CPU_ONLY,_RUN_1,13,188420,385129,573549,17380274,32.851596,VERTIFIED,DATA
DATA,DATASET,S1,CPU_ONLY,_RUN_1,14,185126,407957,593083,17972200,31.214181,VERTIFIED,DATA
DATA,DATASET,S1,CPU_ONLY,_RUN_1,15,185648,419445,605093,18336139,30.680904,VERTIFIED,DATA
DATA,DATASET,S1,CPU_ONLY,_RUN_1,16,190198,364842,555040,16819391,34.267440,VERTIFIED,DATA
DATA,DATASET,S1,CPU_ONLY,_RUN_1,17,189128,416006,605134,18337397,31.253904,VERTIFIED,DATA
DATA,DATASET,S1,CPU_ONLY,_RUN_1,18,218468,387024,605492,18348233,36.081071,VERTIFIED,DATA
DATA,DATASET,S1,CPU_ONLY,_RUN_1,19,182150,401544,583694,17687684,31.206420,VERTIFIED,DATA
DATA,DATASET,S1,CPU_ONLY,_RUN_1,20,186270,410603,596873,18087055,31.207644,VERTIFIED,DATA
DATA,DATASET,S1,CPU_ONLY,_RUN_1,21,181487,412310,593797,17993857,30.563812,VERTIFIED,DATA
DATA,DATASET,S1,CPU_ONLY,_RUN_1,22,190011,393838,583849,17692391,32.544545,VERTIFIED,DATA
DATA,DATASET,S1,CPU_ONLY,_RUN_1,23,191879,405343,597222,18097632,32.128589,VERTIFIED,DATA
DATA,DATASET,S1,CPU_ONLY,_RUN_1,24,197547,374968,572515,17348925,34.505122,VERTIFIED,DATA
DATA,DATASET,S1,CPU_ONLY,_RUN_1,25,194622,375407,570029,17273607,34.142473,VERTIFIED,DATA
DATA,DATASET,S1,CPU_ONLY,_RUN_1,26,198009,412429,610438,18498113,32.437201,VERTIFIED,DATA
DATA,DATASET,S1,CPU_ONLY,_RUN_1,27,198644,428629,627273,19008277,31.667870,VERTIFIED,DATA
DATA,DATASET,S1,CPU_ONLY,_RUN_1,28,187198,400451,587649,17807556,31.855410,VERTIFIED,DATA
DATA,DATASET,S1,CPU_ONLY,_RUN_1,29,213027,354402,567429,17194830,37.542494,VERTIFIED,DATA
DATA,DATASET,S1,CPU_ONLY,_RUN_1,30,191515,391140,582655,17656216,32.869365,VERTIFIED,DATA
DATA,DATASET,S1,CPU_ONLY,_RUN_1,31,191303,393380,584683,17717681,32.719097,VERTIFIED,DATA
DATA,DATASET,S1,CPU_ONLY,_RUN_1,32,192412,365804,558216,16915648,34.469094,VERTIFIED,DATA
DATA,DATASET,S1,CPU_ONLY,_RUN_1,33,169264,437347,606611,18382162,27.903220,VERTIFIED,DATA
DATA,DATASET,S1,CPU_ONLY,_RUN_1,34,199416,391404,590820,17903635,33.752412,VERTIFIED,DATA
DATA,DATASET,S1,CPU_ONLY,_RUN_1,35,188283,390140,578423,17527984,32.551092,VERTIFIED,DATA
DATA,DATASET,S1,CPU_ONLY,_RUN_1,36,198256,367265,565521,17136990,35.057230,VERTIFIED,DATA
DATA,DATASET,S1,CPU_ONLY,_RUN_1,37,195138,389585,584723,17718890,33.372725,VERTIFIED,DATA
DATA,DATASET,S1,CPU_ONLY,_RUN_1,38,203615,390824,594439,18013288,34.253304,VERTIFIED,DATA
DATA,DATASET,S1,CPU_ONLY,_RUN_1,39,197351,394364,591715,17930766,33.352374,VERTIFIED,DATA
DATA,DATASET,S1,CPU_ONLY,_RUN_1,40,197587,430968,628555,19047121,31.435117,VERTIFIED,DATA
DATA,DATASET,S1,CPU_ONLY,_RUN_1,41,182259,402843,585102,17730378,31.149953,VERTIFIED,DATA
DATA,DATASET,S1,CPU_ONLY,_RUN_1,42,197542,389739,587281,17796384,33.636709,VERTIFIED,DATA
DATA,DATASET,S1,CPU_ONLY,_RUN_1,43,184574,413182,597756,18113830,30.877816,VERTIFIED,DATA
DATA,DATASET,S1,CPU_ONLY,_RUN_1,44,179888,394667,574555,17410772,31.309100,VERTIFIED,DATA
DATA,DATASET,S1,CPU_ONLY,_RUN_1,45,186243,432168,618411,18739722,30.116379,VERTIFIED,DATA
DATA,DATASET,S1,CPU_ONLY,_RUN_1,46,193185,399238,592423,17952207,32.609301,VERTIFIED,DATA
DATA,DATASET,S1,CPU_ONLY,_RUN_1,47,195527,406417,601944,18240713,32.482590,VERTIFIED,DATA
DATA,DATASET,S1,CPU_ONLY,_RUN_1,48,175182,423954,599136,18155638,29.239104,VERTIFIED,DATA
DATA,DATASET,S1,CPU_ONLY,_RUN_1,49,174137,425191,599328,18161468,29.055375,VERTIFIED,DATA
DATA,DATASET,S1,CPU_ONLY,_RUN_1,50,192780,403428,596208,18066923,32.334353,VERTIFIED,DATA
DATA,DATASET,S1,CPU_ONLY,_RUN_1,51,191335,403622,594957,18029002,32.159467,VERTIFIED,DATA
DATA,DATASET,S1,CPU_ONLY,_RUN_1,52,193207,417839,611046,18516534,31.619060,VERTIFIED,DATA
DATA,DATASET,S1,CPU_ONLY,_RUN_1,53,183799,423227,607026,18394729,30.278604,VERTIFIED,DATA
DATA,DATASET,S1,CPU_ONLY,_RUN_1,54,184576,409227,593803,17994022,31.083710,VERTIFIED,DATA
DATA,DATASET,S1,CPU_ONLY,_RUN_1,55,188625,417125,605750,18356073,31.139084,VERTIFIED,DATA
DATA,DATASET,S1,CPU_ONLY,_RUN_1,56,193385,437276,630661,19110936,30.663859,VERTIFIED,DATA
DATA,DATASET,S1,CPU_ONLY,_RUN_1,57,189298,371959,561257,17007799,33.727508,VERTIFIED,DATA
DATA,DATASET,S1,CPU_ONLY,_RUN_1,58,186129,412287,598416,18133829,31.103614,VERTIFIED,DATA
DATA,DATASET,S1,CPU_ONLY,_RUN_1,59,184040,423580,607620,18412742,30.288667,VERTIFIED,DATA
DATA,DATASET,S1,CPU_ONLY,_RUN_1,60,203502,393025,596527,18076575,34.114466,VERTIFIED,DATA
DATA,DATASET,S1,CPU_ONLY,_RUN_1,61,184708,400855,585563,17744321,31.543660,VERTIFIED,DATA
DATA,DATASET,S1,CPU_ONLY,_RUN_1,62,178414,402850,581264,17614052,30.694142,VERTIFIED,DATA
DATA,DATASET,S1,CPU_ONLY,_RUN_1,63,192675,387362,580037,17576882,33.217709,VERTIFIED,DATA
DATA,DATASET,S1,CPU_ONLY,_RUN_1,64,192860,404937,597797,18115066,32.261788,VERTIFIED,DATA
DATA,DATASET,S1,CPU_ONLY,_RUN_1,65,191769,431212,622981,18878215,30.782480,VERTIFIED,DATA
DATA,DATASET,S1,CPU_ONLY,_RUN_1,66,190972,397066,588038,17819338,32.476132,VERTIFIED,DATA
DATA,DATASET,S1,CPU_ONLY,_RUN_1,67,182268,405319,587587,17805676,31.019747,VERTIFIED,DATA
DATA,DATASET,S1,CPU_ONLY,_RUN_1,68,193366,403992,597358,18101768,32.370203,VERTIFIED,DATA
DATA,DATASET,S1,CPU_ONLY,_RUN_1,69,194380,411483,605863,18359488,32.083161,VERTIFIED,DATA
DATA,DATASET,S1,CPU_ONLY,_RUN_1,70,189403,411191,600594,18199826,31.535946,VERTIFIED,DATA
DATA,DATASET,S1,CPU_ONLY,_RUN_1,71,189373,389911,579284,17554067,32.690874,VERTIFIED,DATA
DATA,DATASET,S1,CPU_ONLY,_RUN_1,72,202876,420781,623657,18898692,32.530061,VERTIFIED,DATA
DATA,DATASET,S1,CPU_ONLY,_RUN_1,73,206314,377191,583505,17681974,35.357709,VERTIFIED,DATA
DATA,DATASET,S1,CPU_ONLY,_RUN_1,74,193783,384572,578355,17525903,33.505892,VERTIFIED,DATA
DATA,DATASET,S1,CPU_ONLY,_RUN_1,75,173228,427597,600825,18206815,28.831690,VERTIFIED,DATA
DATA,DATASET,S1,CPU_ONLY,_RUN_1,76,206970,385478,592448,17952980,34.934712,VERTIFIED,DATA
DATA,DATASET,S1,CPU_ONLY,_RUN_1,77,172250,445435,617685,18717741,27.886382,VERTIFIED,DATA
DATA,DATASET,S1,CPU_ONLY,_RUN_1,78,191544,410892,602436,18255642,31.794913,VERTIFIED,DATA
DATA,DATASET,S1,CPU_ONLY,_RUN_1,79,199403,415500,614903,18633413,32.428367,VERTIFIED,DATA
DATA,DATASET,S1,CPU_ONLY,_RUN_1,80,192159,374115,566274,17159831,33.933926,VERTIFIED,DATA
DATA,DATASET,S1,CPU_ONLY,_RUN_1,81,197405,389601,587006,17788048,33.629128,VERTIFIED,DATA
DATA,DATASET,S1,CPU_ONLY,_RUN_1,82,191209,410456,601665,18232267,31.779977,VERTIFIED,DATA
DATA,DATASET,S1,CPU_ONLY,_RUN_1,83,179255,401174,580429,17588772,30.883192,VERTIFIED,DATA
DATA,DATASET,S1,CPU_ONLY,_RUN_1,84,200873,369910,570783,17296453,35.192534,VERTIFIED,DATA
DATA,DATASET,S1,CPU_ONLY,_RUN_1,85,163839,434298,598137,18125375,27.391551,VERTIFIED,DATA
DATA,DATASET,S1,CPU_ONLY,_RUN_1,86,191592,398485,590077,17881122,32.468983,VERTIFIED,DATA
DATA,DATASET,S1,CPU_ONLY,_RUN_1,87,191345,402202,593547,17986277,32.237548,VERTIFIED,DATA
DATA,DATASET,S1,CPU_ONLY,_RUN_1,88,182054,380807,562861,17056385,32.344398,VERTIFIED,DATA
DATA,DATASET,S1,CPU_ONLY,_RUN_1,89,184496,410868,595364,18041338,30.988773,VERTIFIED,DATA
DATA,DATASET,S1,CPU_ONLY,_RUN_1,90,191331,399257,590588,17896592,32.396696,VERTIFIED,DATA
DATA,DATASET,S1,CPU_ONLY,_RUN_1,91,177687,407675,585362,17738250,30.355062,VERTIFIED,DATA
DATA,DATASET,S1,CPU_ONLY,_RUN_1,92,187364,409607,596971,18090040,31.385779,VERTIFIED,DATA
DATA,DATASET,S1,CPU_ONLY,_RUN_1,93,202482,387012,589494,17863465,34.348441,VERTIFIED,DATA
DATA,DATASET,S1,CPU_ONLY,_RUN_1,94,184573,410020,594593,18017963,31.041906,VERTIFIED,DATA
DATA,DATASET,S1,CPU_ONLY,_RUN_1,95,179970,427113,607083,18396467,29.645040,VERTIFIED,DATA
DATA,DATASET,S1,CPU_ONLY,_RUN_1,96,187251,454478,641729,19446341,29.179139,VERTIFIED,DATA
DATA,DATASET,S1,CPU_ONLY,_RUN_1,97,203551,380085,583636,17685952,34.876361,VERTIFIED,DATA
DATA,DATASET,S1,CPU_ONLY,_RUN_1,98,191342,437160,628502,19045519,30.444135,VERTIFIED,DATA
DATA,DATASET,S1,CPU_ONLY,_RUN_1,99,181900,409024,590924,17906803,30.782300,VERTIFIED,DATA
DATA,DATASET,S1,CPU_ONLY,_RUN_1,100,187871,396041,583912,17694288,32.174540,VERTIFIED,DATA
DATA,DATASET,S1,CPU_ONLY,_RUN_1,101,197714,388983,586697,17778697,33.699508,VERTIFIED,DATA
DATA,DATASET,S1,CPU_ONLY,_RUN_1,102,186106,380010,566116,17155038,32.874181,VERTIFIED,DATA
DATA,DATASET,S1,CPU_ONLY,_RUN_1,103,200760,388689,589449,17862091,34.058926,VERTIFIED,DATA
DATA,DATASET,S1,CPU_ONLY,_RUN_1,104,176455,405074,581529,17622086,30.343285,VERTIFIED,DATA
DATA,DATASET,S1,CPU_ONLY,_RUN_1,105,191371,414559,605930,18361529,31.583021,VERTIFIED,DATA
DATA,DATASET,S1,CPU_ONLY,_RUN_1,106,193093,400438,593531,17985778,32.532926,VERTIFIED,DATA
DATA,DATASET,S1,CPU_ONLY,_RUN_1,107,176097,402577,578674,17535565,30.431124,VERTIFIED,DATA
DATA,DATASET,S1,CPU_ONLY,_RUN_1,108,190102,404637,594739,18022381,31.963937,VERTIFIED,DATA
DATA,DATASET,S1,CPU_ONLY,_RUN_1,109,188338,420565,608903,18451620,30.930707,VERTIFIED,DATA
DATA,DATASET,S1,CPU_ONLY,_RUN_1,110,182126,427644,609770,18477879,29.867983,VERTIFIED,DATA
DATA,DATASET,S1,CPU_ONLY,_RUN_1,111,201052,433857,634909,19239659,31.666270,VERTIFIED,DATA
DATA,DATASET,S1,CPU_ONLY,_RUN_1,112,196358,417971,614329,18616019,31.963004,VERTIFIED,DATA
DATA,DATASET,S1,CPU_ONLY,_RUN_1,113,178409,387031,565440,17134541,31.552243,VERTIFIED,DATA
DATA,DATASET,S1,CPU_ONLY,_RUN_1,114,195555,416987,612542,18561893,31.925158,VERTIFIED,DATA
DATA,DATASET,S1,CPU_ONLY,_RUN_1,115,187903,413956,601859,18238137,31.220435,VERTIFIED,DATA
DATA,DATASET,S1,CPU_ONLY,_RUN_1,116,195429,388711,584140,17701225,33.455850,VERTIFIED,DATA
DATA,DATASET,S1,CPU_ONLY,_RUN_1,117,190054,384666,574720,17415762,33.068973,VERTIFIED,DATA
DATA,DATASET,S1,CPU_ONLY,_RUN_1,118,191454,381291,572745,17355918,33.427442,VERTIFIED,DATA
DATA,DATASET,S1,CPU_ONLY,_RUN_1,119,193534,412430,605964,18362538,31.938201,VERTIFIED,DATA
DATA,DATASET,S1,CPU_ONLY,_RUN_1,120,196968,401858,598826,18146243,32.892359,VERTIFIED,DATA
DATA,DATASET,S1,CPU_ONLY,_RUN_1,121,207890,385032,592922,17967321,35.061947,VERTIFIED,DATA
DATA,DATASET,S1,CPU_ONLY,_RUN_1,122,204042,386025,590067,17880824,34.579463,VERTIFIED,DATA
DATA,DATASET,S1,CPU_ONLY,_RUN_1,123,177129,414268,591397,17921117,29.950947,VERTIFIED,DATA
DATA,DATASET,S1,CPU_ONLY,_RUN_1,124,188418,403474,591892,17936112,31.833172,VERTIFIED,DATA
DATA,DATASET,S1,CPU_ONLY,_RUN_1,125,172644,424654,597298,18099940,28.904165,VERTIFIED,DATA
DATA,DATASET,S1,CPU_ONLY,_RUN_1,126,192420,410425,602845,18268037,31.918652,VERTIFIED,DATA
DATA,DATASET,S1,CPU_ONLY,_RUN_1,127,185623,448796,634419,19224808,29.258739,VERTIFIED,DATA
DATA,DATASET,S1,CPU_ONLY,_RUN_1,128,190618,383091,573709,17385115,33.225555,VERTIFIED,DATA
DATA,DATASET,S1,CPU_ONLY,_RUN_1,129,214074,378808,592882,17966133,36.107354,VERTIFIED,DATA
DATA,DATASET,S1,CPU_ONLY,_RUN_1,130,199777,420227,620004,18787994,32.221889,VERTIFIED,DATA
DATA,DATASET,S1,CPU_ONLY,_RUN_1,131,183851,413996,597847,18116586,30.752182,VERTIFIED,DATA
DATA,DATASET,S1,CPU_ONLY,_RUN_1,132,190010,419835,609845,18480161,31.157097,VERTIFIED,DATA
DATA,DATASET,S1,CPU_ONLY,_RUN_1,133,207125,362019,569144,17246802,36.392372,VERTIFIED,DATA
DATA,DATASET,S1,CPU_ONLY,_RUN_1,134,200554,397909,598463,18135244,33.511512,VERTIFIED,DATA
DATA,DATASET,S1,CPU_ONLY,_RUN_1,135,187980,441235,629215,19067122,29.875321,VERTIFIED,DATA
DATA,DATASET,S1,CPU_ONLY,_RUN_1,136,193545,373586,567131,17185797,34.127036,VERTIFIED,DATA
DATA,DATASET,S1,CPU_ONLY,_RUN_1,137,184459,440202,624661,18929127,29.529457,VERTIFIED,DATA
DATA,DATASET,S1,CPU_ONLY,_RUN_1,138,187845,411298,599143,18155835,31.352282,VERTIFIED,DATA
DATA,DATASET,S1,CPU_ONLY,_RUN_1,139,179835,443991,623826,18903811,28.827750,VERTIFIED,DATA
DATA,DATASET,S1,CPU_ONLY,_RUN_1,140,191789,380731,572520,17349102,33.499092,VERTIFIED,DATA
DATA,DATASET,S1,CPU_ONLY,_RUN_1,141,176864,409998,586862,17783693,30.137238,VERTIFIED,DATA
DATA,DATASET,S1,CPU_ONLY,_RUN_1,142,189936,378858,568794,17236186,33.392757,VERTIFIED,DATA
DATA,DATASET,S1,CPU_ONLY,_RUN_1,143,186684,410471,597155,18095608,31.262235,VERTIFIED,DATA
DATA,DATASET,S1,CPU_ONLY,_RUN_1,144,192811,416526,609337,18464755,31.642753,VERTIFIED,DATA
DATA,DATASET,S1,CPU_ONLY,_RUN_1,145,188271,381781,570052,17274304,33.026987,VERTIFIED,DATA
DATA,DATASET,S1,CPU_ONLY,_RUN_1,146,190020,378874,568894,17239216,33.401653,VERTIFIED,DATA
DATA,DATASET,S1,CPU_ONLY,_RUN_1,147,199117,419712,618829,18752396,32.176417,VERTIFIED,DATA
DATA,DATASET,S1,CPU_ONLY,_RUN_1,148,185943,376224,562167,17035370,33.076114,VERTIFIED,DATA
DATA,DATASET,S1,CPU_ONLY,_RUN_1,149,187318,364793,552111,16730628,33.927598,VERTIFIED,DATA
DATA,DATASET,S1,CPU_ONLY,_RUN_1,150,213306,353981,567287,17190501,37.601073,VERTIFIED,DATA
DATA,DATASET,S1,CPU_ONLY,_RUN_1,151,194929,422700,617629,18716030,31.560856,VERTIFIED,DATA
DATA,DATASET,S1,CPU_ONLY,_RUN_1,152,186658,424924,611582,18532798,30.520519,VERTIFIED,DATA
DATA,DATASET,S1,CPU_ONLY,_RUN_1,153,177417,402042,579459,17559361,30.617697,VERTIFIED,DATA
DATA,DATASET,S1,CPU_ONLY,_RUN_1,154,182475,399607,582082,17638861,31.348676,VERTIFIED,DATA
DATA,DATASET,S1,CPU_ONLY,_RUN_1,155,210745,382090,592835,17964684,35.548677,VERTIFIED,DATA
DATA,DATASET,S1,CPU_ONLY,_RUN_1,156,204079,423158,627237,19007194,32.536186,VERTIFIED,DATA
DATA,DATASET,S1,CPU_ONLY,_RUN_1,157,181609,445491,627100,19003042,28.960134,VERTIFIED,DATA
DATA,DATASET,S1,CPU_ONLY,_RUN_1,158,183436,437859,621295,18827122,29.524783,VERTIFIED,DATA
DATA,DATASET,S1,CPU_ONLY,_RUN_1,159,180797,387486,568283,17220707,31.814606,VERTIFIED,DATA
DATA,DATASET,S1,CPU_ONLY,_RUN_1,160,177316,451359,628675,19050750,28.204716,VERTIFIED,DATA
DATA,DATASET,S1,CPU_ONLY,_RUN_1,161,198110,365972,564082,17093394,35.120780,VERTIFIED,DATA
DATA,DATASET,S1,CPU_ONLY,_RUN_1,162,193848,370938,564786,17114725,34.322381,VERTIFIED,DATA
DATA,DATASET,S1,CPU_ONLY,_RUN_1,163,203056,403663,606719,18385420,33.467882,VERTIFIED,DATA
DATA,DATASET,S1,CPU_ONLY,_RUN_1,164,193320,428653,621973,18847657,31.081735,VERTIFIED,DATA
DATA,DATASET,S1,CPU_ONLY,_RUN_1,165,186672,389362,576034,17455568,32.406420,VERTIFIED,DATA
DATA,DATASET,S1,CPU_ONLY,_RUN_1,166,195526,377468,572994,17363468,34.123568,VERTIFIED,DATA
DATA,DATASET,S1,CPU_ONLY,_RUN_1,167,194203,432226,626429,18982708,31.001598,VERTIFIED,DATA
DATA,DATASET,S1,CPU_ONLY,_RUN_1,168,182656,429162,611818,18539938,29.854630,VERTIFIED,DATA
DATA,DATASET,S1,CPU_ONLY,_RUN_1,169,199881,401566,601447,18225666,33.233352,VERTIFIED,DATA
DATA,DATASET,S1,CPU_ONLY,_RUN_1,170,201656,375382,577038,17486001,34.946745,VERTIFIED,DATA
DATA,DATASET,S1,CPU_ONLY,_RUN_1,171,188501,389245,577746,17507463,32.626968,VERTIFIED,DATA
DATA,DATASET,S1,CPU_ONLY,_RUN_1,172,221543,364668,586211,17763957,37.792365,VERTIFIED,DATA
DATA,DATASET,S1,CPU_ONLY,_RUN_1,173,190249,407480,597729,18112988,31.828638,VERTIFIED,DATA
DATA,DATASET,S1,CPU_ONLY,_RUN_1,174,185300,385050,570350,17283324,32.488823,VERTIFIED,DATA
DATA,DATASET,S1,CPU_ONLY,_RUN_1,175,184997,419584,604581,18320643,30.599208,VERTIFIED,DATA
DATA,DATASET,S1,CPU_ONLY,_RUN_1,176,193949,410708,604657,18322927,32.075871,VERTIFIED,DATA
DATA,DATASET,S1,CPU_ONLY,_RUN_1,177,181038,420978,602016,18242913,30.071958,VERTIFIED,DATA
DATA,DATASET,S1,CPU_ONLY,_RUN_1,178,177194,399542,576736,17476854,30.723589,VERTIFIED,DATA
DATA,DATASET,S1,CPU_ONLY,_RUN_1,179,191407,357090,548497,16621120,34.896636,VERTIFIED,DATA
DATA,DATASET,S1,CPU_ONLY,_RUN_1,180,182685,396221,578906,17542592,31.556937,VERTIFIED,DATA
DATA,DATASET,S1,CPU_ONLY,_RUN_1,181,173591,427743,601334,18222251,28.867651,VERTIFIED,DATA
DATA,DATASET,S1,CPU_ONLY,_RUN_1,182,180607,411047,591654,17928914,30.525780,VERTIFIED,DATA
DATA,DATASET,S1,CPU_ONLY,_RUN_1,183,178105,428295,606400,18375746,29.370877,VERTIFIED,DATA
DATA,DATASET,S1,CPU_ONLY,_RUN_1,184,190988,370507,561495,17014991,34.014194,VERTIFIED,DATA
DATA,DATASET,S1,CPU_ONLY,_RUN_1,185,204804,363595,568399,17224205,36.031731,VERTIFIED,DATA
DATA,DATASET,S1,CPU_ONLY,_RUN_1,186,169935,416957,586892,17784600,28.955072,VERTIFIED,DATA
DATA,DATASET,S1,CPU_ONLY,_RUN_1,187,198585,396430,595015,18030755,33.374789,VERTIFIED,DATA
DATA,DATASET,S1,CPU_ONLY,_RUN_1,188,191797,386646,578443,17528565,33.157459,VERTIFIED,DATA
DATA,DATASET,S1,CPU_ONLY,_RUN_1,189,213661,347313,560974,16999211,38.087505,VERTIFIED,DATA
DATA,DATASET,S1,CPU_ONLY,_RUN_1,190,202953,387557,590510,17894257,34.369105,VERTIFIED,DATA
DATA,DATASET,S1,CPU_ONLY,_RUN_1,191,196033,394801,590834,17904047,33.179032,VERTIFIED,DATA
DATA,DATASET,S1,CPU_ONLY,_RUN_1,192,185169,407647,592816,17964131,31.235493,VERTIFIED,DATA
DATA,DATASET,S1,CPU_ONLY,_RUN_1,193,172894,412360,585254,17734983,29.541703,VERTIFIED,DATA
DATA,DATASET,S1,CPU_ONLY,_RUN_1,194,174479,413180,587659,17807835,29.690518,VERTIFIED,DATA
DATA,DATASET,S1,CPU_ONLY,_RUN_1,195,184908,392245,577153,17489490,32.037952,VERTIFIED,DATA
DATA,DATASET,S1,CPU_ONLY,_RUN_1,196,192275,439257,631532,19137333,30.445805,VERTIFIED,DATA
DATA,DATASET,S1,CPU_ONLY,_RUN_1,197,188168,400986,589154,17853146,31.938678,VERTIFIED,DATA
DATA,DATASET,S1,CPU_ONLY,_RUN_1,198,189951,392083,582034,17637408,32.635722,VERTIFIED,DATA
DATA,DATASET,S1,CPU_ONLY,_RUN_1,199,203889,379938,583827,17691716,34.922845,VERTIFIED,DATA
DATA,DATASET,S1,CPU_ONLY,_RUN_1,200,193048,386125,579173,17550683,33.331664,VERTIFIED,DATA
DATA,DATASET,S1,CPU_ONLY,_RUN_1,201,192166,404252,596418,18073266,32.220020,VERTIFIED,DATA
DATA,DATASET,S1,CPU_ONLY,_RUN_1,202,191869,409423,601292,18220983,31.909455,VERTIFIED,DATA
DATA,DATASET,S1,CPU_ONLY,_RUN_1,203,180317,418804,599121,18155167,30.096925,VERTIFIED,DATA
DATA,DATASET,S1,CPU_ONLY,_RUN_1,204,181489,387453,568942,17240675,31.899385,VERTIFIED,DATA
DATA,DATASET,S1,CPU_ONLY,_RUN_1,205,184359,401173,585532,17743387,31.485726,VERTIFIED,DATA
DATA,DATASET,S1,CPU_ONLY,_RUN_1,206,190175,418740,608915,18451977,31.231781,VERTIFIED,DATA
DATA,DATASET,S1,CPU_ONLY,_RUN_1,207,186156,399701,585857,17753236,31.774989,VERTIFIED,DATA
DATA,DATASET,S1,CPU_ONLY,_RUN_1,208,194387,413107,607494,18408918,31.998176,VERTIFIED,DATA
DATA,DATASET,S1,CPU_ONLY,_RUN_1,209,192983,402934,595917,18058088,32.384208,VERTIFIED,DATA
DATA,DATASET,S1,CPU_ONLY,_RUN_1,210,197102,392816,589918,17876295,33.411762,VERTIFIED,DATA
DATA,DATASET,S1,CPU_ONLY,_RUN_1,211,180378,382916,563294,17069529,32.021999,VERTIFIED,DATA
DATA,DATASET,S1,CPU_ONLY,_RUN_1,212,188989,372829,561818,17024780,33.638830,VERTIFIED,DATA
DATA,DATASET,S1,CPU_ONLY,_RUN_1,213,204739,381314,586053,17759190,34.935236,VERTIFIED,DATA
DATA,DATASET,S1,CPU_ONLY,_RUN_1,214,195977,401332,597309,18100280,32.809986,VERTIFIED,DATA
DATA,DATASET,S1,CPU_ONLY,_RUN_1,215,201576,424336,625912,18967039,32.205166,VERTIFIED,DATA
DATA,DATASET,S1,CPU_ONLY,_RUN_1,216,185812,370224,556036,16849575,33.417261,VERTIFIED,DATA
DATA,DATASET,S1,CPU_ONLY,_RUN_1,217,182497,413932,596429,18073592,30.598277,VERTIFIED,DATA
DATA,DATASET,S1,CPU_ONLY,_RUN_1,218,194266,406863,601129,18216024,32.316857,VERTIFIED,DATA
DATA,DATASET,S1,CPU_ONLY,_RUN_1,219,197418,442532,639950,19392412,30.848973,VERTIFIED,DATA
DATA,DATASET,S1,CPU_ONLY,_RUN_1,220,204680,395324,600004,18181938,34.113106,VERTIFIED,DATA
DATA,DATASET,S1,CPU_ONLY,_RUN_1,221,191927,370303,562230,17037285,34.136741,VERTIFIED,DATA
DATA,DATASET,S1,CPU_ONLY,_RUN_1,222,205695,385260,590955,17907739,34.807219,VERTIFIED,DATA
DATA,DATASET,S1,CPU_ONLY,_RUN_1,223,196922,392123,589045,17849853,33.430723,VERTIFIED,DATA
DATA,DATASET,S1,CPU_ONLY,_RUN_1,224,180362,394211,574573,17411303,31.390615,VERTIFIED,DATA
DATA,DATASET,S1,CPU_ONLY,_RUN_1,225,180967,417414,598381,18132753,30.242772,VERTIFIED,DATA
DATA,DATASET,S1,CPU_ONLY,_RUN_1,226,184823,398881,583704,17688009,31.663823,VERTIFIED,DATA
DATA,DATASET,S1,CPU_ONLY,_RUN_1,227,191508,420034,611542,18531588,31.315592,VERTIFIED,DATA
DATA,DATASET,S1,CPU_ONLY,_RUN_1,228,198814,376477,575291,17433073,34.558858,VERTIFIED,DATA
DATA,DATASET,S1,CPU_ONLY,_RUN_1,229,202144,382005,584149,17701486,34.604870,VERTIFIED,DATA
DATA,DATASET,S1,CPU_ONLY,_RUN_1,230,180626,378434,559060,16941216,32.308876,VERTIFIED,DATA
DATA,DATASET,S1,CPU_ONLY,_RUN_1,231,185312,387644,572956,17362307,32.343147,VERTIFIED,DATA
DATA,DATASET,S1,CPU_ONLY,_RUN_1,232,206393,358043,564436,17104128,36.566236,VERTIFIED,DATA
DATA,DATASET,S1,CPU_ONLY,_RUN_1,233,196703,413485,610188,18490555,32.236458,VERTIFIED,DATA
DATA,DATASET,S1,CPU_ONLY,_RUN_1,234,199489,403762,603251,18280348,33.068988,VERTIFIED,DATA
DATA,DATASET,S1,CPU_ONLY,_RUN_1,235,197174,412600,609774,18477985,32.335587,VERTIFIED,DATA
DATA,DATASET,S1,CPU_ONLY,_RUN_1,236,203000,358071,561071,17002142,36.180804,VERTIFIED,DATA
DATA,DATASET,S1,CPU_ONLY,_RUN_1,237,171715,416541,588256,17825925,29.190522,VERTIFIED,DATA
DATA,DATASET,S1,CPU_ONLY,_RUN_1,238,200758,404743,605501,18348525,33.155684,VERTIFIED,DATA
DATA,DATASET,S1,CPU_ONLY,_RUN_1,239,188295,423197,611492,18530072,30.792717,VERTIFIED,DATA
DATA,DATASET,S1,CPU_ONLY,_RUN_1,240,186127,412922,599049,18152995,31.070413,VERTIFIED,DATA
DATA,DATASET,S1,CPU_ONLY,_RUN_1,241,174841,412291,587132,17791893,29.778823,VERTIFIED,DATA
DATA,DATASET,S1,CPU_ONLY,_RUN_1,242,182150,422162,604312,18312489,30.141715,VERTIFIED,DATA
DATA,DATASET,S1,CPU_ONLY,_RUN_1,243,175472,395879,571351,17313660,30.711769,VERTIFIED,DATA
DATA,DATASET,S1,CPU_ONLY,_RUN_1,244,192875,396585,589460,17862438,32.720626,VERTIFIED,DATA
DATA,DATASET,S1,CPU_ONLY,_RUN_1,245,185212,405041,590253,17886466,31.378409,VERTIFIED,DATA
DATA,DATASET,S1,CPU_ONLY,_RUN_1,246,194516,376976,571492,17317950,34.036522,VERTIFIED,DATA
DATA,DATASET,S1,CPU_ONLY,_RUN_1,247,176535,406770,583305,17675906,30.264613,VERTIFIED,DATA
DATA,DATASET,S1,CPU_ONLY,_RUN_1,248,210333,368592,578925,17543184,36.331649,VERTIFIED,DATA
DATA,DATASET,S1,CPU_ONLY,_RUN_1,249,204171,397246,601417,18224747,33.948325,VERTIFIED,DATA
DATA,DATASET,S1,CPU_ONLY,_RUN_1,250,192426,446714,639140,19367888,30.107019,VERTIFIED,DATA
DATA,DATASET,S1,CPU_ONLY,_RUN_1,251,186673,403400,590073,17881003,31.635577,VERTIFIED,DATA
DATA,DATASET,S1,CPU_ONLY,_RUN_1,252,196063,373993,570056,17274412,34.393639,VERTIFIED,DATA
DATA,DATASET,S1,CPU_ONLY,_RUN_1,253,193282,383947,577229,17491795,33.484458,VERTIFIED,DATA
DATA,DATASET,S1,CPU_ONLY,_RUN_1,254,174639,416290,590929,17906941,29.553297,VERTIFIED,DATA
DATA,DATASET,S1,CPU_ONLY,_RUN_1,255,194765,382936,577701,17506095,33.713807,VERTIFIED,DATA
DATA,DATASET,S1,CPU_ONLY,_RUN_1,256,185219,415621,600840,18207280,30.826676,VERTIFIED,DATA
DATA,DATASET,S1,CPU_ONLY,_RUN_1,257,179513,416865,596378,18072047,30.100540,VERTIFIED,DATA
DATA,DATASET,S1,CPU_ONLY,_RUN_1,258,175837,376175,552012,16727635,31.853837,VERTIFIED,DATA
DATA,DATASET,S1,CPU_ONLY,_RUN_1,259,165667,463277,628944,19058898,26.340501,VERTIFIED,DATA
DATA,DATASET,S1,CPU_ONLY,_RUN_1,260,183006,400641,583647,17686268,31.355597,VERTIFIED,DATA
DATA,DATASET,S1,CPU_ONLY,_RUN_1,261,184738,390907,575645,17443774,32.092349,VERTIFIED,DATA
DATA,DATASET,S1,CPU_ONLY,_RUN_1,262,181818,399689,581507,17621431,31.266692,VERTIFIED,DATA
DATA,DATASET,S1,CPU_ONLY,_RUN_1,263,197980,390333,588313,17827677,33.652155,VERTIFIED,DATA
DATA,DATASET,S1,CPU_ONLY,_RUN_1,264,185539,420938,606477,18378106,30.592916,VERTIFIED,DATA
DATA,DATASET,S1,CPU_ONLY,_RUN_1,265,184875,390086,574961,17423052,32.154355,VERTIFIED,DATA
DATA,DATASET,S1,CPU_ONLY,_RUN_1,266,203069,368832,571901,17330342,35.507719,VERTIFIED,DATA
DATA,DATASET,S1,CPU_ONLY,_RUN_1,267,195787,396306,592093,17942224,33.066934,VERTIFIED,DATA
DATA,DATASET,S1,CPU_ONLY,_RUN_1,268,182465,390811,573276,17372012,31.828474,VERTIFIED,DATA
DATA,DATASET,S1,CPU_ONLY,_RUN_1,269,202768,406750,609518,18470229,33.266942,VERTIFIED,DATA
DATA,DATASET,S1,CPU_ONLY,_RUN_1,270,181798,446055,627853,19025857,28.955504,VERTIFIED,DATA
DATA,DATASET,S1,CPU_ONLY,_RUN_1,271,206994,402724,609718,18476311,33.949137,VERTIFIED,DATA
DATA,DATASET,S1,CPU_ONLY,_RUN_1,272,201539,397490,599029,18152389,33.644281,VERTIFIED,DATA
DATA,DATASET,S1,CPU_ONLY,_RUN_1,273,188499,424759,613258,18583584,30.737308,VERTIFIED,DATA
DATA,DATASET,S1,CPU_ONLY,_RUN_1,274,180349,428282,608631,18443362,29.631912,VERTIFIED,DATA
DATA,DATASET,S1,CPU_ONLY,_RUN_1,275,212239,393669,605908,18360845,35.028255,VERTIFIED,DATA
DATA,DATASET,S1,CPU_ONLY,_RUN_1,276,194695,395737,590432,17891878,32.975008,VERTIFIED,DATA
DATA,DATASET,S1,CPU_ONLY,_RUN_1,277,189044,392680,581724,17628005,32.497198,VERTIFIED,DATA
DATA,DATASET,S1,CPU_ONLY,_RUN_1,278,182386,417048,599434,18164660,30.426369,VERTIFIED,DATA
DATA,DATASET,S1,CPU_ONLY,_RUN_1,279,200782,363336,564118,17094484,35.592199,VERTIFIED,DATA
DATA,DATASET,S1,CPU_ONLY,_RUN_1,280,199262,394665,593927,17997776,33.549914,VERTIFIED,DATA
DATA,DATASET,S1,CPU_ONLY,_RUN_1,281,183965,418606,602571,18259731,30.530012,VERTIFIED,DATA
DATA,DATASET,S1,CPU_ONLY,_RUN_1,282,193974,385953,579927,17573555,33.448003,VERTIFIED,DATA
DATA,DATASET,S1,CPU_ONLY,_RUN_1,283,172674,425058,597732,18113087,28.888197,VERTIFIED,DATA
DATA,DATASET,S1,CPU_ONLY,_RUN_1,284,190180,416398,606578,18381163,31.352934,VERTIFIED,DATA
DATA,DATASET,S1,CPU_ONLY,_RUN_1,285,188823,418146,606969,18393007,31.109167,VERTIFIED,DATA
DATA,DATASET,S1,CPU_ONLY,_RUN_1,286,183982,421754,605736,18355635,30.373298,VERTIFIED,DATA
DATA,DATASET,S1,CPU_ONLY,_RUN_1,287,184537,388314,572851,17359128,32.213787,VERTIFIED,DATA
DATA,DATASET,S1,CPU_ONLY,_RUN_1,288,194360,377343,571703,17324332,33.996673,VERTIFIED,DATA
DATA,DATASET,S1,CPU_ONLY,_RUN_1,289,194610,416002,610612,18503387,31.871303,VERTIFIED,DATA
DATA,DATASET,S1,CPU_ONLY,_RUN_1,290,193538,392375,585913,17754954,33.031867,VERTIFIED,DATA
DATA,DATASET,S1,CPU_ONLY,_RUN_1,291,174454,410706,585160,17732113,29.813043,VERTIFIED,DATA
DATA,DATASET,S1,CPU_ONLY,_RUN_1,292,180699,430814,611513,18530700,29.549494,VERTIFIED,DATA
DATA,DATASET,S1,CPU_ONLY,_RUN_1,293,204408,393624,598032,18122189,34.180111,VERTIFIED,DATA
DATA,DATASET,S1,CPU_ONLY,_RUN_1,294,196758,379678,576436,17467761,34.133538,VERTIFIED,DATA
DATA,DATASET,S1,CPU_ONLY,_RUN_1,295,191942,396593,588535,17834386,32.613523,VERTIFIED,DATA
DATA,DATASET,S1,CPU_ONLY,_RUN_1,296,199931,381345,581276,17614420,34.395193,VERTIFIED,DATA
DATA,DATASET,S1,CPU_ONLY,_RUN_1,297,199071,412002,611073,18517378,32.577286,VERTIFIED,DATA
DATA,DATASET,S1,CPU_ONLY,_RUN_1,298,192657,374056,566713,17173109,33.995514,VERTIFIED,DATA
DATA,DATASET,S1,CPU_ONLY,_RUN_1,299,177212,419545,596757,18083539,29.695839,VERTIFIED,DATA
DATA,DATASET,S1,CPU_ONLY,_RUN_1,300,187205,432382,619587,18775370,30.214482,VERTIFIED,DATA
DATA,DATASET,S1,CPU_MATMUL,_RUN_1,1,157528,414423,571951,17331835,27.542220,VERTIFIED,DATA
DATA,DATASET,S1,CPU_MATMUL,_RUN_1,2,157884,428200,586084,17760113,26.938801,VERTIFIED,DATA
DATA,DATASET,S1,CPU_MATMUL,_RUN_1,3,155660,441470,597130,18094857,26.068025,VERTIFIED,DATA
DATA,DATASET,S1,CPU_MATMUL,_RUN_1,4,177338,418898,596236,18067748,29.742921,VERTIFIED,DATA
DATA,DATASET,S1,CPU_MATMUL,_RUN_1,5,179166,391644,570810,17297281,31.388028,VERTIFIED,DATA
DATA,DATASET,S1,CPU_MATMUL,_RUN_1,6,169117,437683,606800,18387880,27.870303,VERTIFIED,DATA
DATA,DATASET,S1,CPU_MATMUL,_RUN_1,7,174824,436604,611428,18528123,28.592737,VERTIFIED,DATA
DATA,DATASET,S1,CPU_MATMUL,_RUN_1,8,191546,355767,547313,16585235,34.997524,VERTIFIED,DATA
DATA,DATASET,S1,CPU_MATMUL,_RUN_1,9,173663,403907,577570,17502108,30.067871,VERTIFIED,DATA
DATA,DATASET,S1,CPU_MATMUL,_RUN_1,10,159109,404508,563617,17079306,28.229986,VERTIFIED,DATA
DATA,DATASET,S1,CPU_MATMUL,_RUN_1,11,179418,408442,587860,17813933,30.520532,VERTIFIED,DATA
DATA,DATASET,S1,CPU_MATMUL,_RUN_1,12,178771,403573,582344,17646791,30.698522,VERTIFIED,DATA
DATA,DATASET,S1,CPU_MATMUL,_RUN_1,13,187234,380191,567425,17194700,32.997136,VERTIFIED,DATA
DATA,DATASET,S1,CPU_MATMUL,_RUN_1,14,170540,431562,602102,18245503,28.324105,VERTIFIED,DATA
DATA,DATASET,S1,CPU_MATMUL,_RUN_1,15,179380,411379,590759,17901801,30.364328,VERTIFIED,DATA
DATA,DATASET,S1,CPU_MATMUL,_RUN_1,16,182819,384358,567177,17187169,32.233148,VERTIFIED,DATA
DATA,DATASET,S1,CPU_MATMUL,_RUN_1,17,177903,433726,611629,18534219,29.086750,VERTIFIED,DATA
DATA,DATASET,S1,CPU_MATMUL,_RUN_1,18,177518,398767,576285,17463171,30.803856,VERTIFIED,DATA
DATA,DATASET,S1,CPU_MATMUL,_RUN_1,19,173163,434424,607587,18411737,28.500116,VERTIFIED,DATA
DATA,DATASET,S1,CPU_MATMUL,_RUN_1,20,174876,419856,594732,18022181,29.404169,VERTIFIED,DATA
DATA,DATASET,S1,CPU_MATMUL,_RUN_1,21,180353,393457,573810,17388195,31.430787,VERTIFIED,DATA
DATA,DATASET,S1,CPU_MATMUL,_RUN_1,22,148552,454906,603458,18286594,24.616792,VERTIFIED,DATA
DATA,DATASET,S1,CPU_MATMUL,_RUN_1,23,177133,420450,597583,18108570,29.641573,VERTIFIED,DATA
DATA,DATASET,S1,CPU_MATMUL,_RUN_1,24,171241,417182,588423,17830995,29.101684,VERTIFIED,DATA
DATA,DATASET,S1,CPU_MATMUL,_RUN_1,25,159492,403117,562609,17048764,28.348640,VERTIFIED,DATA
DATA,DATASET,S1,CPU_MATMUL,_RUN_1,26,175784,390016,565800,17145468,31.068222,VERTIFIED,DATA
DATA,DATASET,S1,CPU_MATMUL,_RUN_1,27,168335,405105,573440,17376980,29.355294,VERTIFIED,DATA
DATA,DATASET,S1,CPU_MATMUL,_RUN_1,28,165200,391292,556492,16863386,29.685961,VERTIFIED,DATA
DATA,DATASET,S1,CPU_MATMUL,_RUN_1,29,164691,467040,631731,19143350,26.069799,VERTIFIED,DATA
DATA,DATASET,S1,CPU_MATMUL,_RUN_1,30,171521,408227,579748,17568133,29.585441,VERTIFIED,DATA
DATA,DATASET,S1,CPU_MATMUL,_RUN_1,31,177259,426470,603729,18294823,29.360690,VERTIFIED,DATA
DATA,DATASET,S1,CPU_MATMUL,_RUN_1,32,167032,418988,586020,17758191,28.502781,VERTIFIED,DATA
DATA,DATASET,S1,CPU_MATMUL,_RUN_1,33,173579,402016,575595,17442270,30.156447,VERTIFIED,DATA
DATA,DATASET,S1,CPU_MATMUL,_RUN_1,34,179630,392996,572626,17352305,31.369515,VERTIFIED,DATA
DATA,DATASET,S1,CPU_MATMUL,_RUN_1,35,180117,442662,622779,18872104,28.921495,VERTIFIED,DATA
DATA,DATASET,S1,CPU_MATMUL,_RUN_1,36,165383,413835,579218,17552054,28.552807,VERTIFIED,DATA
DATA,DATASET,S1,CPU_MATMUL,_RUN_1,37,162092,424624,586716,17779285,27.626995,VERTIFIED,DATA
DATA,DATASET,S1,CPU_MATMUL,_RUN_1,38,181910,380406,562316,17039874,32.350138,VERTIFIED,DATA
DATA,DATASET,S1,CPU_MATMUL,_RUN_1,39,183422,427320,610742,18507326,30.032649,VERTIFIED,DATA
DATA,DATASET,S1,CPU_MATMUL,_RUN_1,40,182729,401972,584701,17718218,31.251700,VERTIFIED,DATA
DATA,DATASET,S1,CPU_MATMUL,_RUN_1,41,165573,434042,599615,18170142,27.613218,VERTIFIED,DATA
DATA,DATASET,S1,CPU_MATMUL,_RUN_1,42,165329,436223,601552,18228841,27.483742,VERTIFIED,DATA
DATA,DATASET,S1,CPU_MATMUL,_RUN_1,43,179737,390985,570722,17294595,31.492916,VERTIFIED,DATA
DATA,DATASET,S1,CPU_MATMUL,_RUN_1,44,185187,412721,597908,18118420,30.972491,VERTIFIED,DATA
DATA,DATASET,S1,CPU_MATMUL,_RUN_1,45,170424,413600,584024,17697690,29.180993,VERTIFIED,DATA
DATA,DATASET,S1,CPU_MATMUL,_RUN_1,46,176227,458387,634614,19230716,27.769164,VERTIFIED,DATA
DATA,DATASET,S1,CPU_MATMUL,_RUN_1,47,175509,402366,577875,17511366,30.371447,VERTIFIED,DATA
DATA,DATASET,S1,CPU_MATMUL,_RUN_1,48,172700,427084,599784,18175286,28.793699,VERTIFIED,DATA
DATA,DATASET,S1,CPU_MATMUL,_RUN_1,49,182668,400277,582945,17665007,31.335375,VERTIFIED,DATA
DATA,DATASET,S1,CPU_MATMUL,_RUN_1,50,157498,408083,565581,17138813,27.847117,VERTIFIED,DATA
DATA,DATASET,S1,CPU_MATMUL,_RUN_1,51,185527,398525,584052,17698558,31.765493,VERTIFIED,DATA
DATA,DATASET,S1,CPU_MATMUL,_RUN_1,52,153710,478421,632131,19155487,24.316162,VERTIFIED,DATA
DATA,DATASET,S1,CPU_MATMUL,_RUN_1,53,171138,429947,601085,18214710,28.471514,VERTIFIED,DATA
DATA,DATASET,S1,CPU_MATMUL,_RUN_1,54,169444,416933,586377,17768992,28.896768,VERTIFIED,DATA
DATA,DATASET,S1,CPU_MATMUL,_RUN_1,55,160893,438656,599549,18168154,26.835671,VERTIFIED,DATA
DATA,DATASET,S1,CPU_MATMUL,_RUN_1,56,177451,411986,589437,17861724,30.105168,VERTIFIED,DATA
DATA,DATASET,S1,CPU_MATMUL,_RUN_1,57,153890,432397,586287,17766263,26.248237,VERTIFIED,DATA
DATA,DATASET,S1,CPU_MATMUL,_RUN_1,58,170890,415036,585926,17755338,29.165799,VERTIFIED,DATA
DATA,DATASET,S1,CPU_MATMUL,_RUN_1,59,179066,441373,620439,18801172,28.861177,VERTIFIED,DATA
DATA,DATASET,S1,CPU_MATMUL,_RUN_1,60,164204,422572,586776,17781077,27.984103,VERTIFIED,DATA
DATA,DATASET,S1,CPU_MATMUL,_RUN_1,61,171172,426618,597790,18114847,28.634136,VERTIFIED,DATA
DATA,DATASET,S1,CPU_MATMUL,_RUN_1,62,175837,403237,579074,17547704,30.365204,VERTIFIED,DATA
DATA,DATASET,S1,CPU_MATMUL,_RUN_1,63,166741,445530,612271,18553662,27.233202,VERTIFIED,DATA
DATA,DATASET,S1,CPU_MATMUL,_RUN_1,64,166032,415761,581793,17630087,28.537985,VERTIFIED,DATA
DATA,DATASET,S1,CPU_MATMUL,_RUN_1,65,190124,416443,606567,18380811,31.344270,VERTIFIED,DATA
DATA,DATASET,S1,CPU_MATMUL,_RUN_1,66,156883,462484,619367,18768708,25.329570,VERTIFIED,DATA
DATA,DATASET,S1,CPU_MATMUL,_RUN_1,67,169544,455435,624979,18938747,27.127951,VERTIFIED,DATA
DATA,DATASET,S1,CPU_MATMUL,_RUN_1,68,174334,434259,608593,18442216,28.645417,VERTIFIED,DATA
DATA,DATASET,S1,CPU_MATMUL,_RUN_1,69,163188,427665,590853,17904642,27.619052,VERTIFIED,DATA
DATA,DATASET,S1,CPU_MATMUL,_RUN_1,70,162983,406487,569470,17256653,28.620120,VERTIFIED,DATA
DATA,DATASET,S1,CPU_MATMUL,_RUN_1,71,181203,416272,597475,18105294,30.328131,VERTIFIED,DATA
DATA,DATASET,S1,CPU_MATMUL,_RUN_1,72,167386,441577,608963,18453438,27.487056,VERTIFIED,DATA
DATA,DATASET,S1,CPU_MATMUL,_RUN_1,73,171696,396943,568639,17231475,30.194201,VERTIFIED,DATA
DATA,DATASET,S1,CPU_MATMUL,_RUN_1,74,169855,414997,584852,17722778,29.042390,VERTIFIED,DATA
DATA,DATASET,S1,CPU_MATMUL,_RUN_1,75,175341,414206,589547,17865075,29.741649,VERTIFIED,DATA
DATA,DATASET,S1,CPU_MATMUL,_RUN_1,76,165055,433264,598319,18130877,27.586455,VERTIFIED,DATA
DATA,DATASET,S1,CPU_MATMUL,_RUN_1,77,183494,437100,620594,18805889,29.567479,VERTIFIED,DATA
DATA,DATASET,S1,CPU_MATMUL,_RUN_1,78,167911,422026,589937,17876887,28.462531,VERTIFIED,DATA
DATA,DATASET,S1,CPU_MATMUL,_RUN_1,79,171720,404307,576027,17455353,29.811103,VERTIFIED,DATA
DATA,DATASET,S1,CPU_MATMUL,_RUN_1,80,178969,432934,611903,18542514,29.247936,VERTIFIED,DATA
DATA,DATASET,S1,CPU_MATMUL,_RUN_1,81,158756,423938,582694,17657399,27.245175,VERTIFIED,DATA
DATA,DATASET,S1,CPU_MATMUL,_RUN_1,82,179708,412528,592236,17946559,30.343984,VERTIFIED,DATA
DATA,DATASET,S1,CPU_MATMUL,_RUN_1,83,180680,392605,573285,17372286,31.516610,VERTIFIED,DATA
DATA,DATASET,S1,CPU_MATMUL,_RUN_1,84,167277,419583,586860,17783625,28.503732,VERTIFIED,DATA
DATA,DATASET,S1,CPU_MATMUL,_RUN_1,85,171176,416250,587426,17800801,29.140011,VERTIFIED,DATA
DATA,DATASET,S1,CPU_MATMUL,_RUN_1,86,163330,443073,606403,18375850,26.934234,VERTIFIED,DATA
DATA,DATASET,S1,CPU_MATMUL,_RUN_1,87,170520,404073,574593,17411913,29.676658,VERTIFIED,DATA
DATA,DATASET,S1,CPU_MATMUL,_RUN_1,88,164188,428307,592495,17954407,27.711289,VERTIFIED,DATA
DATA,DATASET,S1,CPU_MATMUL,_RUN_1,89,177218,422118,599336,18161693,29.569056,VERTIFIED,DATA
DATA,DATASET,S1,CPU_MATMUL,_RUN_1,90,168422,414755,583177,17672024,28.880083,VERTIFIED,DATA
DATA,DATASET,S1,CPU_MATMUL,_RUN_1,91,167294,428927,596221,18067301,28.059059,VERTIFIED,DATA
DATA,DATASET,S1,CPU_MATMUL,_RUN_1,92,173884,429804,603688,18293571,28.803620,VERTIFIED,DATA
DATA,DATASET,S1,CPU_MATMUL,_RUN_1,93,174255,413233,587488,17802668,29.661031,VERTIFIED,DATA
DATA,DATASET,S1,CPU_MATMUL,_RUN_1,94,174340,440282,614622,18624913,28.365402,VERTIFIED,DATA
DATA,DATASET,S1,CPU_MATMUL,_RUN_1,95,172068,391301,563369,17071781,30.542682,VERTIFIED,DATA
DATA,DATASET,S1,CPU_MATMUL,_RUN_1,96,165854,417444,583298,17675706,28.433837,VERTIFIED,DATA
DATA,DATASET,S1,CPU_MATMUL,_RUN_1,97,176582,416113,592695,17960469,29.793064,VERTIFIED,DATA
DATA,DATASET,S1,CPU_MATMUL,_RUN_1,98,155752,433579,589331,17858501,26.428611,VERTIFIED,DATA
DATA,DATASET,S1,CPU_MATMUL,_RUN_1,99,165498,400363,565861,17147301,29.247112,VERTIFIED,DATA
DATA,DATASET,S1,CPU_MATMUL,_RUN_1,100,171090,393877,564967,17120218,30.283185,VERTIFIED,DATA
DATA,DATASET,S1,CPU_MATMUL,_RUN_1,101,164546,423764,588310,17827576,27.969268,VERTIFIED,DATA
DATA,DATASET,S1,CPU_MATMUL,_RUN_1,102,162959,425846,588805,17842570,27.676226,VERTIFIED,DATA
DATA,DATASET,S1,CPU_MATMUL,_RUN_1,103,183215,413699,596914,18088303,30.693701,VERTIFIED,DATA
DATA,DATASET,S1,CPU_MATMUL,_RUN_1,104,167766,457298,625064,18941325,26.839812,VERTIFIED,DATA
DATA,DATASET,S1,CPU_MATMUL,_RUN_1,105,164335,422578,586913,17785236,27.999891,VERTIFIED,DATA
DATA,DATASET,S1,CPU_MATMUL,_RUN_1,106,174158,428144,602302,18251586,28.915395,VERTIFIED,DATA
DATA,DATASET,S1,CPU_MATMUL,_RUN_1,107,155763,425026,580789,17599670,26.819206,VERTIFIED,DATA
DATA,DATASET,S1,CPU_MATMUL,_RUN_1,108,171780,422955,594735,18022287,28.883452,VERTIFIED,DATA
DATA,DATASET,S1,CPU_MATMUL,_RUN_1,109,177803,420690,598493,18136151,29.708451,VERTIFIED,DATA
DATA,DATASET,S1,CPU_MATMUL,_RUN_1,110,185681,404778,590459,17892703,31.446891,VERTIFIED,DATA
DATA,DATASET,S1,CPU_MATMUL,_RUN_1,111,164427,409146,573573,17381005,28.667144,VERTIFIED,DATA
DATA,DATASET,S1,CPU_MATMUL,_RUN_1,112,171895,423740,595635,18049539,28.859117,VERTIFIED,DATA
DATA,DATASET,S1,CPU_MATMUL,_RUN_1,113,187459,397477,584936,17725347,32.047780,VERTIFIED,DATA
DATA,DATASET,S1,CPU_MATMUL,_RUN_1,114,164806,439070,603876,18299272,27.291364,VERTIFIED,DATA
DATA,DATASET,S1,CPU_MATMUL,_RUN_1,115,180969,400558,581527,17622032,31.119621,VERTIFIED,DATA
DATA,DATASET,S1,CPU_MATMUL,_RUN_1,116,171497,435942,607439,18407244,28.232794,VERTIFIED,DATA
DATA,DATASET,S1,CPU_MATMUL,_RUN_1,117,161495,425692,587187,17793538,27.503163,VERTIFIED,DATA
DATA,DATASET,S1,CPU_MATMUL,_RUN_1,118,173650,434358,608008,18424498,28.560479,VERTIFIED,DATA
DATA,DATASET,S1,CPU_MATMUL,_RUN_1,119,173255,437020,610275,18493168,28.389660,VERTIFIED,DATA
DATA,DATASET,S1,CPU_MATMUL,_RUN_1,120,170183,406301,576484,17469220,29.520854,VERTIFIED,DATA
DATA,DATASET,S1,CPU_MATMUL,_RUN_1,121,162183,384958,547141,16580025,29.641902,VERTIFIED,DATA
DATA,DATASET,S1,CPU_MATMUL,_RUN_1,122,177296,402195,579491,17560319,30.595126,VERTIFIED,DATA
DATA,DATASET,S1,CPU_MATMUL,_RUN_1,123,160821,433691,594512,18015527,27.050926,VERTIFIED,DATA
DATA,DATASET,S1,CPU_MATMUL,_RUN_1,124,169341,450549,619890,18784556,27.317911,VERTIFIED,DATA
DATA,DATASET,S1,CPU_MATMUL,_RUN_1,125,173237,423069,596306,18069866,29.051695,VERTIFIED,DATA
DATA,DATASET,S1,CPU_MATMUL,_RUN_1,126,167448,396718,564166,17095941,29.680626,VERTIFIED,DATA
DATA,DATASET,S1,CPU_MATMUL,_RUN_1,127,172951,403770,576721,17476400,29.988677,VERTIFIED,DATA
DATA,DATASET,S1,CPU_MATMUL,_RUN_1,128,173450,423769,597219,18097535,29.042947,VERTIFIED,DATA
DATA,DATASET,S1,CPU_MATMUL,_RUN_1,129,168827,472096,640923,19421918,26.341230,VERTIFIED,DATA
DATA,DATASET,S1,CPU_MATMUL,_RUN_1,130,163661,412709,576370,17465748,28.395128,VERTIFIED,DATA
DATA,DATASET,S1,CPU_MATMUL,_RUN_1,131,183314,424830,608144,18428610,30.143190,VERTIFIED,DATA
DATA,DATASET,S1,CPU_MATMUL,_RUN_1,132,186148,437542,623690,18899705,29.846238,VERTIFIED,DATA
DATA,DATASET,S1,CPU_MATMUL,_RUN_1,133,177303,424111,601414,18224657,29.481023,VERTIFIED,DATA
DATA,DATASET,S1,CPU_MATMUL,_RUN_1,134,163143,441147,604290,18311817,26.997468,VERTIFIED,DATA
DATA,DATASET,S1,CPU_MATMUL,_RUN_1,135,180107,397911,578018,17515695,31.159410,VERTIFIED,DATA
DATA,DATASET,S1,CPU_MATMUL,_RUN_1,136,177610,398732,576342,17464924,30.816772,VERTIFIED,DATA
DATA,DATASET,S1,CPU_MATMUL,_RUN_1,137,174597,449204,623801,18903056,27.989215,VERTIFIED,DATA
DATA,DATASET,S1,CPU_MATMUL,_RUN_1,138,172860,406315,579175,17550754,29.845901,VERTIFIED,DATA
DATA,DATASET,S1,CPU_MATMUL,_RUN_1,139,171723,441229,612952,18574291,28.015734,VERTIFIED,DATA
DATA,DATASET,S1,CPU_MATMUL,_RUN_1,140,155585,465501,621086,18820798,25.050476,VERTIFIED,DATA
DATA,DATASET,S1,CPU_MATMUL,_RUN_1,141,176029,436389,612418,18558127,28.743277,VERTIFIED,DATA
DATA,DATASET,S1,CPU_MATMUL,_RUN_1,142,178868,410240,589108,17851757,30.362514,VERTIFIED,DATA
DATA,DATASET,S1,CPU_MATMUL,_RUN_1,143,177853,440028,617881,18723652,28.784345,VERTIFIED,DATA
DATA,DATASET,S1,CPU_MATMUL,_RUN_1,144,167514,411963,579477,17559899,28.907791,VERTIFIED,DATA
DATA,DATASET,S1,CPU_MATMUL,_RUN_1,145,176977,415050,592027,17940220,29.893400,VERTIFIED,DATA
DATA,DATASET,S1,CPU_MATMUL,_RUN_1,146,185078,388231,573309,17372993,32.282417,VERTIFIED,DATA
DATA,DATASET,S1,CPU_MATMUL,_RUN_1,147,179629,386063,565692,17142167,31.753852,VERTIFIED,DATA
DATA,DATASET,S1,CPU_MATMUL,_RUN_1,148,169094,401305,570399,17284817,29.644863,VERTIFIED,DATA
DATA,DATASET,S1,CPU_MATMUL,_RUN_1,149,165788,447486,613274,18584061,27.033267,VERTIFIED,DATA
DATA,DATASET,S1,CPU_MATMUL,_RUN_1,150,156762,473604,630366,19101996,24.868410,VERTIFIED,DATA
DATA,DATASET,S1,CPU_MATMUL,_RUN_1,151,182633,411278,593911,17997290,30.750904,VERTIFIED,DATA
DATA,DATASET,S1,CPU_MATMUL,_RUN_1,152,184123,411078,595201,18036409,30.934592,VERTIFIED,DATA
DATA,DATASET,S1,CPU_MATMUL,_RUN_1,153,174083,398808,572891,17360341,30.386758,VERTIFIED,DATA
DATA,DATASET,S1,CPU_MATMUL,_RUN_1,154,164559,438072,602631,18261554,27.306760,VERTIFIED,DATA
DATA,DATASET,S1,CPU_MATMUL,_RUN_1,155,177031,378405,555436,16831408,31.872439,VERTIFIED,DATA
DATA,DATASET,S1,CPU_MATMUL,_RUN_1,156,168327,425177,593504,17984966,28.361561,VERTIFIED,DATA
DATA,DATASET,S1,CPU_MATMUL,_RUN_1,157,167165,427471,594636,18019275,28.112156,VERTIFIED,DATA
DATA,DATASET,S1,CPU_MATMUL,_RUN_1,158,176398,398436,574834,17419198,30.686772,VERTIFIED,DATA
DATA,DATASET,S1,CPU_MATMUL,_RUN_1,159,167265,387628,554893,16814947,30.143649,VERTIFIED,DATA
DATA,DATASET,S1,CPU_MATMUL,_RUN_1,160,154709,477387,632096,19154428,24.475554,VERTIFIED,DATA
DATA,DATASET,S1,CPU_MATMUL,_RUN_1,161,159340,401140,560480,16984257,28.429204,VERTIFIED,DATA
DATA,DATASET,S1,CPU_MATMUL,_RUN_1,162,176595,433882,610477,18499313,28.927380,VERTIFIED,DATA
DATA,DATASET,S1,CPU_MATMUL,_RUN_1,163,182240,382174,564414,17103462,32.288356,VERTIFIED,DATA
DATA,DATASET,S1,CPU_MATMUL,_RUN_1,164,171875,403231,575106,17427444,29.885795,VERTIFIED,DATA
DATA,DATASET,S1,CPU_MATMUL,_RUN_1,165,159297,399110,558407,16921419,28.527042,VERTIFIED,DATA
DATA,DATASET,S1,CPU_MATMUL,_RUN_1,166,171111,396530,567641,17201240,30.144228,VERTIFIED,DATA
DATA,DATASET,S1,CPU_MATMUL,_RUN_1,167,152453,422895,575348,17434795,26.497528,VERTIFIED,DATA
DATA,DATASET,S1,CPU_MATMUL,_RUN_1,168,169090,420369,589459,17862403,28.685625,VERTIFIED,DATA
DATA,DATASET,S1,CPU_MATMUL,_RUN_1,169,168700,437243,605943,18361912,27.840903,VERTIFIED,DATA
DATA,DATASET,S1,CPU_MATMUL,_RUN_1,170,172644,394540,567184,17187404,30.438799,VERTIFIED,DATA
DATA,DATASET,S1,CPU_MATMUL,_RUN_1,171,177235,417269,594504,18015278,29.812247,VERTIFIED,DATA
DATA,DATASET,S1,CPU_MATMUL,_RUN_1,172,173181,442399,615580,18653928,28.132980,VERTIFIED,DATA
DATA,DATASET,S1,CPU_MATMUL,_RUN_1,173,163559,453073,616632,18685807,26.524572,VERTIFIED,DATA
DATA,DATASET,S1,CPU_MATMUL,_RUN_1,174,184132,421934,606066,18365643,30.381510,VERTIFIED,DATA
DATA,DATASET,S1,CPU_MATMUL,_RUN_1,175,181445,432295,613740,18598182,29.563822,VERTIFIED,DATA
DATA,DATASET,S1,CPU_MATMUL,_RUN_1,176,168323,453146,621469,18832382,27.084698,VERTIFIED,DATA
DATA,DATASET,S1,CPU_MATMUL,_RUN_1,177,168726,408162,576888,17481440,29.247618,VERTIFIED,DATA
DATA,DATASET,S1,CPU_MATMUL,_RUN_1,178,166318,423798,590116,17882290,28.183950,VERTIFIED,DATA
DATA,DATASET,S1,CPU_MATMUL,_RUN_1,179,165520,377224,542744,16446793,30.496883,VERTIFIED,DATA
DATA,DATASET,S1,CPU_MATMUL,_RUN_1,180,177886,406313,584199,17703004,30.449556,VERTIFIED,DATA
DATA,DATASET,S1,CPU_MATMUL,_RUN_1,181,159144,443477,602621,18261233,26.408638,VERTIFIED,DATA
DATA,DATASET,S1,CPU_MATMUL,_RUN_1,182,164042,424551,588593,17836154,27.870192,VERTIFIED,DATA
DATA,DATASET,S1,CPU_MATMUL,_RUN_1,183,185080,401974,587054,17789522,31.526912,VERTIFIED,DATA
DATA,DATASET,S1,CPU_MATMUL,_RUN_1,184,169176,417486,586662,17777641,28.837048,VERTIFIED,DATA
DATA,DATASET,S1,CPU_MATMUL,_RUN_1,185,180080,374132,554212,16794292,32.492981,VERTIFIED,DATA
DATA,DATASET,S1,CPU_MATMUL,_RUN_1,186,176372,420965,597337,18101128,29.526381,VERTIFIED,DATA
DATA,DATASET,S1,CPU_MATMUL,_RUN_1,187,156077,408572,564649,17110565,27.641420,VERTIFIED,DATA
DATA,DATASET,S1,CPU_MATMUL,_RUN_1,188,177892,418769,596661,18080651,29.814585,VERTIFIED,DATA
DATA,DATASET,S1,CPU_MATMUL,_RUN_1,189,176180,421241,597421,18103661,29.490092,VERTIFIED,DATA
DATA,DATASET,S1,CPU_MATMUL,_RUN_1,190,157624,408494,566118,17155081,27.842959,VERTIFIED,DATA
DATA,DATASET,S1,CPU_MATMUL,_RUN_1,191,184006,373662,557668,16899023,32.995617,VERTIFIED,DATA
DATA,DATASET,S1,CPU_MATMUL,_RUN_1,192,170189,422454,592643,17958869,28.716951,VERTIFIED,DATA
DATA,DATASET,S1,CPU_MATMUL,_RUN_1,193,180703,362713,543416,16467143,33.253161,VERTIFIED,DATA
DATA,DATASET,S1,CPU_MATMUL,_RUN_1,194,185661,396483,582144,17640735,31.892625,VERTIFIED,DATA
DATA,DATASET,S1,CPU_MATMUL,_RUN_1,195,164127,411442,575569,17441490,28.515608,VERTIFIED,DATA
DATA,DATASET,S1,CPU_MATMUL,_RUN_1,196,162033,419593,581626,17625017,27.858624,VERTIFIED,DATA
DATA,DATASET,S1,CPU_MATMUL,_RUN_1,197,175288,395020,570308,17282046,30.735673,VERTIFIED,DATA
DATA,DATASET,S1,CPU_MATMUL,_RUN_1,198,176547,431142,607689,18414816,29.052196,VERTIFIED,DATA
DATA,DATASET,S1,CPU_MATMUL,_RUN_1,199,176002,427470,603472,18287037,29.164899,VERTIFIED,DATA
DATA,DATASET,S1,CPU_MATMUL,_RUN_1,200,180780,406862,587642,17807346,30.763628,VERTIFIED,DATA
DATA,DATASET,S1,CPU_MATMUL,_RUN_1,201,166470,451700,618170,18732423,26.929485,VERTIFIED,DATA
DATA,DATASET,S1,CPU_MATMUL,_RUN_1,202,172850,424875,597725,18112880,28.917981,VERTIFIED,DATA
DATA,DATASET,S1,CPU_MATMUL,_RUN_1,203,160552,449127,609679,18475133,26.333858,VERTIFIED,DATA
DATA,DATASET,S1,CPU_MATMUL,_RUN_1,204,176469,426788,603257,18280526,29.252707,VERTIFIED,DATA
DATA,DATASET,S1,CPU_MATMUL,_RUN_1,205,167191,437741,604932,18331281,27.637982,VERTIFIED,DATA
DATA,DATASET,S1,CPU_MATMUL,_RUN_1,206,164271,427936,592207,17945654,27.738781,VERTIFIED,DATA
DATA,DATASET,S1,CPU_MATMUL,_RUN_1,207,164555,414395,578950,17543953,28.423007,VERTIFIED,DATA
DATA,DATASET,S1,CPU_MATMUL,_RUN_1,208,173463,421159,594622,18018854,29.171978,VERTIFIED,DATA
DATA,DATASET,S1,CPU_MATMUL,_RUN_1,209,151722,451813,603535,18288939,25.138890,VERTIFIED,DATA
DATA,DATASET,S1,CPU_MATMUL,_RUN_1,210,161621,423900,585521,17743072,27.602938,VERTIFIED,DATA
DATA,DATASET,S1,CPU_MATMUL,_RUN_1,211,174103,399009,573112,17367017,30.378530,VERTIFIED,DATA
DATA,DATASET,S1,CPU_MATMUL,_RUN_1,212,176070,388135,564205,17097136,31.206742,VERTIFIED,DATA
DATA,DATASET,S1,CPU_MATMUL,_RUN_1,213,164042,420667,584709,17718455,28.055323,VERTIFIED,DATA
DATA,DATASET,S1,CPU_MATMUL,_RUN_1,214,174822,442904,617726,18718973,28.300897,VERTIFIED,DATA
DATA,DATASET,S1,CPU_MATMUL,_RUN_1,215,175824,393737,569561,17259424,30.870091,VERTIFIED,DATA
DATA,DATASET,S1,CPU_MATMUL,_RUN_1,216,175188,392042,567230,17188781,30.884826,VERTIFIED,DATA
DATA,DATASET,S1,CPU_MATMUL,_RUN_1,217,190578,403938,594516,18015639,32.055992,VERTIFIED,DATA
DATA,DATASET,S1,CPU_MATMUL,_RUN_1,218,166086,424063,590149,17883293,28.143062,VERTIFIED,DATA
DATA,DATASET,S1,CPU_MATMUL,_RUN_1,219,174932,407857,582789,17660269,30.016352,VERTIFIED,DATA
DATA,DATASET,S1,CPU_MATMUL,_RUN_1,220,171269,463905,635174,19247711,26.964107,VERTIFIED,DATA
DATA,DATASET,S1,CPU_MATMUL,_RUN_1,221,173514,426688,600202,18187951,28.909267,VERTIFIED,DATA
DATA,DATASET,S1,CPU_MATMUL,_RUN_1,222,175069,415861,590930,17906973,29.626013,VERTIFIED,DATA
DATA,DATASET,S1,CPU_MATMUL,_RUN_1,223,181179,414643,595822,18055213,30.408243,VERTIFIED,DATA
DATA,DATASET,S1,CPU_MATMUL,_RUN_1,224,172065,407778,579843,17570995,29.674412,VERTIFIED,DATA
DATA,DATASET,S1,CPU_MATMUL,_RUN_1,225,170023,470272,640295,19402874,26.553854,VERTIFIED,DATA
DATA,DATASET,S1,CPU_MATMUL,_RUN_1,226,176617,430710,607327,18403839,29.081039,VERTIFIED,DATA
DATA,DATASET,S1,CPU_MATMUL,_RUN_1,227,166394,420670,587064,17789826,28.343417,VERTIFIED,DATA
DATA,DATASET,S1,CPU_MATMUL,_RUN_1,228,157811,430121,587932,17816116,26.841710,VERTIFIED,DATA
DATA,DATASET,S1,CPU_MATMUL,_RUN_1,229,190455,367311,557766,16901991,34.146040,VERTIFIED,DATA
DATA,DATASET,S1,CPU_MATMUL,_RUN_1,230,174828,430962,605790,18357264,28.859506,VERTIFIED,DATA
DATA,DATASET,S1,CPU_MATMUL,_RUN_1,231,182273,420847,603120,18276365,30.221681,VERTIFIED,DATA
DATA,DATASET,S1,CPU_MATMUL,_RUN_1,232,171079,400392,571471,17317298,29.936602,VERTIFIED,DATA
DATA,DATASET,S1,CPU_MATMUL,_RUN_1,233,175926,432050,607976,18423508,28.936340,VERTIFIED,DATA
DATA,DATASET,S1,CPU_MATMUL,_RUN_1,234,164768,442311,607079,18396341,27.141113,VERTIFIED,DATA
DATA,DATASET,S1,CPU_MATMUL,_RUN_1,235,173215,393954,567169,17186947,30.540280,VERTIFIED,DATA
DATA,DATASET,S1,CPU_MATMUL,_RUN_1,236,192148,418149,610297,18493853,31.484343,VERTIFIED,DATA
DATA,DATASET,S1,CPU_MATMUL,_RUN_1,237,168386,408741,577127,17488696,29.176594,VERTIFIED,DATA
DATA,DATASET,S1,CPU_MATMUL,_RUN_1,238,169281,402873,572154,17337987,29.586615,VERTIFIED,DATA
DATA,DATASET,S1,CPU_MATMUL,_RUN_1,239,158825,437876,596701,18081851,26.617183,VERTIFIED,DATA
DATA,DATASET,S1,CPU_MATMUL,_RUN_1,240,180306,413960,594266,18008074,30.340958,VERTIFIED,DATA
DATA,DATASET,S1,CPU_MATMUL,_RUN_1,241,169053,430856,599909,18179072,28.179774,VERTIFIED,DATA
DATA,DATASET,S1,CPU_MATMUL,_RUN_1,242,174870,458745,633615,19200451,27.598778,VERTIFIED,DATA
DATA,DATASET,S1,CPU_MATMUL,_RUN_1,243,184610,405106,589716,17870174,31.304899,VERTIFIED,DATA
DATA,DATASET,S1,CPU_MATMUL,_RUN_1,244,148010,432930,580940,17604235,25.477674,VERTIFIED,DATA
DATA,DATASET,S1,CPU_MATMUL,_RUN_1,245,169882,401450,571332,17313090,29.734375,VERTIFIED,DATA
DATA,DATASET,S1,CPU_MATMUL,_RUN_1,246,162758,433229,595987,18060210,27.308985,VERTIFIED,DATA
DATA,DATASET,S1,CPU_MATMUL,_RUN_1,247,173052,441561,614613,18624628,28.156254,VERTIFIED,DATA
DATA,DATASET,S1,CPU_MATMUL,_RUN_1,248,176175,398798,574973,17423429,30.640569,VERTIFIED,DATA
DATA,DATASET,S1,CPU_MATMUL,_RUN_1,249,174174,435973,610147,18489308,28.546236,VERTIFIED,DATA
DATA,DATASET,S1,CPU_MATMUL,_RUN_1,250,159650,412577,572227,17340223,27.899767,VERTIFIED,DATA
DATA,DATASET,S1,CPU_MATMUL,_RUN_1,251,168397,427425,595822,18055218,28.262971,VERTIFIED,DATA
DATA,DATASET,S1,CPU_MATMUL,_RUN_1,252,169744,412421,582165,17641359,29.157369,VERTIFIED,DATA
DATA,DATASET,S1,CPU_MATMUL,_RUN_1,253,184414,391385,575799,17448447,32.027496,VERTIFIED,DATA
DATA,DATASET,S1,CPU_MATMUL,_RUN_1,254,175620,407163,582783,17660089,30.134716,VERTIFIED,DATA
DATA,DATASET,S1,CPU_MATMUL,_RUN_1,255,168129,443309,611438,18528410,27.497310,VERTIFIED,DATA
DATA,DATASET,S1,CPU_MATMUL,_RUN_1,256,165688,422842,588530,17834235,28.152855,VERTIFIED,DATA
DATA,DATASET,S1,CPU_MATMUL,_RUN_1,257,172319,435212,607531,18410026,28.363820,VERTIFIED,DATA
DATA,DATASET,S1,CPU_MATMUL,_RUN_1,258,163389,420405,583794,17690723,27.987441,VERTIFIED,DATA
DATA,DATASET,S1,CPU_MATMUL,_RUN_1,259,171018,461544,632562,19168538,27.035769,VERTIFIED,DATA
DATA,DATASET,S1,CPU_MATMUL,_RUN_1,260,174772,439184,613956,18604737,28.466535,VERTIFIED,DATA
DATA,DATASET,S1,CPU_MATMUL,_RUN_1,261,173418,396501,569919,17270281,30.428535,VERTIFIED,DATA
DATA,DATASET,S1,CPU_MATMUL,_RUN_1,262,153927,437526,591453,17922813,26.025229,VERTIFIED,DATA
DATA,DATASET,S1,CPU_MATMUL,_RUN_1,263,167042,422847,589889,17875422,28.317531,VERTIFIED,DATA
DATA,DATASET,S1,CPU_MATMUL,_RUN_1,264,163944,435771,599715,18173174,27.336985,VERTIFIED,DATA
DATA,DATASET,S1,CPU_MATMUL,_RUN_1,265,173610,429796,603406,18285026,28.771673,VERTIFIED,DATA
DATA,DATASET,S1,CPU_MATMUL,_RUN_1,266,164452,429448,593900,17996957,27.690184,VERTIFIED,DATA
DATA,DATASET,S1,CPU_MATMUL,_RUN_1,267,175502,448255,623757,18901733,28.136277,VERTIFIED,DATA
DATA,DATASET,S1,CPU_MATMUL,_RUN_1,268,171227,391985,563212,17067022,30.401874,VERTIFIED,DATA
DATA,DATASET,S1,CPU_MATMUL,_RUN_1,269,174500,396704,571204,17309199,30.549506,VERTIFIED,DATA
DATA,DATASET,S1,CPU_MATMUL,_RUN_1,270,163841,424422,588263,17826139,27.851658,VERTIFIED,DATA
DATA,DATASET,S1,CPU_MATMUL,_RUN_1,271,179315,397573,576888,17481449,31.083157,VERTIFIED,DATA
DATA,DATASET,S1,CPU_MATMUL,_RUN_1,272,164739,422959,587698,17809026,28.031234,VERTIFIED,DATA
DATA,DATASET,S1,CPU_MATMUL,_RUN_1,273,169928,414879,584807,17721413,29.057108,VERTIFIED,DATA
DATA,DATASET,S1,CPU_MATMUL,_RUN_1,274,171811,393671,565482,17135828,30.383107,VERTIFIED,DATA
DATA,DATASET,S1,CPU_MATMUL,_RUN_1,275,171617,414434,586051,17759116,29.283629,VERTIFIED,DATA
DATA,DATASET,S1,CPU_MATMUL,_RUN_1,276,162750,457767,620517,18803546,26.228129,VERTIFIED,DATA
DATA,DATASET,S1,CPU_MATMUL,_RUN_1,277,161566,419417,580983,17605560,27.809075,VERTIFIED,DATA
DATA,DATASET,S1,CPU_MATMUL,_RUN_1,278,168657,432410,601067,18214151,28.059601,VERTIFIED,DATA
DATA,DATASET,S1,CPU_MATMUL,_RUN_1,279,174671,425394,600065,18183790,29.108680,VERTIFIED,DATA
DATA,DATASET,S1,CPU_MATMUL,_RUN_1,280,190007,398816,588823,17843122,32.268950,VERTIFIED,DATA
DATA,DATASET,S1,CPU_MATMUL,_RUN_1,281,166130,437562,603692,18293701,27.519000,VERTIFIED,DATA
DATA,DATASET,S1,CPU_MATMUL,_RUN_1,282,158822,417746,576568,17471769,27.546100,VERTIFIED,DATA
DATA,DATASET,S1,CPU_MATMUL,_RUN_1,283,157584,461682,619266,18765631,25.446900,VERTIFIED,DATA
DATA,DATASET,S1,CPU_MATMUL,_RUN_1,284,187458,421973,609431,18467608,30.759512,VERTIFIED,DATA
DATA,DATASET,S1,CPU_MATMUL,_RUN_1,285,174223,390547,564770,17114249,30.848487,VERTIFIED,DATA
DATA,DATASET,S1,CPU_MATMUL,_RUN_1,286,159604,416063,575667,17444443,27.725056,VERTIFIED,DATA
DATA,DATASET,S1,CPU_MATMUL,_RUN_1,287,177183,414394,591577,17926568,29.950962,VERTIFIED,DATA
DATA,DATASET,S1,CPU_MATMUL,_RUN_1,288,184008,437357,621365,18829243,29.613512,VERTIFIED,DATA
DATA,DATASET,S1,CPU_MATMUL,_RUN_1,289,174361,409305,583666,17686846,29.873421,VERTIFIED,DATA
DATA,DATASET,S1,CPU_MATMUL,_RUN_1,290,171155,441383,612538,18561751,27.941940,VERTIFIED,DATA
DATA,DATASET,S1,CPU_MATMUL,_RUN_1,291,178006,473360,651366,19738349,27.328107,VERTIFIED,DATA
DATA,DATASET,S1,CPU_MATMUL,_RUN_1,292,179372,399808,579180,17550910,30.969992,VERTIFIED,DATA
DATA,DATASET,S1,CPU_MATMUL,_RUN_1,293,160800,433221,594021,18000635,27.069750,VERTIFIED,DATA
DATA,DATASET,S1,CPU_MATMUL,_RUN_1,294,182082,427474,609556,18471399,29.871251,VERTIFIED,DATA
DATA,DATASET,S1,CPU_MATMUL,_RUN_1,295,182191,430626,612817,18570198,29.730083,VERTIFIED,DATA
DATA,DATASET,S1,CPU_MATMUL,_RUN_1,296,155935,430303,586238,17764778,26.599265,VERTIFIED,DATA
DATA,DATASET,S1,CPU_MATMUL,_RUN_1,297,195695,360261,555956,16847142,35.199728,VERTIFIED,DATA
DATA,DATASET,S1,CPU_MATMUL,_RUN_1,298,173840,391313,565153,17125835,30.759812,VERTIFIED,DATA
DATA,DATASET,S1,CPU_MATMUL,_RUN_1,299,169710,433051,602761,18265478,28.155438,VERTIFIED,DATA
DATA,DATASET,S1,CPU_MATMUL,_RUN_1,300,177216,432542,609758,18477502,29.063333,VERTIFIED,DATA
DATA,DATASET,S1,SCENE_CONTROLLER,_RUN_1,1,1768,603450,605218,18339940,0.292126,VERTIFIED,DATA
DATA,DATASET,S1,SCENE_CONTROLLER,_RUN_1,2,1723,593798,595521,18046083,0.289326,VERTIFIED,DATA
DATA,DATASET,S1,SCENE_CONTROLLER,_RUN_1,3,1744,593440,595184,18035876,0.293019,VERTIFIED,DATA
DATA,DATASET,S1,SCENE_CONTROLLER,_RUN_1,4,1729,613442,615171,18641547,0.281060,VERTIFIED,DATA
DATA,DATASET,S1,SCENE_CONTROLLER,_RUN_1,5,1757,605979,607736,18416238,0.289106,VERTIFIED,DATA
DATA,DATASET,S1,SCENE_CONTROLLER,_RUN_1,6,1717,628706,630423,19103724,0.272357,VERTIFIED,DATA
DATA,DATASET,S1,SCENE_CONTROLLER,_RUN_1,7,1740,601751,603491,18287611,0.288322,VERTIFIED,DATA
DATA,DATASET,S1,SCENE_CONTROLLER,_RUN_1,8,1715,598053,599768,18174799,0.285944,VERTIFIED,DATA
DATA,DATASET,S1,SCENE_CONTROLLER,_RUN_1,9,1687,606823,608510,18439694,0.277235,VERTIFIED,DATA
DATA,DATASET,S1,SCENE_CONTROLLER,_RUN_1,10,1702,608613,610315,18494382,0.278872,VERTIFIED,DATA
DATA,DATASET,S1,SCENE_CONTROLLER,_RUN_1,11,1789,587440,589229,17855435,0.303617,VERTIFIED,DATA
DATA,DATASET,S1,SCENE_CONTROLLER,_RUN_1,12,1732,591631,593363,17980682,0.291896,VERTIFIED,DATA
DATA,DATASET,S1,SCENE_CONTROLLER,_RUN_1,13,1703,607402,609105,18457717,0.279591,VERTIFIED,DATA
DATA,DATASET,S1,SCENE_CONTROLLER,_RUN_1,14,1729,579115,580844,17601336,0.297670,VERTIFIED,DATA
DATA,DATASET,S1,SCENE_CONTROLLER,_RUN_1,15,1774,596809,598583,18138877,0.296367,VERTIFIED,DATA
DATA,DATASET,S1,SCENE_CONTROLLER,_RUN_1,16,1753,597723,599476,18165945,0.292422,VERTIFIED,DATA
DATA,DATASET,S1,SCENE_CONTROLLER,_RUN_1,17,1764,584495,586259,17765435,0.300891,VERTIFIED,DATA
DATA,DATASET,S1,SCENE_CONTROLLER,_RUN_1,18,1724,589422,591146,17913510,0.291637,VERTIFIED,DATA
DATA,DATASET,S1,SCENE_CONTROLLER,_RUN_1,19,1744,604918,606662,18383707,0.287475,VERTIFIED,DATA
DATA,DATASET,S1,SCENE_CONTROLLER,_RUN_1,20,1717,584136,585853,17753113,0.293077,VERTIFIED,DATA
DATA,DATASET,S1,SCENE_CONTROLLER,_RUN_1,21,1695,584266,585961,17756401,0.289268,VERTIFIED,DATA
DATA,DATASET,S1,SCENE_CONTROLLER,_RUN_1,22,1718,604174,605892,18360374,0.283549,VERTIFIED,DATA
DATA,DATASET,S1,SCENE_CONTROLLER,_RUN_1,23,1718,568527,570245,17280166,0.301274,VERTIFIED,DATA
DATA,DATASET,S1,SCENE_CONTROLLER,_RUN_1,24,1742,601378,603120,18276354,0.288831,VERTIFIED,DATA
DATA,DATASET,S1,SCENE_CONTROLLER,_RUN_1,25,1753,616315,618068,18729325,0.283626,VERTIFIED,DATA
DATA,DATASET,S1,SCENE_CONTROLLER,_RUN_1,26,1736,605859,607595,18411984,0.285717,VERTIFIED,DATA
DATA,DATASET,S1,SCENE_CONTROLLER,_RUN_1,27,1710,599491,601201,18218204,0.284431,VERTIFIED,DATA
DATA,DATASET,S1,SCENE_CONTROLLER,_RUN_1,28,1728,598308,600036,18182900,0.287983,VERTIFIED,DATA
DATA,DATASET,S1,SCENE_CONTROLLER,_RUN_1,29,1756,620498,622254,18856183,0.282200,VERTIFIED,DATA
DATA,DATASET,S1,SCENE_CONTROLLER,_RUN_1,30,1703,557481,559184,16944955,0.304551,VERTIFIED,DATA
DATA,DATASET,S1,SCENE_CONTROLLER,_RUN_1,31,1723,584646,586369,17768751,0.293842,VERTIFIED,DATA
DATA,DATASET,S1,SCENE_CONTROLLER,_RUN_1,32,1747,587872,589619,17867231,0.296293,VERTIFIED,DATA
DATA,DATASET,S1,SCENE_CONTROLLER,_RUN_1,33,1703,565009,566712,17173083,0.300505,VERTIFIED,DATA
DATA,DATASET,S1,SCENE_CONTROLLER,_RUN_1,34,1748,606233,607981,18423681,0.287509,VERTIFIED,DATA
DATA,DATASET,S1,SCENE_CONTROLLER,_RUN_1,35,1791,591259,593050,17971208,0.301998,VERTIFIED,DATA
DATA,DATASET,S1,SCENE_CONTROLLER,_RUN_1,36,1785,593553,595338,18040539,0.299830,VERTIFIED,DATA
DATA,DATASET,S1,SCENE_CONTROLLER,_RUN_1,37,1763,583864,585627,17746280,0.301045,VERTIFIED,DATA
DATA,DATASET,S1,SCENE_CONTROLLER,_RUN_1,38,1802,619081,620883,18814632,0.290232,VERTIFIED,DATA
DATA,DATASET,S1,SCENE_CONTROLLER,_RUN_1,39,1702,597337,599039,18152687,0.284122,VERTIFIED,DATA
DATA,DATASET,S1,SCENE_CONTROLLER,_RUN_1,40,1721,581150,582871,17662762,0.295263,VERTIFIED,DATA
DATA,DATASET,S1,SCENE_CONTROLLER,_RUN_1,41,1776,606428,608204,18430410,0.292007,VERTIFIED,DATA
DATA,DATASET,S1,SCENE_CONTROLLER,_RUN_1,42,1737,612152,613889,18602702,0.282950,VERTIFIED,DATA
DATA,DATASET,S1,SCENE_CONTROLLER,_RUN_1,43,1729,570294,572023,17334036,0.302261,VERTIFIED,DATA
DATA,DATASET,S1,SCENE_CONTROLLER,_RUN_1,44,1749,570048,571797,17327175,0.305878,VERTIFIED,DATA
DATA,DATASET,S1,SCENE_CONTROLLER,_RUN_1,45,1709,576431,578140,17519397,0.295603,VERTIFIED,DATA
DATA,DATASET,S1,SCENE_CONTROLLER,_RUN_1,46,1710,584485,586195,17763485,0.291712,VERTIFIED,DATA
DATA,DATASET,S1,SCENE_CONTROLLER,_RUN_1,47,1722,588454,590176,17884114,0.291777,VERTIFIED,DATA
DATA,DATASET,S1,SCENE_CONTROLLER,_RUN_1,48,1739,610026,611765,18538340,0.284259,VERTIFIED,DATA
DATA,DATASET,S1,SCENE_CONTROLLER,_RUN_1,49,1786,610930,612716,18567137,0.291489,VERTIFIED,DATA
DATA,DATASET,S1,SCENE_CONTROLLER,_RUN_1,50,1724,595696,597420,18103646,0.288574,VERTIFIED,DATA
DATA,DATASET,S1,SCENE_CONTROLLER,_RUN_1,51,1784,577617,579401,17557594,0.307904,VERTIFIED,DATA
DATA,DATASET,S1,SCENE_CONTROLLER,_RUN_1,52,1734,571697,573431,17376693,0.302390,VERTIFIED,DATA
DATA,DATASET,S1,SCENE_CONTROLLER,_RUN_1,53,1725,584705,586430,17770615,0.294153,VERTIFIED,DATA
DATA,DATASET,S1,SCENE_CONTROLLER,_RUN_1,54,1779,572875,574654,17413763,0.309578,VERTIFIED,DATA
DATA,DATASET,S1,SCENE_CONTROLLER,_RUN_1,55,1718,585962,587680,17808494,0.292336,VERTIFIED,DATA
DATA,DATASET,S1,SCENE_CONTROLLER,_RUN_1,56,1686,595029,596715,18082287,0.282547,VERTIFIED,DATA
DATA,DATASET,S1,SCENE_CONTROLLER,_RUN_1,57,1744,595414,597158,18095690,0.292050,VERTIFIED,DATA
DATA,DATASET,S1,SCENE_CONTROLLER,_RUN_1,58,1713,611406,613119,18579362,0.279391,VERTIFIED,DATA
DATA,DATASET,S1,SCENE_CONTROLLER,_RUN_1,59,1734,637300,639034,19364664,0.271347,VERTIFIED,DATA
DATA,DATASET,S1,SCENE_CONTROLLER,_RUN_1,60,1746,597449,599195,18157423,0.291391,VERTIFIED,DATA
DATA,DATASET,S1,SCENE_CONTROLLER,_RUN_1,61,1694,573378,575072,17426433,0.294572,VERTIFIED,DATA
DATA,DATASET,S1,SCENE_CONTROLLER,_RUN_1,62,1712,563095,564807,17115377,0.303112,VERTIFIED,DATA
DATA,DATASET,S1,SCENE_CONTROLLER,_RUN_1,63,1745,572553,574298,17402974,0.303849,VERTIFIED,DATA
DATA,DATASET,S1,SCENE_CONTROLLER,_RUN_1,64,1715,588434,590149,17883311,0.290605,VERTIFIED,DATA
DATA,DATASET,S1,SCENE_CONTROLLER,_RUN_1,65,1766,640820,642586,19472302,0.274827,VERTIFIED,DATA
DATA,DATASET,S1,SCENE_CONTROLLER,_RUN_1,66,1727,575409,577136,17488976,0.299236,VERTIFIED,DATA
DATA,DATASET,S1,SCENE_CONTROLLER,_RUN_1,67,1731,588060,589791,17872453,0.293494,VERTIFIED,DATA
DATA,DATASET,S1,SCENE_CONTROLLER,_RUN_1,68,1754,600906,602660,18262435,0.291043,VERTIFIED,DATA
DATA,DATASET,S1,SCENE_CONTROLLER,_RUN_1,69,1747,619212,620959,18816933,0.281339,VERTIFIED,DATA
DATA,DATASET,S1,SCENE_CONTROLLER,_RUN_1,70,1712,569189,570901,17300036,0.299877,VERTIFIED,DATA
DATA,DATASET,S1,SCENE_CONTROLLER,_RUN_1,71,1767,575177,576944,17483160,0.306269,VERTIFIED,DATA
DATA,DATASET,S1,SCENE_CONTROLLER,_RUN_1,72,1716,589780,591496,17924111,0.290112,VERTIFIED,DATA
DATA,DATASET,S1,SCENE_CONTROLLER,_RUN_1,73,1703,613574,615277,18644751,0.276786,VERTIFIED,DATA
DATA,DATASET,S1,SCENE_CONTROLLER,_RUN_1,74,1706,606340,608046,18425629,0.280571,VERTIFIED,DATA
DATA,DATASET,S1,SCENE_CONTROLLER,_RUN_1,75,1735,598992,600727,18203849,0.288817,VERTIFIED,DATA
DATA,DATASET,S1,SCENE_CONTROLLER,_RUN_1,76,1748,570053,571801,17327291,0.305701,VERTIFIED,DATA
DATA,DATASET,S1,SCENE_CONTROLLER,_RUN_1,77,1758,612725,614483,18620700,0.286094,VERTIFIED,DATA
DATA,DATASET,S1,SCENE_CONTROLLER,_RUN_1,78,1742,608858,610600,18503039,0.285293,VERTIFIED,DATA
DATA,DATASET,S1,SCENE_CONTROLLER,_RUN_1,79,1731,594699,596430,18073636,0.290227,VERTIFIED,DATA
DATA,DATASET,S1,SCENE_CONTROLLER,_RUN_1,80,1727,596754,598481,18135787,0.288564,VERTIFIED,DATA
DATA,DATASET,S1,SCENE_CONTROLLER,_RUN_1,81,1705,582271,583976,17696235,0.291964,VERTIFIED,DATA
DATA,DATASET,S1,SCENE_CONTROLLER,_RUN_1,82,1741,578617,580358,17586593,0.299987,VERTIFIED,DATA
DATA,DATASET,S1,SCENE_CONTROLLER,_RUN_1,83,1716,581227,582943,17664937,0.294368,VERTIFIED,DATA
DATA,DATASET,S1,SCENE_CONTROLLER,_RUN_1,84,1745,599912,601657,18232021,0.290032,VERTIFIED,DATA
DATA,DATASET,S1,SCENE_CONTROLLER,_RUN_1,85,1726,618652,620378,18799324,0.278217,VERTIFIED,DATA
DATA,DATASET,S1,SCENE_CONTROLLER,_RUN_1,86,1771,561486,563257,17068379,0.314421,VERTIFIED,DATA
DATA,DATASET,S1,SCENE_CONTROLLER,_RUN_1,87,1755,581908,583663,17686764,0.300687,VERTIFIED,DATA
DATA,DATASET,S1,SCENE_CONTROLLER,_RUN_1,88,1735,595169,596904,18088003,0.290667,VERTIFIED,DATA
DATA,DATASET,S1,SCENE_CONTROLLER,_RUN_1,89,1745,602029,603774,18296184,0.289015,VERTIFIED,DATA
DATA,DATASET,S1,SCENE_CONTROLLER,_RUN_1,90,1717,585230,586947,17786281,0.292531,VERTIFIED,DATA
DATA,DATASET,S1,SCENE_CONTROLLER,_RUN_1,91,1745,592462,594207,18006262,0.293669,VERTIFIED,DATA
DATA,DATASET,S1,SCENE_CONTROLLER,_RUN_1,92,1700,584807,586507,17772945,0.289852,VERTIFIED,DATA
DATA,DATASET,S1,SCENE_CONTROLLER,_RUN_1,93,1753,590475,592228,17946305,0.296001,VERTIFIED,DATA
DATA,DATASET,S1,SCENE_CONTROLLER,_RUN_1,94,1755,589168,590923,17906748,0.296993,VERTIFIED,DATA
DATA,DATASET,S1,SCENE_CONTROLLER,_RUN_1,95,1747,600395,602142,18246741,0.290131,VERTIFIED,DATA
DATA,DATASET,S1,SCENE_CONTROLLER,_RUN_1,96,1734,604552,606286,18372308,0.286004,VERTIFIED,DATA
DATA,DATASET,S1,SCENE_CONTROLLER,_RUN_1,97,1756,619982,621738,18840554,0.282434,VERTIFIED,DATA
DATA,DATASET,S1,SCENE_CONTROLLER,_RUN_1,98,1774,544295,546069,16547551,0.324867,VERTIFIED,DATA
DATA,DATASET,S1,SCENE_CONTROLLER,_RUN_1,99,1792,589503,591295,17918018,0.303064,VERTIFIED,DATA
DATA,DATASET,S1,SCENE_CONTROLLER,_RUN_1,100,1689,587137,588826,17843210,0.286842,VERTIFIED,DATA
DATA,DATASET,S1,SCENE_CONTROLLER,_RUN_1,101,1784,597867,599651,18171247,0.297506,VERTIFIED,DATA
DATA,DATASET,S1,SCENE_CONTROLLER,_RUN_1,102,1772,593380,595152,18034895,0.297739,VERTIFIED,DATA
DATA,DATASET,S1,SCENE_CONTROLLER,_RUN_1,103,1727,605603,607330,18403927,0.284359,VERTIFIED,DATA
DATA,DATASET,S1,SCENE_CONTROLLER,_RUN_1,104,1697,584476,586173,17762819,0.289505,VERTIFIED,DATA
DATA,DATASET,S1,SCENE_CONTROLLER,_RUN_1,105,1721,596610,598331,18131232,0.287633,VERTIFIED,DATA
DATA,DATASET,S1,SCENE_CONTROLLER,_RUN_1,106,1776,585517,587293,17796751,0.302404,VERTIFIED,DATA
DATA,DATASET,S1,SCENE_CONTROLLER,_RUN_1,107,1675,614595,616270,18674846,0.271796,VERTIFIED,DATA
DATA,DATASET,S1,SCENE_CONTROLLER,_RUN_1,108,1706,600206,601912,18239770,0.283430,VERTIFIED,DATA
DATA,DATASET,S1,SCENE_CONTROLLER,_RUN_1,109,1789,593571,595360,18041218,0.300490,VERTIFIED,DATA
DATA,DATASET,S1,SCENE_CONTROLLER,_RUN_1,110,1782,602939,604721,18324889,0.294681,VERTIFIED,DATA
DATA,DATASET,S1,SCENE_CONTROLLER,_RUN_1,111,1726,590788,592514,17954981,0.291301,VERTIFIED,DATA
DATA,DATASET,S1,SCENE_CONTROLLER,_RUN_1,112,1700,593169,594869,18026329,0.285777,VERTIFIED,DATA
DATA,DATASET,S1,SCENE_CONTROLLER,_RUN_1,113,1714,607866,609580,18472109,0.281177,VERTIFIED,DATA
DATA,DATASET,S1,SCENE_CONTROLLER,_RUN_1,114,1701,590051,591752,17931893,0.287451,VERTIFIED,DATA
DATA,DATASET,S1,SCENE_CONTROLLER,_RUN_1,115,1708,566529,568237,17219311,0.300579,VERTIFIED,DATA
DATA,DATASET,S1,SCENE_CONTROLLER,_RUN_1,116,1774,602154,603928,18300849,0.293744,VERTIFIED,DATA
DATA,DATASET,S1,SCENE_CONTROLLER,_RUN_1,117,1701,597441,599142,18155830,0.283906,VERTIFIED,DATA
DATA,DATASET,S1,SCENE_CONTROLLER,_RUN_1,118,1763,603144,604907,18330524,0.291450,VERTIFIED,DATA
DATA,DATASET,S1,SCENE_CONTROLLER,_RUN_1,119,1773,585174,586947,17786272,0.302072,VERTIFIED,DATA
DATA,DATASET,S1,SCENE_CONTROLLER,_RUN_1,120,1804,602656,604460,18316972,0.298448,VERTIFIED,DATA
DATA,DATASET,S1,SCENE_CONTROLLER,_RUN_1,121,1733,585881,587614,17806472,0.294921,VERTIFIED,DATA
DATA,DATASET,S1,SCENE_CONTROLLER,_RUN_1,122,1721,602881,604602,18321281,0.284650,VERTIFIED,DATA
DATA,DATASET,S1,SCENE_CONTROLLER,_RUN_1,123,1715,619933,621648,18837826,0.275880,VERTIFIED,DATA
DATA,DATASET,S1,SCENE_CONTROLLER,_RUN_1,124,1716,606608,608324,18434070,0.282087,VERTIFIED,DATA
DATA,DATASET,S1,SCENE_CONTROLLER,_RUN_1,125,1732,600939,602671,18262762,0.287387,VERTIFIED,DATA
DATA,DATASET,S1,SCENE_CONTROLLER,_RUN_1,126,1749,589293,591042,17910357,0.295918,VERTIFIED,DATA
DATA,DATASET,S1,SCENE_CONTROLLER,_RUN_1,127,1751,603146,604897,18330204,0.289471,VERTIFIED,DATA
DATA,DATASET,S1,SCENE_CONTROLLER,_RUN_1,128,1691,607240,608931,18452466,0.277700,VERTIFIED,DATA
DATA,DATASET,S1,SCENE_CONTROLLER,_RUN_1,129,1732,572615,574347,17404443,0.301560,VERTIFIED,DATA
DATA,DATASET,S1,SCENE_CONTROLLER,_RUN_1,130,1766,590860,592626,17958360,0.297996,VERTIFIED,DATA
DATA,DATASET,S1,SCENE_CONTROLLER,_RUN_1,131,1738,594888,596626,18079581,0.291305,VERTIFIED,DATA
DATA,DATASET,S1,SCENE_CONTROLLER,_RUN_1,132,1732,582952,584684,17717684,0.296228,VERTIFIED,DATA
DATA,DATASET,S1,SCENE_CONTROLLER,_RUN_1,133,1741,612749,614490,18620909,0.283324,VERTIFIED,DATA
DATA,DATASET,S1,SCENE_CONTROLLER,_RUN_1,134,1717,592632,594349,18010569,0.288888,VERTIFIED,DATA
DATA,DATASET,S1,SCENE_CONTROLLER,_RUN_1,135,1714,574170,575884,17451019,0.297629,VERTIFIED,DATA
DATA,DATASET,S1,SCENE_CONTROLLER,_RUN_1,136,1731,588581,590312,17888228,0.293235,VERTIFIED,DATA
DATA,DATASET,S1,SCENE_CONTROLLER,_RUN_1,137,1754,607661,609415,18467134,0.287817,VERTIFIED,DATA
DATA,DATASET,S1,SCENE_CONTROLLER,_RUN_1,138,1720,586160,587880,17814554,0.292577,VERTIFIED,DATA
DATA,DATASET,S1,SCENE_CONTROLLER,_RUN_1,139,1739,548292,550031,16667613,0.316164,VERTIFIED,DATA
DATA,DATASET,S1,SCENE_CONTROLLER,_RUN_1,140,1734,578545,580279,17584223,0.298822,VERTIFIED,DATA
DATA,DATASET,S1,SCENE_CONTROLLER,_RUN_1,141,1740,590869,592609,17957854,0.293617,VERTIFIED,DATA
DATA,DATASET,S1,SCENE_CONTROLLER,_RUN_1,142,1734,576176,577910,17512416,0.300047,VERTIFIED,DATA
DATA,DATASET,S1,SCENE_CONTROLLER,_RUN_1,143,1718,616921,618639,18746639,0.277706,VERTIFIED,DATA
DATA,DATASET,S1,SCENE_CONTROLLER,_RUN_1,144,1731,584210,585941,17755782,0.295422,VERTIFIED,DATA
DATA,DATASET,S1,SCENE_CONTROLLER,_RUN_1,145,1730,580146,581876,17632613,0.297314,VERTIFIED,DATA
DATA,DATASET,S1,SCENE_CONTROLLER,_RUN_1,146,1726,594319,596045,18061976,0.289575,VERTIFIED,DATA
DATA,DATASET,S1,SCENE_CONTROLLER,_RUN_1,147,1721,597213,598934,18149521,0.287344,VERTIFIED,DATA
DATA,DATASET,S1,SCENE_CONTROLLER,_RUN_1,148,1719,591303,593022,17970353,0.289871,VERTIFIED,DATA
DATA,DATASET,S1,SCENE_CONTROLLER,_RUN_1,149,1727,605875,607602,18412188,0.284232,VERTIFIED,DATA
DATA,DATASET,S1,SCENE_CONTROLLER,_RUN_1,150,1711,589592,591303,17918269,0.289361,VERTIFIED,DATA
DATA,DATASET,S1,SCENE_CONTROLLER,_RUN_1,151,1681,591989,593670,17990004,0.283154,VERTIFIED,DATA
DATA,DATASET,S1,SCENE_CONTROLLER,_RUN_1,152,1710,581087,582797,17660521,0.293413,VERTIFIED,DATA
DATA,DATASET,S1,SCENE_CONTROLLER,_RUN_1,153,1751,582686,584437,17710202,0.299605,VERTIFIED,DATA
DATA,DATASET,S1,SCENE_CONTROLLER,_RUN_1,154,1718,588088,589806,17872900,0.291282,VERTIFIED,DATA
DATA,DATASET,S1,SCENE_CONTROLLER,_RUN_1,155,1744,599233,600977,18211419,0.290194,VERTIFIED,DATA
DATA,DATASET,S1,SCENE_CONTROLLER,_RUN_1,156,1712,601799,603511,18288217,0.283673,VERTIFIED,DATA
DATA,DATASET,S1,SCENE_CONTROLLER,_RUN_1,157,1768,584696,586464,17771646,0.301468,VERTIFIED,DATA
DATA,DATASET,S1,SCENE_CONTROLLER,_RUN_1,158,1691,592654,594345,18010468,0.284515,VERTIFIED,DATA
DATA,DATASET,S1,SCENE_CONTROLLER,_RUN_1,159,1783,613811,615594,18654372,0.289639,VERTIFIED,DATA
DATA,DATASET,S1,SCENE_CONTROLLER,_RUN_1,160,1712,575534,577246,17492297,0.296581,VERTIFIED,DATA
DATA,DATASET,S1,SCENE_CONTROLLER,_RUN_1,161,1775,622980,624755,18931957,0.284111,VERTIFIED,DATA
DATA,DATASET,S1,SCENE_CONTROLLER,_RUN_1,162,1763,591485,593248,17977213,0.297178,VERTIFIED,DATA
DATA,DATASET,S1,SCENE_CONTROLLER,_RUN_1,163,1726,596102,597828,18115994,0.288712,VERTIFIED,DATA
DATA,DATASET,S1,SCENE_CONTROLLER,_RUN_1,164,1668,601979,603647,18292319,0.276320,VERTIFIED,DATA
DATA,DATASET,S1,SCENE_CONTROLLER,_RUN_1,165,1678,596375,598053,18122811,0.280577,VERTIFIED,DATA
DATA,DATASET,S1,SCENE_CONTROLLER,_RUN_1,166,1750,588785,590535,17894989,0.296341,VERTIFIED,DATA
DATA,DATASET,S1,SCENE_CONTROLLER,_RUN_1,167,1700,589654,591354,17919818,0.287476,VERTIFIED,DATA
DATA,DATASET,S1,SCENE_CONTROLLER,_RUN_1,168,1766,577304,579070,17547574,0.304972,VERTIFIED,DATA
DATA,DATASET,S1,SCENE_CONTROLLER,_RUN_1,169,1785,589764,591549,17925730,0.301750,VERTIFIED,DATA
DATA,DATASET,S1,SCENE_CONTROLLER,_RUN_1,170,1770,577366,579136,17549562,0.305628,VERTIFIED,DATA
DATA,DATASET,S1,SCENE_CONTROLLER,_RUN_1,171,1727,583805,585532,17743400,0.294945,VERTIFIED,DATA
DATA,DATASET,S1,SCENE_CONTROLLER,_RUN_1,172,1741,574921,576662,17474591,0.301910,VERTIFIED,DATA
DATA,DATASET,S1,SCENE_CONTROLLER,_RUN_1,173,1748,591341,593089,17972403,0.294728,VERTIFIED,DATA
DATA,DATASET,S1,SCENE_CONTROLLER,_RUN_1,174,1712,606923,608635,18443481,0.281285,VERTIFIED,DATA
DATA,DATASET,S1,SCENE_CONTROLLER,_RUN_1,175,1736,618544,620280,18796357,0.279874,VERTIFIED,DATA
DATA,DATASET,S1,SCENE_CONTROLLER,_RUN_1,176,1732,583444,585176,17732606,0.295979,VERTIFIED,DATA
DATA,DATASET,S1,SCENE_CONTROLLER,_RUN_1,177,1761,589065,590826,17903817,0.298057,VERTIFIED,DATA
DATA,DATASET,S1,SCENE_CONTROLLER,_RUN_1,178,1751,579442,581193,17611907,0.301277,VERTIFIED,DATA
DATA,DATASET,S1,SCENE_CONTROLLER,_RUN_1,179,1727,609258,610985,18514707,0.282658,VERTIFIED,DATA
DATA,DATASET,S1,SCENE_CONTROLLER,_RUN_1,180,1719,587685,589404,17860727,0.291651,VERTIFIED,DATA
DATA,DATASET,S1,SCENE_CONTROLLER,_RUN_1,181,1691,597613,599304,18160720,0.282161,VERTIFIED,DATA
DATA,DATASET,S1,SCENE_CONTROLLER,_RUN_1,182,1767,613508,615275,18644712,0.287189,VERTIFIED,DATA
DATA,DATASET,S1,SCENE_CONTROLLER,_RUN_1,183,1717,598375,600092,18184607,0.286123,VERTIFIED,DATA
DATA,DATASET,S1,SCENE_CONTROLLER,_RUN_1,184,1725,600121,601846,18237763,0.286618,VERTIFIED,DATA
DATA,DATASET,S1,SCENE_CONTROLLER,_RUN_1,185,1733,584079,585812,17751883,0.295829,VERTIFIED,DATA
DATA,DATASET,S1,SCENE_CONTROLLER,_RUN_1,186,1711,596900,598611,18139721,0.285828,VERTIFIED,DATA
DATA,DATASET,S1,SCENE_CONTROLLER,_RUN_1,187,1668,587471,589139,17852683,0.283125,VERTIFIED,DATA
DATA,DATASET,S1,SCENE_CONTROLLER,_RUN_1,188,1715,590562,592277,17947799,0.289560,VERTIFIED,DATA
DATA,DATASET,S1,SCENE_CONTROLLER,_RUN_1,189,1708,586903,588611,17836698,0.290175,VERTIFIED,DATA
DATA,DATASET,S1,SCENE_CONTROLLER,_RUN_1,190,1740,596076,597816,18115644,0.291059,VERTIFIED,DATA
DATA,DATASET,S1,SCENE_CONTROLLER,_RUN_1,191,1706,604342,606048,18365092,0.281496,VERTIFIED,DATA
DATA,DATASET,S1,SCENE_CONTROLLER,_RUN_1,192,1708,580185,581893,17633118,0.293525,VERTIFIED,DATA
DATA,DATASET,S1,SCENE_CONTROLLER,_RUN_1,193,1684,600221,601905,18239545,0.279778,VERTIFIED,DATA
DATA,DATASET,S1,SCENE_CONTROLLER,_RUN_1,194,1782,566934,568716,17233829,0.313337,VERTIFIED,DATA
DATA,DATASET,S1,SCENE_CONTROLLER,_RUN_1,195,1759,586170,587929,17816033,0.299186,VERTIFIED,DATA
DATA,DATASET,S1,SCENE_CONTROLLER,_RUN_1,196,1693,593765,595458,18044167,0.284319,VERTIFIED,DATA
DATA,DATASET,S1,SCENE_CONTROLLER,_RUN_1,197,1788,593689,595477,18044755,0.300263,VERTIFIED,DATA
DATA,DATASET,S1,SCENE_CONTROLLER,_RUN_1,198,1731,598964,600695,18202866,0.288166,VERTIFIED,DATA
DATA,DATASET,S1,SCENE_CONTROLLER,_RUN_1,199,1735,588593,590328,17888733,0.293904,VERTIFIED,DATA
DATA,DATASET,S1,SCENE_CONTROLLER,_RUN_1,200,1724,601265,602989,18272384,0.285909,VERTIFIED,DATA
DATA,DATASET,S1,SCENE_CONTROLLER,_RUN_1,201,1741,572131,573872,17390069,0.303378,VERTIFIED,DATA
DATA,DATASET,S1,SCENE_CONTROLLER,_RUN_1,202,1705,580635,582340,17646674,0.292784,VERTIFIED,DATA
DATA,DATASET,S1,SCENE_CONTROLLER,_RUN_1,203,1733,609904,611637,18534450,0.283338,VERTIFIED,DATA
DATA,DATASET,S1,SCENE_CONTROLLER,_RUN_1,204,1778,605158,606936,18392008,0.292947,VERTIFIED,DATA
DATA,DATASET,S1,SCENE_CONTROLLER,_RUN_1,205,1774,598055,599829,18176634,0.295751,VERTIFIED,DATA
DATA,DATASET,S1,SCENE_CONTROLLER,_RUN_1,206,1727,602245,603972,18302177,0.285940,VERTIFIED,DATA
DATA,DATASET,S1,SCENE_CONTROLLER,_RUN_1,207,1773,595116,596889,18087544,0.297040,VERTIFIED,DATA
DATA,DATASET,S1,SCENE_CONTROLLER,_RUN_1,208,1725,602372,604097,18305959,0.285550,VERTIFIED,DATA
DATA,DATASET,S1,SCENE_CONTROLLER,_RUN_1,209,1773,566044,567817,17206582,0.312248,VERTIFIED,DATA
DATA,DATASET,S1,SCENE_CONTROLLER,_RUN_1,210,1718,609746,611464,18529198,0.280965,VERTIFIED,DATA
DATA,DATASET,S1,SCENE_CONTROLLER,_RUN_1,211,1713,598791,600504,18197078,0.285260,VERTIFIED,DATA
DATA,DATASET,S1,SCENE_CONTROLLER,_RUN_1,212,1763,592486,594249,18007538,0.296677,VERTIFIED,DATA
DATA,DATASET,S1,SCENE_CONTROLLER,_RUN_1,213,1706,593064,594770,18023341,0.286834,VERTIFIED,DATA
DATA,DATASET,S1,SCENE_CONTROLLER,_RUN_1,214,1771,595819,597590,18108800,0.296357,VERTIFIED,DATA
DATA,DATASET,S1,SCENE_CONTROLLER,_RUN_1,215,1705,586406,588111,17821541,0.289911,VERTIFIED,DATA
DATA,DATASET,S1,SCENE_CONTROLLER,_RUN_1,216,1725,605627,607352,18404615,0.284020,VERTIFIED,DATA
DATA,DATASET,S1,SCENE_CONTROLLER,_RUN_1,217,1706,613302,615008,18636609,0.277395,VERTIFIED,DATA
DATA,DATASET,S1,SCENE_CONTROLLER,_RUN_1,218,1805,600094,601899,18239352,0.299884,VERTIFIED,DATA
DATA,DATASET,S1,SCENE_CONTROLLER,_RUN_1,219,1660,595607,597267,18098998,0.277933,VERTIFIED,DATA
DATA,DATASET,S1,SCENE_CONTROLLER,_RUN_1,220,1720,591659,593379,17981185,0.289865,VERTIFIED,DATA
DATA,DATASET,S1,SCENE_CONTROLLER,_RUN_1,221,1740,605840,607580,18411515,0.286382,VERTIFIED,DATA
DATA,DATASET,S1,SCENE_CONTROLLER,_RUN_1,222,1743,585459,587202,17794005,0.296831,VERTIFIED,DATA
DATA,DATASET,S1,SCENE_CONTROLLER,_RUN_1,223,1728,607583,609311,18463980,0.283599,VERTIFIED,DATA
DATA,DATASET,S1,SCENE_CONTROLLER,_RUN_1,224,1754,598849,600603,18200085,0.292040,VERTIFIED,DATA
DATA,DATASET,S1,SCENE_CONTROLLER,_RUN_1,225,1726,604613,606339,18373914,0.284659,VERTIFIED,DATA
DATA,DATASET,S1,SCENE_CONTROLLER,_RUN_1,226,1720,618076,619796,18781709,0.277511,VERTIFIED,DATA
DATA,DATASET,S1,SCENE_CONTROLLER,_RUN_1,227,1735,600934,602669,18262692,0.287886,VERTIFIED,DATA
DATA,DATASET,S1,SCENE_CONTROLLER,_RUN_1,228,1724,571820,573544,17380128,0.300587,VERTIFIED,DATA
DATA,DATASET,S1,SCENE_CONTROLLER,_RUN_1,229,1722,595741,597463,18104933,0.288219,VERTIFIED,DATA
DATA,DATASET,S1,SCENE_CONTROLLER,_RUN_1,230,1721,583605,585326,17737153,0.294024,VERTIFIED,DATA
DATA,DATASET,S1,SCENE_CONTROLLER,_RUN_1,231,1745,627937,629682,19081285,0.277124,VERTIFIED,DATA
DATA,DATASET,S1,SCENE_CONTROLLER,_RUN_1,232,1778,581863,583641,17686084,0.304639,VERTIFIED,DATA
DATA,DATASET,S1,SCENE_CONTROLLER,_RUN_1,233,1732,595714,597446,18104427,0.289901,VERTIFIED,DATA
DATA,DATASET,S1,SCENE_CONTROLLER,_RUN_1,234,1732,561012,562744,17052855,0.307778,VERTIFIED,DATA
DATA,DATASET,S1,SCENE_CONTROLLER,_RUN_1,235,1718,630416,632134,19155572,0.271778,VERTIFIED,DATA
DATA,DATASET,S1,SCENE_CONTROLLER,_RUN_1,236,1701,592133,593834,17994963,0.286444,VERTIFIED,DATA
DATA,DATASET,S1,SCENE_CONTROLLER,_RUN_1,237,1761,605402,607163,18398870,0.290037,VERTIFIED,DATA
DATA,DATASET,S1,SCENE_CONTROLLER,_RUN_1,238,1729,586191,587920,17815745,0.294088,VERTIFIED,DATA
DATA,DATASET,S1,SCENE_CONTROLLER,_RUN_1,239,1745,565743,567488,17196619,0.307495,VERTIFIED,DATA
DATA,DATASET,S1,SCENE_CONTROLLER,_RUN_1,240,1745,594480,596225,18067437,0.292675,VERTIFIED,DATA
DATA,DATASET,S1,SCENE_CONTROLLER,_RUN_1,241,1726,595538,597264,18098917,0.288984,VERTIFIED,DATA
DATA,DATASET,S1,SCENE_CONTROLLER,_RUN_1,242,1726,584068,585794,17751321,0.294643,VERTIFIED,DATA
DATA,DATASET,S1,SCENE_CONTROLLER,_RUN_1,243,1725,590793,592518,17955076,0.291130,VERTIFIED,DATA
DATA,DATASET,S1,SCENE_CONTROLLER,_RUN_1,244,1749,585828,587577,17805365,0.297663,VERTIFIED,DATA
DATA,DATASET,S1,SCENE_CONTROLLER,_RUN_1,245,1738,594070,595808,18054787,0.291705,VERTIFIED,DATA
DATA,DATASET,S1,SCENE_CONTROLLER,_RUN_1,246,1749,610259,612008,18545686,0.285781,VERTIFIED,DATA
DATA,DATASET,S1,SCENE_CONTROLLER,_RUN_1,247,1710,596848,598558,18138122,0.285687,VERTIFIED,DATA
DATA,DATASET,S1,SCENE_CONTROLLER,_RUN_1,248,1730,586008,587738,17810234,0.294349,VERTIFIED,DATA
DATA,DATASET,S1,SCENE_CONTROLLER,_RUN_1,249,1736,590768,592504,17954662,0.292994,VERTIFIED,DATA
DATA,DATASET,S1,SCENE_CONTROLLER,_RUN_1,250,1712,606761,608473,18438573,0.281360,VERTIFIED,DATA
DATA,DATASET,S1,SCENE_CONTROLLER,_RUN_1,251,1728,602685,604413,18315546,0.285897,VERTIFIED,DATA
DATA,DATASET,S1,SCENE_CONTROLLER,_RUN_1,252,1704,584942,586646,17777156,0.290465,VERTIFIED,DATA
DATA,DATASET,S1,SCENE_CONTROLLER,_RUN_1,253,1711,589349,591060,17910906,0.289480,VERTIFIED,DATA
DATA,DATASET,S1,SCENE_CONTROLLER,_RUN_1,254,1750,604854,606604,18381935,0.288491,VERTIFIED,DATA
DATA,DATASET,S1,SCENE_CONTROLLER,_RUN_1,255,1758,565969,567727,17203840,0.309656,VERTIFIED,DATA
DATA,DATASET,S1,SCENE_CONTROLLER,_RUN_1,256,1725,580804,582529,17652381,0.296123,VERTIFIED,DATA
DATA,DATASET,S1,SCENE_CONTROLLER,_RUN_1,257,1696,584577,586273,17765847,0.289285,VERTIFIED,DATA
DATA,DATASET,S1,SCENE_CONTROLLER,_RUN_1,258,1735,602507,604242,18310354,0.287137,VERTIFIED,DATA
DATA,DATASET,S1,SCENE_CONTROLLER,_RUN_1,259,1709,614665,616374,18677999,0.277267,VERTIFIED,DATA
DATA,DATASET,S1,SCENE_CONTROLLER,_RUN_1,260,1760,597967,599727,18173556,0.293467,VERTIFIED,DATA
DATA,DATASET,S1,SCENE_CONTROLLER,_RUN_1,261,1749,594579,596328,18070545,0.293295,VERTIFIED,DATA
DATA,DATASET,S1,SCENE_CONTROLLER,_RUN_1,262,1742,583158,584900,17724233,0.297829,VERTIFIED,DATA
DATA,DATASET,S1,SCENE_CONTROLLER,_RUN_1,263,1739,572204,573943,17392203,0.302992,VERTIFIED,DATA
DATA,DATASET,S1,SCENE_CONTROLLER,_RUN_1,264,1718,606108,607826,18418966,0.282647,VERTIFIED,DATA
DATA,DATASET,S1,SCENE_CONTROLLER,_RUN_1,265,1748,581802,583550,17683345,0.299546,VERTIFIED,DATA
DATA,DATASET,S1,SCENE_CONTROLLER,_RUN_1,266,1745,588853,590598,17896918,0.295463,VERTIFIED,DATA
DATA,DATASET,S1,SCENE_CONTROLLER,_RUN_1,267,1729,588469,590198,17884799,0.292953,VERTIFIED,DATA
DATA,DATASET,S1,SCENE_CONTROLLER,_RUN_1,268,1759,593908,595667,18050530,0.295299,VERTIFIED,DATA
DATA,DATASET,S1,SCENE_CONTROLLER,_RUN_1,269,1712,608235,609947,18483236,0.280680,VERTIFIED,DATA
DATA,DATASET,S1,SCENE_CONTROLLER,_RUN_1,270,1718,586788,588506,17833523,0.291926,VERTIFIED,DATA
DATA,DATASET,S1,SCENE_CONTROLLER,_RUN_1,271,1697,572128,573825,17388627,0.295735,VERTIFIED,DATA
DATA,DATASET,S1,SCENE_CONTROLLER,_RUN_1,272,1734,600279,602013,18242824,0.288034,VERTIFIED,DATA
DATA,DATASET,S1,SCENE_CONTROLLER,_RUN_1,273,1698,620433,622131,18852441,0.272933,VERTIFIED,DATA
DATA,DATASET,S1,SCENE_CONTROLLER,_RUN_1,274,1751,585841,587592,17805823,0.297996,VERTIFIED,DATA
DATA,DATASET,S1,SCENE_CONTROLLER,_RUN_1,275,1759,609079,610838,18510233,0.287965,VERTIFIED,DATA
DATA,DATASET,S1,SCENE_CONTROLLER,_RUN_1,276,1778,622366,624144,18913441,0.284870,VERTIFIED,DATA
DATA,DATASET,S1,SCENE_CONTROLLER,_RUN_1,277,1717,574724,576441,17467894,0.297862,VERTIFIED,DATA
DATA,DATASET,S1,SCENE_CONTROLLER,_RUN_1,278,1737,603774,605511,18348829,0.286865,VERTIFIED,DATA
DATA,DATASET,S1,SCENE_CONTROLLER,_RUN_1,279,1722,590343,592065,17941367,0.290846,VERTIFIED,DATA
DATA,DATASET,S1,SCENE_CONTROLLER,_RUN_1,280,1704,580004,581708,17627513,0.292930,VERTIFIED,DATA
DATA,DATASET,S1,SCENE_CONTROLLER,_RUN_1,281,1781,571443,573224,17370436,0.310699,VERTIFIED,DATA
DATA,DATASET,S1,SCENE_CONTROLLER,_RUN_1,282,1726,600524,602250,18250004,0.286592,VERTIFIED,DATA
DATA,DATASET,S1,SCENE_CONTROLLER,_RUN_1,283,1766,597955,599721,18173366,0.294470,VERTIFIED,DATA
DATA,DATASET,S1,SCENE_CONTROLLER,_RUN_1,284,1726,610866,612592,18563398,0.281754,VERTIFIED,DATA
DATA,DATASET,S1,SCENE_CONTROLLER,_RUN_1,285,1761,597172,598933,18149492,0.294023,VERTIFIED,DATA
DATA,DATASET,S1,SCENE_CONTROLLER,_RUN_1,286,1753,597195,598948,18149945,0.292680,VERTIFIED,DATA
DATA,DATASET,S1,SCENE_CONTROLLER,_RUN_1,287,1712,619582,621294,18827092,0.275554,VERTIFIED,DATA
DATA,DATASET,S1,SCENE_CONTROLLER,_RUN_1,288,1693,576717,578410,17527586,0.292699,VERTIFIED,DATA
DATA,DATASET,S1,SCENE_CONTROLLER,_RUN_1,289,1708,593993,595701,18051536,0.286721,VERTIFIED,DATA
DATA,DATASET,S1,SCENE_CONTROLLER,_RUN_1,290,1740,582895,584635,17716227,0.297622,VERTIFIED,DATA
DATA,DATASET,S1,SCENE_CONTROLLER,_RUN_1,291,1712,585469,587181,17793350,0.291563,VERTIFIED,DATA
DATA,DATASET,S1,SCENE_CONTROLLER,_RUN_1,292,1733,613552,615285,18645007,0.281658,VERTIFIED,DATA
DATA,DATASET,S1,SCENE_CONTROLLER,_RUN_1,293,1749,636909,638658,19353262,0.273855,VERTIFIED,DATA
DATA,DATASET,S1,SCENE_CONTROLLER,_RUN_1,294,1739,560727,562466,17044416,0.309174,VERTIFIED,DATA
DATA,DATASET,S1,SCENE_CONTROLLER,_RUN_1,295,1706,588313,590019,17879364,0.289143,VERTIFIED,DATA
DATA,DATASET,S1,SCENE_CONTROLLER,_RUN_1,296,1713,605654,607367,18405062,0.282037,VERTIFIED,DATA
DATA,DATASET,S1,SCENE_CONTROLLER,_RUN_1,297,1735,598726,600461,18195801,0.288945,VERTIFIED,DATA
DATA,DATASET,S1,SCENE_CONTROLLER,_RUN_1,298,1730,602873,604603,18321304,0.286138,VERTIFIED,DATA
DATA,DATASET,S1,SCENE_CONTROLLER,_RUN_1,299,1712,569899,571611,17321554,0.299504,VERTIFIED,DATA
DATA,DATASET,S1,SCENE_CONTROLLER,_RUN_1,300,1718,610115,611833,18540393,0.280796,VERTIFIED,DATA
DATA,DATASET,S2,CPU_ONLY,_RUN_1,1,673509,395074,1068583,32381304,63.028235,VERTIFIED,DATA
DATA,DATASET,S2,CPU_ONLY,_RUN_1,2,619735,411496,1031231,31249414,60.096622,VERTIFIED,DATA
DATA,DATASET,S2,CPU_ONLY,_RUN_1,3,594291,445444,1039735,31507134,57.157930,VERTIFIED,DATA
DATA,DATASET,S2,CPU_ONLY,_RUN_1,4,641741,394279,1036020,31394538,61.942916,VERTIFIED,DATA
DATA,DATASET,S2,CPU_ONLY,_RUN_1,5,667749,349149,1016898,30815087,65.665288,VERTIFIED,DATA
DATA,DATASET,S2,CPU_ONLY,_RUN_1,6,708268,383824,1092092,33093685,64.854243,VERTIFIED,DATA
DATA,DATASET,S2,CPU_ONLY,_RUN_1,7,709369,344812,1054181,31944868,67.291006,VERTIFIED,DATA
DATA,DATASET,S2,CPU_ONLY,_RUN_1,8,672566,346004,1018570,30865772,66.030415,VERTIFIED,DATA
DATA,DATASET,S2,CPU_ONLY,_RUN_1,9,667736,375460,1043196,31611985,64.008681,VERTIFIED,DATA
DATA,DATASET,S2,CPU_ONLY,_RUN_1,10,618348,378709,997057,30213837,62.017317,VERTIFIED,DATA
DATA,DATASET,S2,CPU_ONLY,_RUN_1,11,621053,388168,1009221,30582460,61.537859,VERTIFIED,DATA
DATA,DATASET,S2,CPU_ONLY,_RUN_1,12,690530,370056,1060586,32138983,65.108346,VERTIFIED,DATA
DATA,DATASET,S2,CPU_ONLY,_RUN_1,13,667285,436311,1103596,33442299,60.464608,VERTIFIED,DATA
DATA,DATASET,S2,CPU_ONLY,_RUN_1,14,655409,372529,1027938,31149651,63.759585,VERTIFIED,DATA
DATA,DATASET,S2,CPU_ONLY,_RUN_1,15,659914,377253,1037167,31429305,63.626591,VERTIFIED,DATA
DATA,DATASET,S2,CPU_ONLY,_RUN_1,16,698072,361996,1060068,32123263,65.851625,VERTIFIED,DATA
DATA,DATASET,S2,CPU_ONLY,_RUN_1,17,638303,467439,1105742,33507321,57.726215,VERTIFIED,DATA
DATA,DATASET,S2,CPU_ONLY,_RUN_1,18,661757,369345,1031102,31245507,64.179587,VERTIFIED,DATA
DATA,DATASET,S2,CPU_ONLY,_RUN_1,19,622943,421158,1044101,31639437,59.663098,VERTIFIED,DATA
DATA,DATASET,S2,CPU_ONLY,_RUN_1,20,687994,358209,1046203,31703136,65.761043,VERTIFIED,DATA
DATA,DATASET,S2,CPU_ONLY,_RUN_1,21,679860,390318,1070178,32429635,63.527750,VERTIFIED,DATA
DATA,DATASET,S2,CPU_ONLY,_RUN_1,22,602160,434949,1037109,31427534,58.061400,VERTIFIED,DATA
DATA,DATASET,S2,CPU_ONLY,_RUN_1,23,564454,450459,1014913,30754927,55.615999,VERTIFIED,DATA
DATA,DATASET,S2,CPU_ONLY,_RUN_1,24,663919,393806,1057725,32052272,62.768584,VERTIFIED,DATA
DATA,DATASET,S2,CPU_ONLY,_RUN_1,25,674149,335391,1009540,30592122,66.777839,VERTIFIED,DATA
DATA,DATASET,S2,CPU_ONLY,_RUN_1,26,664621,394138,1058759,32083595,62.773587,VERTIFIED,DATA
DATA,DATASET,S2,CPU_ONLY,_RUN_1,27,714294,356478,1070772,32447646,66.708319,VERTIFIED,DATA
DATA,DATASET,S2,CPU_ONLY,_RUN_1,28,681453,382097,1063550,32228776,64.073433,VERTIFIED,DATA
DATA,DATASET,S2,CPU_ONLY,_RUN_1,29,624372,410348,1034720,31355144,60.342122,VERTIFIED,DATA
DATA,DATASET,S2,CPU_ONLY,_RUN_1,30,616783,452468,1069251,32401537,57.683650,VERTIFIED,DATA
DATA,DATASET,S2,CPU_ONLY,_RUN_1,31,746306,312460,1058766,32083833,70.488285,VERTIFIED,DATA
DATA,DATASET,S2,CPU_ONLY,_RUN_1,32,689349,407417,1096766,33235340,62.852878,VERTIFIED,DATA
DATA,DATASET,S2,CPU_ONLY,_RUN_1,33,645504,401587,1047091,31730030,61.647364,VERTIFIED,DATA
DATA,DATASET,S2,CPU_ONLY,_RUN_1,34,645251,409329,1054580,31956963,61.185590,VERTIFIED,DATA
DATA,DATASET,S2,CPU_ONLY,_RUN_1,35,632657,416279,1048936,31785954,60.314166,VERTIFIED,DATA
DATA,DATASET,S2,CPU_ONLY,_RUN_1,36,711847,355093,1066940,32331517,66.718560,VERTIFIED,DATA
DATA,DATASET,S2,CPU_ONLY,_RUN_1,37,674149,373530,1047679,31747835,64.346904,VERTIFIED,DATA
DATA,DATASET,S2,CPU_ONLY,_RUN_1,38,695199,355331,1050530,31834252,66.176025,VERTIFIED,DATA
DATA,DATASET,S2,CPU_ONLY,_RUN_1,39,694486,408395,1102881,33420630,62.970166,VERTIFIED,DATA
DATA,DATASET,S2,CPU_ONLY,_RUN_1,40,651245,382634,1033879,31329670,62.990447,VERTIFIED,DATA
DATA,DATASET,S2,CPU_ONLY,_RUN_1,41,653818,418757,1072575,32502268,60.957788,VERTIFIED,DATA
DATA,DATASET,S2,CPU_ONLY,_RUN_1,42,684438,290848,975286,29554110,70.178184,VERTIFIED,DATA
DATA,DATASET,S2,CPU_ONLY,_RUN_1,43,681495,353740,1035235,31370768,65.829981,VERTIFIED,DATA
DATA,DATASET,S2,CPU_ONLY,_RUN_1,44,611402,463981,1075383,32587371,56.854349,VERTIFIED,DATA
DATA,DATASET,S2,CPU_ONLY,_RUN_1,45,670892,358109,1029001,31181851,65.198382,VERTIFIED,DATA
DATA,DATASET,S2,CPU_ONLY,_RUN_1,46,726064,318134,1044198,31642353,69.533173,VERTIFIED,DATA
DATA,DATASET,S2,CPU_ONLY,_RUN_1,47,680815,370300,1051115,31851967,64.770743,VERTIFIED,DATA
DATA,DATASET,S2,CPU_ONLY,_RUN_1,48,720777,332094,1052871,31905195,68.458244,VERTIFIED,DATA
DATA,DATASET,S2,CPU_ONLY,_RUN_1,49,643626,426967,1070593,32442202,60.118645,VERTIFIED,DATA
DATA,DATASET,S2,CPU_ONLY,_RUN_1,50,635261,374070,1009331,30585800,62.938818,VERTIFIED,DATA
DATA,DATASET,S2,CPU_ONLY,_RUN_1,51,677679,391102,1068781,32387292,63.406722,VERTIFIED,DATA
DATA,DATASET,S2,CPU_ONLY,_RUN_1,52,639255,421698,1060953,32150081,60.252905,VERTIFIED,DATA
DATA,DATASET,S2,CPU_ONLY,_RUN_1,53,650202,396655,1046857,31722932,62.109916,VERTIFIED,DATA
DATA,DATASET,S2,CPU_ONLY,_RUN_1,54,607286,417295,1024581,31047907,59.271644,VERTIFIED,DATA
DATA,DATASET,S2,CPU_ONLY,_RUN_1,55,576330,475277,1051607,31866873,54.804694,VERTIFIED,DATA
DATA,DATASET,S2,CPU_ONLY,_RUN_1,56,689979,338984,1028963,31180690,67.055764,VERTIFIED,DATA
DATA,DATASET,S2,CPU_ONLY,_RUN_1,57,619827,427725,1047552,31744007,59.169091,VERTIFIED,DATA
DATA,DATASET,S2,CPU_ONLY,_RUN_1,58,657915,398678,1056593,32017958,62.267590,VERTIFIED,DATA
DATA,DATASET,S2,CPU_ONLY,_RUN_1,59,674872,398593,1073465,32529249,62.868561,VERTIFIED,DATA
DATA,DATASET,S2,CPU_ONLY,_RUN_1,60,696486,350030,1046516,31712595,66.552829,VERTIFIED,DATA
DATA,DATASET,S2,CPU_ONLY,_RUN_1,61,621282,423416,1044698,31657530,59.470010,VERTIFIED,DATA
DATA,DATASET,S2,CPU_ONLY,_RUN_1,62,639704,382788,1022492,30984621,62.563228,VERTIFIED,DATA
DATA,DATASET,S2,CPU_ONLY,_RUN_1,63,649267,419775,1069042,32395219,60.733535,VERTIFIED,DATA
DATA,DATASET,S2,CPU_ONLY,_RUN_1,64,683944,353141,1037085,31426804,65.948693,VERTIFIED,DATA
DATA,DATASET,S2,CPU_ONLY,_RUN_1,65,659445,393781,1053226,31915938,62.611918,VERTIFIED,DATA
DATA,DATASET,S2,CPU_ONLY,_RUN_1,66,639883,453156,1093039,33122385,58.541644,VERTIFIED,DATA
DATA,DATASET,S2,CPU_ONLY,_RUN_1,67,692943,377357,1070300,32433332,64.742876,VERTIFIED,DATA
DATA,DATASET,S2,CPU_ONLY,_RUN_1,68,648548,416151,1064699,32263606,60.913742,VERTIFIED,DATA
DATA,DATASET,S2,CPU_ONLY,_RUN_1,69,627295,411939,1039234,31491943,60.361285,VERTIFIED,DATA
DATA,DATASET,S2,CPU_ONLY,_RUN_1,70,642337,435270,1077607,32654761,59.607723,VERTIFIED,DATA
DATA,DATASET,S2,CPU_ONLY,_RUN_1,71,621331,451714,1073045,32516513,57.903536,VERTIFIED,DATA
DATA,DATASET,S2,CPU_ONLY,_RUN_1,72,580272,478077,1058349,32071186,54.828039,VERTIFIED,DATA
DATA,DATASET,S2,CPU_ONLY,_RUN_1,73,679194,410582,1089776,33023514,62.324184,VERTIFIED,DATA
DATA,DATASET,S2,CPU_ONLY,_RUN_1,74,642875,395901,1038776,31478049,61.887741,VERTIFIED,DATA
DATA,DATASET,S2,CPU_ONLY,_RUN_1,75,640397,441398,1081795,32781661,59.197630,VERTIFIED,DATA
DATA,DATASET,S2,CPU_ONLY,_RUN_1,76,640132,401013,1041145,31549834,61.483463,VERTIFIED,DATA
DATA,DATASET,S2,CPU_ONLY,_RUN_1,77,679898,388151,1068049,32365120,63.657941,VERTIFIED,DATA
DATA,DATASET,S2,CPU_ONLY,_RUN_1,78,644465,458405,1102870,33420310,58.435264,VERTIFIED,DATA
DATA,DATASET,S2,CPU_ONLY,_RUN_1,79,644148,353038,997186,30217769,64.596575,VERTIFIED,DATA
DATA,DATASET,S2,CPU_ONLY,_RUN_1,80,642616,455305,1097921,33270347,58.530259,VERTIFIED,DATA
DATA,DATASET,S2,CPU_ONLY,_RUN_1,81,633503,445570,1079073,32699182,58.708076,VERTIFIED,DATA
DATA,DATASET,S2,CPU_ONLY,_RUN_1,82,615817,471115,1086932,32937345,56.656442,VERTIFIED,DATA
DATA,DATASET,S2,CPU_ONLY,_RUN_1,83,649833,388678,1038511,31470043,62.573531,VERTIFIED,DATA
DATA,DATASET,S2,CPU_ONLY,_RUN_1,84,671858,329068,1000926,30331105,67.123644,VERTIFIED,DATA
DATA,DATASET,S2,CPU_ONLY,_RUN_1,85,628173,409893,1038066,31456554,60.513782,VERTIFIED,DATA
DATA,DATASET,S2,CPU_ONLY,_RUN_1,86,659539,384874,1044413,31648865,63.149252,VERTIFIED,DATA
DATA,DATASET,S2,CPU_ONLY,_RUN_1,87,611114,461878,1072992,32514915,56.954199,VERTIFIED,DATA
DATA,DATASET,S2,CPU_ONLY,_RUN_1,88,755702,280865,1036567,31411121,72.904308,VERTIFIED,DATA
DATA,DATASET,S2,CPU_ONLY,_RUN_1,89,638126,456770,1094896,33178660,58.281882,VERTIFIED,DATA
DATA,DATASET,S2,CPU_ONLY,_RUN_1,90,658018,406073,1064091,32245183,61.838508,VERTIFIED,DATA
DATA,DATASET,S2,CPU_ONLY,_RUN_1,91,629881,383863,1013744,30719523,62.134129,VERTIFIED,DATA
DATA,DATASET,S2,CPU_ONLY,_RUN_1,92,635014,395777,1030791,31236086,61.604535,VERTIFIED,DATA
DATA,DATASET,S2,CPU_ONLY,_RUN_1,93,673189,365641,1038830,31479706,64.802614,VERTIFIED,DATA
DATA,DATASET,S2,CPU_ONLY,_RUN_1,94,692284,405521,1097805,33266817,63.060744,VERTIFIED,DATA
DATA,DATASET,S2,CPU_ONLY,_RUN_1,95,637953,344240,982193,29763411,64.951898,VERTIFIED,DATA
DATA,DATASET,S2,CPU_ONLY,_RUN_1,96,682516,335068,1017584,30835872,67.072202,VERTIFIED,DATA
DATA,DATASET,S2,CPU_ONLY,_RUN_1,97,588378,440213,1028591,31169416,57.202328,VERTIFIED,DATA
DATA,DATASET,S2,CPU_ONLY,_RUN_1,98,649134,438213,1087347,32949924,59.698882,VERTIFIED,DATA
DATA,DATASET,S2,CPU_ONLY,_RUN_1,99,684120,406834,1090954,33059218,62.708419,VERTIFIED,DATA
DATA,DATASET,S2,CPU_ONLY,_RUN_1,100,666355,380592,1046947,31725656,63.647443,VERTIFIED,DATA
DATA,DATASET,S2,CPU_ONLY,_RUN_1,101,643917,429482,1073399,32527252,59.988597,VERTIFIED,DATA
DATA,DATASET,S2,CPU_ONLY,_RUN_1,102,658508,441544,1100052,33334912,59.861534,VERTIFIED,DATA
DATA,DATASET,S2,CPU_ONLY,_RUN_1,103,673029,376944,1049973,31817378,64.099648,VERTIFIED,DATA
DATA,DATASET,S2,CPU_ONLY,_RUN_1,104,662666,385488,1048154,31762242,63.222198,VERTIFIED,DATA
DATA,DATASET,S2,CPU_ONLY,_RUN_1,105,662386,409014,1071400,32466666,61.824342,VERTIFIED,DATA
DATA,DATASET,S2,CPU_ONLY,_RUN_1,106,666085,353997,1020082,30911562,65.297202,VERTIFIED,DATA
DATA,DATASET,S2,CPU_ONLY,_RUN_1,107,723724,322047,1045771,31690037,69.204826,VERTIFIED,DATA
DATA,DATASET,S2,CPU_ONLY,_RUN_1,108,686776,380502,1067278,32341769,64.348370,VERTIFIED,DATA
DATA,DATASET,S2,CPU_ONLY,_RUN_1,109,699747,378717,1078464,32680738,64.883668,VERTIFIED,DATA
DATA,DATASET,S2,CPU_ONLY,_RUN_1,110,633571,390054,1023625,31018942,61.894835,VERTIFIED,DATA
DATA,DATASET,S2,CPU_ONLY,_RUN_1,111,612301,463104,1075405,32588044,56.936782,VERTIFIED,DATA
DATA,DATASET,S2,CPU_ONLY,_RUN_1,112,728723,292003,1020726,30931104,71.392617,VERTIFIED,DATA
DATA,DATASET,S2,CPU_ONLY,_RUN_1,113,614771,501855,1116626,33837145,55.056124,VERTIFIED,DATA
DATA,DATASET,S2,CPU_ONLY,_RUN_1,114,673678,383865,1057543,32046760,63.702185,VERTIFIED,DATA
DATA,DATASET,S2,CPU_ONLY,_RUN_1,115,725179,319700,1044879,31663004,69.403156,VERTIFIED,DATA
DATA,DATASET,S2,CPU_ONLY,_RUN_1,116,659229,322522,981751,29750043,67.148289,VERTIFIED,DATA
DATA,DATASET,S2,CPU_ONLY,_RUN_1,117,652094,380984,1033078,31305401,63.121468,VERTIFIED,DATA
DATA,DATASET,S2,CPU_ONLY,_RUN_1,118,616524,453688,1070212,32430657,57.607652,VERTIFIED,DATA
DATA,DATASET,S2,CPU_ONLY,_RUN_1,119,662579,413932,1076511,32621540,61.548744,VERTIFIED,DATA
DATA,DATASET,S2,CPU_ONLY,_RUN_1,120,618630,462204,1080834,32752551,57.236356,VERTIFIED,DATA
DATA,DATASET,S2,CPU_ONLY,_RUN_1,121,644475,406718,1051193,31854340,61.308913,VERTIFIED,DATA
DATA,DATASET,S2,CPU_ONLY,_RUN_1,122,671583,408562,1080145,32731681,62.175264,VERTIFIED,DATA
DATA,DATASET,S2,CPU_ONLY,_RUN_1,123,632499,385195,1017694,30839211,62.150214,VERTIFIED,DATA
DATA,DATASET,S2,CPU_ONLY,_RUN_1,124,633304,391488,1024792,31054296,61.798297,VERTIFIED,DATA
DATA,DATASET,S2,CPU_ONLY,_RUN_1,125,617474,382954,1000428,30316013,61.720983,VERTIFIED,DATA
DATA,DATASET,S2,CPU_ONLY,_RUN_1,126,627063,387415,1014478,30741752,61.811395,VERTIFIED,DATA
DATA,DATASET,S2,CPU_ONLY,_RUN_1,127,656792,420764,1077556,32653219,60.952006,VERTIFIED,DATA
DATA,DATASET,S2,CPU_ONLY,_RUN_1,128,643474,442006,1085480,32893338,59.280134,VERTIFIED,DATA
DATA,DATASET,S2,CPU_ONLY,_RUN_1,129,642872,363609,1006481,30499421,63.873238,VERTIFIED,DATA
DATA,DATASET,S2,CPU_ONLY,_RUN_1,130,637037,408806,1045843,31692221,60.911341,VERTIFIED,DATA
DATA,DATASET,S2,CPU_ONLY,_RUN_1,131,624424,428352,1052776,31902293,59.312142,VERTIFIED,DATA
DATA,DATASET,S2,CPU_ONLY,_RUN_1,132,652387,388150,1040537,31531414,62.697146,VERTIFIED,DATA
DATA,DATASET,S2,CPU_ONLY,_RUN_1,133,629736,419795,1049531,31803972,60.001658,VERTIFIED,DATA
DATA,DATASET,S2,CPU_ONLY,_RUN_1,134,656832,404410,1061242,32158851,61.892763,VERTIFIED,DATA
DATA,DATASET,S2,CPU_ONLY,_RUN_1,135,636436,409117,1045553,31683413,60.870755,VERTIFIED,DATA
DATA,DATASET,S2,CPU_ONLY,_RUN_1,136,605331,443076,1048407,31769913,57.738168,VERTIFIED,DATA
DATA,DATASET,S2,CPU_ONLY,_RUN_1,137,672870,368283,1041153,31550090,64.627389,VERTIFIED,DATA
DATA,DATASET,S2,CPU_ONLY,_RUN_1,138,618057,398977,1017034,30819212,60.770535,VERTIFIED,DATA
DATA,DATASET,S2,CPU_ONLY,_RUN_1,139,611023,440683,1051706,31869873,58.098271,VERTIFIED,DATA
DATA,DATASET,S2,CPU_ONLY,_RUN_1,140,606253,385172,991425,30043196,61.149658,VERTIFIED,DATA
DATA,DATASET,S2,CPU_ONLY,_RUN_1,141,594033,424603,1018636,30867760,58.316513,VERTIFIED,DATA
DATA,DATASET,S2,CPU_ONLY,_RUN_1,142,634071,438079,1072150,32489386,59.140139,VERTIFIED,DATA
DATA,DATASET,S2,CPU_ONLY,_RUN_1,143,682615,376900,1059515,32106516,64.427120,VERTIFIED,DATA
DATA,DATASET,S2,CPU_ONLY,_RUN_1,144,714898,329689,1044587,31654154,68.438340,VERTIFIED,DATA
DATA,DATASET,S2,CPU_ONLY,_RUN_1,145,633584,499769,1133353,34344037,55.903500,VERTIFIED,DATA
DATA,DATASET,S2,CPU_ONLY,_RUN_1,146,709145,392238,1101383,33375254,64.386776,VERTIFIED,DATA
DATA,DATASET,S2,CPU_ONLY,_RUN_1,147,637086,351424,988510,29954836,64.449120,VERTIFIED,DATA
DATA,DATASET,S2,CPU_ONLY,_RUN_1,148,714770,335735,1050505,31833471,68.040609,VERTIFIED,DATA
DATA,DATASET,S2,CPU_ONLY,_RUN_1,149,659622,369676,1029298,31190835,64.084648,VERTIFIED,DATA
DATA,DATASET,S2,CPU_ONLY,_RUN_1,150,733871,305144,1039015,31485300,70.631415,VERTIFIED,DATA
DATA,DATASET,S2,CPU_ONLY,_RUN_1,151,590981,433699,1024680,31050905,57.674689,VERTIFIED,DATA
DATA,DATASET,S2,CPU_ONLY,_RUN_1,152,676679,405109,1081788,32781445,62.551905,VERTIFIED,DATA
DATA,DATASET,S2,CPU_ONLY,_RUN_1,153,686180,422184,1108364,33586773,61.909264,VERTIFIED,DATA
DATA,DATASET,S2,CPU_ONLY,_RUN_1,154,664240,413888,1078128,32670545,61.610495,VERTIFIED,DATA
DATA,DATASET,S2,CPU_ONLY,_RUN_1,155,675912,386919,1062831,32207014,63.595435,VERTIFIED,DATA
DATA,DATASET,S2,CPU_ONLY,_RUN_1,156,654437,388036,1042473,31590103,62.777357,VERTIFIED,DATA
DATA,DATASET,S2,CPU_ONLY,_RUN_1,157,583429,471952,1055381,31981257,55.281363,VERTIFIED,DATA
DATA,DATASET,S2,CPU_ONLY,_RUN_1,158,652083,422589,1074672,32565807,60.677397,VERTIFIED,DATA
DATA,DATASET,S2,CPU_ONLY,_RUN_1,159,642031,479273,1121304,33978914,57.257532,VERTIFIED,DATA
DATA,DATASET,S2,CPU_ONLY,_RUN_1,160,625805,412380,1038185,31460146,60.278756,VERTIFIED,DATA
DATA,DATASET,S2,CPU_ONLY,_RUN_1,161,621755,388979,1010734,30628314,61.515196,VERTIFIED,DATA
DATA,DATASET,S2,CPU_ONLY,_RUN_1,162,628224,433675,1061899,32178755,59.160429,VERTIFIED,DATA
DATA,DATASET,S2,CPU_ONLY,_RUN_1,163,630885,484264,1115149,33792396,56.574054,VERTIFIED,DATA
DATA,DATASET,S2,CPU_ONLY,_RUN_1,164,665892,440785,1106677,33535657,60.170402,VERTIFIED,DATA
DATA,DATASET,S2,CPU_ONLY,_RUN_1,165,668101,396217,1064318,32252059,62.772686,VERTIFIED,DATA
DATA,DATASET,S2,CPU_ONLY,_RUN_1,166,692363,337909,1030272,31220354,67.201962,VERTIFIED,DATA
DATA,DATASET,S2,CPU_ONLY,_RUN_1,167,728508,302741,1031249,31249973,70.643269,VERTIFIED,DATA
DATA,DATASET,S2,CPU_ONLY,_RUN_1,168,645274,385690,1030964,31241343,62.589382,VERTIFIED,DATA
DATA,DATASET,S2,CPU_ONLY,_RUN_1,169,645312,398026,1043338,31616298,61.850714,VERTIFIED,DATA
DATA,DATASET,S2,CPU_ONLY,_RUN_1,170,608359,468979,1077338,32646619,56.468722,VERTIFIED,DATA
DATA,DATASET,S2,CPU_ONLY,_RUN_1,171,674988,370823,1045811,31691242,64.542064,VERTIFIED,DATA
DATA,DATASET,S2,CPU_ONLY,_RUN_1,172,590867,515447,1106314,33524673,53.408616,VERTIFIED,DATA
DATA,DATASET,S2,CPU_ONLY,_RUN_1,173,604776,407178,1011954,30665284,59.763191,VERTIFIED,DATA
DATA,DATASET,S2,CPU_ONLY,_RUN_1,174,668164,448800,1116964,33847390,59.819654,VERTIFIED,DATA
DATA,DATASET,S2,CPU_ONLY,_RUN_1,175,638515,377240,1015755,30780462,62.861123,VERTIFIED,DATA
DATA,DATASET,S2,CPU_ONLY,_RUN_1,176,639584,397609,1037193,31430093,61.664897,VERTIFIED,DATA
DATA,DATASET,S2,CPU_ONLY,_RUN_1,177,602991,405877,1008868,30571766,59.769068,VERTIFIED,DATA
DATA,DATASET,S2,CPU_ONLY,_RUN_1,178,604547,455460,1060007,32121429,57.032359,VERTIFIED,DATA
DATA,DATASET,S2,CPU_ONLY,_RUN_1,179,676582,362259,1038841,31480033,65.128542,VERTIFIED,DATA
DATA,DATASET,S2,CPU_ONLY,_RUN_1,180,602930,426343,1029273,31190080,58.578239,VERTIFIED,DATA
DATA,DATASET,S2,CPU_ONLY,_RUN_1,181,634412,387485,1021897,30966579,62.081795,VERTIFIED,DATA
DATA,DATASET,S2,CPU_ONLY,_RUN_1,182,641011,438424,1079435,32710166,59.383937,VERTIFIED,DATA
DATA,DATASET,S2,CPU_ONLY,_RUN_1,183,664036,396941,1060977,32150805,62.587219,VERTIFIED,DATA
DATA,DATASET,S2,CPU_ONLY,_RUN_1,184,699226,374032,1073258,32522977,65.149852,VERTIFIED,DATA
DATA,DATASET,S2,CPU_ONLY,_RUN_1,185,740005,283056,1023061,31001850,72.332442,VERTIFIED,DATA
DATA,DATASET,S2,CPU_ONLY,_RUN_1,186,665333,338258,1003591,30411858,66.295234,VERTIFIED,DATA
DATA,DATASET,S2,CPU_ONLY,_RUN_1,187,621218,446722,1067940,32361822,58.169747,VERTIFIED,DATA
DATA,DATASET,S2,CPU_ONLY,_RUN_1,188,676706,381842,1058548,32077227,63.927758,VERTIFIED,DATA
DATA,DATASET,S2,CPU_ONLY,_RUN_1,189,631166,415501,1046667,31717177,60.302465,VERTIFIED,DATA
DATA,DATASET,S2,CPU_ONLY,_RUN_1,190,569206,487776,1056982,32029772,53.852005,VERTIFIED,DATA
DATA,DATASET,S2,CPU_ONLY,_RUN_1,191,618379,430732,1049111,31791256,58.943143,VERTIFIED,DATA
DATA,DATASET,S2,CPU_ONLY,_RUN_1,192,704885,300126,1005011,30454871,70.137043,VERTIFIED,DATA
DATA,DATASET,S2,CPU_ONLY,_RUN_1,193,620033,494870,1114903,33784939,55.613179,VERTIFIED,DATA
DATA,DATASET,S2,CPU_ONLY,_RUN_1,194,616610,438934,1055544,31986170,58.416324,VERTIFIED,DATA
DATA,DATASET,S2,CPU_ONLY,_RUN_1,195,691961,291390,983351,29798503,70.367651,VERTIFIED,DATA
DATA,DATASET,S2,CPU_ONLY,_RUN_1,196,641986,405049,1047035,31728340,61.314665,VERTIFIED,DATA
DATA,DATASET,S2,CPU_ONLY,_RUN_1,197,649963,397345,1047308,31736597,62.060349,VERTIFIED,DATA
DATA,DATASET,S2,CPU_ONLY,_RUN_1,198,683789,406614,1090403,33042502,62.709750,VERTIFIED,DATA
DATA,DATASET,S2,CPU_ONLY,_RUN_1,199,626414,403906,1030320,31221825,60.798005,VERTIFIED,DATA
DATA,DATASET,S2,CPU_ONLY,_RUN_1,200,594222,492118,1086340,32919381,54.699450,VERTIFIED,DATA
DATA,DATASET,S2,CPU_ONLY,_RUN_1,201,690659,370124,1060783,32144937,65.108415,VERTIFIED,DATA
DATA,DATASET,S2,CPU_ONLY,_RUN_1,202,583082,473542,1056624,32018913,55.183490,VERTIFIED,DATA
DATA,DATASET,S2,CPU_ONLY,_RUN_1,203,648477,381279,1029756,31204731,62.973850,VERTIFIED,DATA
DATA,DATASET,S2,CPU_ONLY,_RUN_1,204,647488,397297,1044785,31660138,61.973325,VERTIFIED,DATA
DATA,DATASET,S2,CPU_ONLY,_RUN_1,205,639434,476266,1115700,33809084,57.312360,VERTIFIED,DATA
DATA,DATASET,S2,CPU_ONLY,_RUN_1,206,649217,386061,1035278,31372048,62.709436,VERTIFIED,DATA
DATA,DATASET,S2,CPU_ONLY,_RUN_1,207,677735,387341,1065076,32275035,63.632548,VERTIFIED,DATA
DATA,DATASET,S2,CPU_ONLY,_RUN_1,208,630200,457159,1087359,32950259,57.956940,VERTIFIED,DATA
DATA,DATASET,S2,CPU_ONLY,_RUN_1,209,654476,356986,1011462,30650365,64.705941,VERTIFIED,DATA
DATA,DATASET,S2,CPU_ONLY,_RUN_1,210,665742,397966,1063708,32233561,62.586913,VERTIFIED,DATA
DATA,DATASET,S2,CPU_ONLY,_RUN_1,211,632240,427302,1059542,32107338,59.671065,VERTIFIED,DATA
DATA,DATASET,S2,CPU_ONLY,_RUN_1,212,652104,370642,1022746,30992297,63.760112,VERTIFIED,DATA
DATA,DATASET,S2,CPU_ONLY,_RUN_1,213,649701,430569,1080270,32735452,60.142464,VERTIFIED,DATA
DATA,DATASET,S2,CPU_ONLY,_RUN_1,214,639459,379097,1018556,30865326,62.780937,VERTIFIED,DATA
DATA,DATASET,S2,CPU_ONLY,_RUN_1,215,697565,323487,1021052,30940971,68.318264,VERTIFIED,DATA
DATA,DATASET,S2,CPU_ONLY,_RUN_1,216,669422,329069,998491,30257288,67.043368,VERTIFIED,DATA
DATA,DATASET,S2,CPU_ONLY,_RUN_1,217,699250,305005,1004255,30431967,69.628730,VERTIFIED,DATA
DATA,DATASET,S2,CPU_ONLY,_RUN_1,218,677103,396319,1073422,32527940,63.078920,VERTIFIED,DATA
DATA,DATASET,S2,CPU_ONLY,_RUN_1,219,639721,396552,1036273,31402220,61.732864,VERTIFIED,DATA
DATA,DATASET,S2,CPU_ONLY,_RUN_1,220,632007,425304,1057311,32039737,59.774938,VERTIFIED,DATA
DATA,DATASET,S2,CPU_ONLY,_RUN_1,221,649149,383752,1032901,31300030,62.847165,VERTIFIED,DATA
DATA,DATASET,S2,CPU_ONLY,_RUN_1,222,658618,379847,1038465,31468633,63.422263,VERTIFIED,DATA
DATA,DATASET,S2,CPU_ONLY,_RUN_1,223,642142,465106,1107248,33552962,57.994415,VERTIFIED,DATA
DATA,DATASET,S2,CPU_ONLY,_RUN_1,224,687269,334777,1022046,30971094,67.244429,VERTIFIED,DATA
DATA,DATASET,S2,CPU_ONLY,_RUN_1,225,610182,454120,1064302,32251563,57.331660,VERTIFIED,DATA
DATA,DATASET,S2,CPU_ONLY,_RUN_1,226,663276,371427,1034703,31354648,64.103032,VERTIFIED,DATA
DATA,DATASET,S2,CPU_ONLY,_RUN_1,227,670646,387025,1057671,32050645,63.407808,VERTIFIED,DATA
DATA,DATASET,S2,CPU_ONLY,_RUN_1,228,620904,446572,1067476,32347761,58.165617,VERTIFIED,DATA
DATA,DATASET,S2,CPU_ONLY,_RUN_1,229,676152,402817,1078969,32696029,62.666490,VERTIFIED,DATA
DATA,DATASET,S2,CPU_ONLY,_RUN_1,230,626341,440899,1067240,32340592,58.687924,VERTIFIED,DATA
DATA,DATASET,S2,CPU_ONLY,_RUN_1,231,677330,372591,1049921,31815802,64.512473,VERTIFIED,DATA
DATA,DATASET,S2,CPU_ONLY,_RUN_1,232,687306,362503,1049809,31812389,65.469624,VERTIFIED,DATA
DATA,DATASET,S2,CPU_ONLY,_RUN_1,233,602349,467674,1070023,32424928,56.293089,VERTIFIED,DATA
DATA,DATASET,S2,CPU_ONLY,_RUN_1,234,620756,471781,1092537,33107173,56.817847,VERTIFIED,DATA
DATA,DATASET,S2,CPU_ONLY,_RUN_1,235,710616,362611,1073227,32522023,66.213019,VERTIFIED,DATA
DATA,DATASET,S2,CPU_ONLY,_RUN_1,236,658704,406891,1065595,32290752,61.815605,VERTIFIED,DATA
DATA,DATASET,S2,CPU_ONLY,_RUN_1,237,583812,469632,1053444,31922554,55.419367,VERTIFIED,DATA
DATA,DATASET,S2,CPU_ONLY,_RUN_1,238,651849,414025,1065874,32299213,61.156291,VERTIFIED,DATA
DATA,DATASET,S2,CPU_ONLY,_RUN_1,239,644922,392364,1037286,31432902,62.173981,VERTIFIED,DATA
DATA,DATASET,S2,CPU_ONLY,_RUN_1,240,632998,415542,1048540,31773940,60.369466,VERTIFIED,DATA
DATA,DATASET,S2,CPU_ONLY,_RUN_1,241,667153,352878,1020031,30910042,65.405169,VERTIFIED,DATA
DATA,DATASET,S2,CPU_ONLY,_RUN_1,242,622385,379932,1002317,30373247,62.094627,VERTIFIED,DATA
DATA,DATASET,S2,CPU_ONLY,_RUN_1,243,687296,332587,1019883,30905546,67.389691,VERTIFIED,DATA
DATA,DATASET,S2,CPU_ONLY,_RUN_1,244,637217,420337,1057554,32047095,60.253850,VERTIFIED,DATA
DATA,DATASET,S2,CPU_ONLY,_RUN_1,245,620281,423244,1043525,31621981,59.440933,VERTIFIED,DATA
DATA,DATASET,S2,CPU_ONLY,_RUN_1,246,643006,445110,1088116,32973202,59.093516,VERTIFIED,DATA
DATA,DATASET,S2,CPU_ONLY,_RUN_1,247,715838,359114,1074952,32574304,66.592555,VERTIFIED,DATA
DATA,DATASET,S2,CPU_ONLY,_RUN_1,248,635511,424483,1059994,32121031,59.954207,VERTIFIED,DATA
DATA,DATASET,S2,CPU_ONLY,_RUN_1,249,692277,323268,1015545,30774090,68.168028,VERTIFIED,DATA
DATA,DATASET,S2,CPU_ONLY,_RUN_1,250,637722,461815,1099537,33319293,57.999140,VERTIFIED,DATA
DATA,DATASET,S2,CPU_ONLY,_RUN_1,251,630224,406762,1036986,31423804,60.774591,VERTIFIED,DATA
DATA,DATASET,S2,CPU_ONLY,_RUN_1,252,620105,418291,1038396,31466545,59.717584,VERTIFIED,DATA
DATA,DATASET,S2,CPU_ONLY,_RUN_1,253,666674,349209,1015883,30784338,65.625077,VERTIFIED,DATA
DATA,DATASET,S2,CPU_ONLY,_RUN_1,254,650069,391658,1041727,31567475,62.403010,VERTIFIED,DATA
DATA,DATASET,S2,CPU_ONLY,_RUN_1,255,617077,438125,1055202,31975807,58.479514,VERTIFIED,DATA
DATA,DATASET,S2,CPU_ONLY,_RUN_1,256,609196,425083,1034279,31341797,58.900548,VERTIFIED,DATA
DATA,DATASET,S2,CPU_ONLY,_RUN_1,257,665316,368721,1034037,31334464,64.341605,VERTIFIED,DATA
DATA,DATASET,S2,CPU_ONLY,_RUN_1,258,620125,452120,1072245,32492284,57.834264,VERTIFIED,DATA
DATA,DATASET,S2,CPU_ONLY,_RUN_1,259,625061,429790,1054851,31965185,59.255857,VERTIFIED,DATA
DATA,DATASET,S2,CPU_ONLY,_RUN_1,260,653849,372233,1026082,31093406,63.722880,VERTIFIED,DATA
DATA,DATASET,S2,CPU_ONLY,_RUN_1,261,618605,418473,1037078,31426613,59.648840,VERTIFIED,DATA
DATA,DATASET,S2,CPU_ONLY,_RUN_1,262,674163,341487,1015650,30777264,66.377492,VERTIFIED,DATA
DATA,DATASET,S2,CPU_ONLY,_RUN_1,263,681649,335518,1017167,30823257,67.014463,VERTIFIED,DATA
DATA,DATASET,S2,CPU_ONLY,_RUN_1,264,728753,245287,974040,29516368,74.817564,VERTIFIED,DATA
DATA,DATASET,S2,CPU_ONLY,_RUN_1,265,638946,396272,1035218,31370252,61.720913,VERTIFIED,DATA
DATA,DATASET,S2,CPU_ONLY,_RUN_1,266,604118,455057,1059175,32096215,57.036656,VERTIFIED,DATA
DATA,DATASET,S2,CPU_ONLY,_RUN_1,267,670301,327106,997407,30224456,67.204361,VERTIFIED,DATA
DATA,DATASET,S2,CPU_ONLY,_RUN_1,268,604061,461592,1065653,32292503,56.684587,VERTIFIED,DATA
DATA,DATASET,S2,CPU_ONLY,_RUN_1,269,658881,409974,1068855,32389555,61.643628,VERTIFIED,DATA
DATA,DATASET,S2,CPU_ONLY,_RUN_1,270,638308,404616,1042924,31603755,61.203693,VERTIFIED,DATA
DATA,DATASET,S2,CPU_ONLY,_RUN_1,271,680424,373251,1053675,31929542,64.576269,VERTIFIED,DATA
DATA,DATASET,S2,CPU_ONLY,_RUN_1,272,675539,361109,1036648,31413588,65.165707,VERTIFIED,DATA
DATA,DATASET,S2,CPU_ONLY,_RUN_1,273,662094,299155,961249,29128748,68.878511,VERTIFIED,DATA
DATA,DATASET,S2,CPU_ONLY,_RUN_1,274,607786,494090,1101876,33390178,55.159201,VERTIFIED,DATA
DATA,DATASET,S2,CPU_ONLY,_RUN_1,275,655147,389119,1044266,31644413,62.737559,VERTIFIED,DATA
DATA,DATASET,S2,CPU_ONLY,_RUN_1,276,627133,445061,1072194,32490737,58.490628,VERTIFIED,DATA
DATA,DATASET,S2,CPU_ONLY,_RUN_1,277,594000,457004,1051004,31848609,56.517387,VERTIFIED,DATA
DATA,DATASET,S2,CPU_ONLY,_RUN_1,278,631075,417840,1048915,31785289,60.164551,VERTIFIED,DATA
DATA,DATASET,S2,CPU_ONLY,_RUN_1,279,659495,387474,1046969,31726339,62.990881,VERTIFIED,DATA
DATA,DATASET,S2,CPU_ONLY,_RUN_1,280,704641,357717,1062358,32192674,66.328017,VERTIFIED,DATA
DATA,DATASET,S2,CPU_ONLY,_RUN_1,281,623465,488868,1112333,33707053,56.050212,VERTIFIED,DATA
DATA,DATASET,S2,CPU_ONLY,_RUN_1,282,621667,364033,985700,29869699,63.068581,VERTIFIED,DATA
DATA,DATASET,S2,CPU_ONLY,_RUN_1,283,616498,419932,1036430,31406959,59.482840,VERTIFIED,DATA
DATA,DATASET,S2,CPU_ONLY,_RUN_1,284,700338,336312,1036650,31413627,67.557806,VERTIFIED,DATA
DATA,DATASET,S2,CPU_ONLY,_RUN_1,285,673473,336000,1009473,30590105,66.715306,VERTIFIED,DATA
DATA,DATASET,S2,CPU_ONLY,_RUN_1,286,616933,427630,1044563,31653438,59.061349,VERTIFIED,DATA
DATA,DATASET,S2,CPU_ONLY,_RUN_1,287,635352,398885,1034237,31340521,61.431954,VERTIFIED,DATA
DATA,DATASET,S2,CPU_ONLY,_RUN_1,288,685646,349673,1035319,31373297,66.225579,VERTIFIED,DATA
DATA,DATASET,S2,CPU_ONLY,_RUN_1,289,632326,395529,1027855,31147128,61.518989,VERTIFIED,DATA
DATA,DATASET,S2,CPU_ONLY,_RUN_1,290,631315,420728,1052043,31880093,60.008479,VERTIFIED,DATA
DATA,DATASET,S2,CPU_ONLY,_RUN_1,291,666280,403241,1069521,32409731,62.297047,VERTIFIED,DATA
DATA,DATASET,S2,CPU_ONLY,_RUN_1,292,634635,393853,1028488,31166315,61.705630,VERTIFIED,DATA
DATA,DATASET,S2,CPU_ONLY,_RUN_1,293,686357,323755,1010112,30609443,67.948604,VERTIFIED,DATA
DATA,DATASET,S2,CPU_ONLY,_RUN_1,294,612789,440054,1052843,31904335,58.203265,VERTIFIED,DATA
DATA,DATASET,S2,CPU_ONLY,_RUN_1,295,671269,403054,1074323,32555254,62.482978,VERTIFIED,DATA
DATA,DATASET,S2,CPU_ONLY,_RUN_1,296,645338,398530,1043868,31632349,61.821801,VERTIFIED,DATA
DATA,DATASET,S2,CPU_ONLY,_RUN_1,297,620563,402605,1023168,31005091,60.651135,VERTIFIED,DATA
DATA,DATASET,S2,CPU_ONLY,_RUN_1,298,688921,366778,1055699,31990881,65.257332,VERTIFIED,DATA
DATA,DATASET,S2,CPU_ONLY,_RUN_1,299,611928,441659,1053587,31926877,58.080443,VERTIFIED,DATA
DATA,DATASET,S2,CPU_ONLY,_RUN_1,300,655617,388671,1044288,31645083,62.781244,VERTIFIED,DATA
DATA,DATASET,S2,CPU_MATMUL,_RUN_1,1,610528,381986,992514,30076171,61.513288,VERTIFIED,DATA
DATA,DATASET,S2,CPU_MATMUL,_RUN_1,2,605290,500995,1106285,33523788,54.713749,VERTIFIED,DATA
DATA,DATASET,S2,CPU_MATMUL,_RUN_1,3,535820,465728,1001548,30349927,53.499183,VERTIFIED,DATA
DATA,DATASET,S2,CPU_MATMUL,_RUN_1,4,571699,494572,1066271,32311233,53.616670,VERTIFIED,DATA
DATA,DATASET,S2,CPU_MATMUL,_RUN_1,5,588773,491914,1080687,32748093,54.481362,VERTIFIED,DATA
DATA,DATASET,S2,CPU_MATMUL,_RUN_1,6,538444,492445,1030889,31239055,52.231036,VERTIFIED,DATA
DATA,DATASET,S2,CPU_MATMUL,_RUN_1,7,572487,493280,1065767,32295961,53.715962,VERTIFIED,DATA
DATA,DATASET,S2,CPU_MATMUL,_RUN_1,8,635704,401472,1037176,31429574,61.291815,VERTIFIED,DATA
DATA,DATASET,S2,CPU_MATMUL,_RUN_1,9,586861,411023,997884,30238894,58.810543,VERTIFIED,DATA
DATA,DATASET,S2,CPU_MATMUL,_RUN_1,10,554525,498933,1053458,31922981,52.638548,VERTIFIED,DATA
DATA,DATASET,S2,CPU_MATMUL,_RUN_1,11,652400,405354,1057754,32053158,61.677857,VERTIFIED,DATA
DATA,DATASET,S2,CPU_MATMUL,_RUN_1,12,601395,459437,1060832,32146435,56.690880,VERTIFIED,DATA
DATA,DATASET,S2,CPU_MATMUL,_RUN_1,13,641926,389610,1031536,31258681,62.230111,VERTIFIED,DATA
DATA,DATASET,S2,CPU_MATMUL,_RUN_1,14,670745,418172,1088917,32997482,61.597440,VERTIFIED,DATA
DATA,DATASET,S2,CPU_MATMUL,_RUN_1,15,571025,481436,1052461,31892745,54.256167,VERTIFIED,DATA
DATA,DATASET,S2,CPU_MATMUL,_RUN_1,16,614723,457647,1072370,32496066,57.323778,VERTIFIED,DATA
DATA,DATASET,S2,CPU_MATMUL,_RUN_1,17,638734,395684,1034418,31345985,61.748152,VERTIFIED,DATA
DATA,DATASET,S2,CPU_MATMUL,_RUN_1,18,602923,468088,1071011,32454886,56.294753,VERTIFIED,DATA
DATA,DATASET,S2,CPU_MATMUL,_RUN_1,19,594306,478800,1073106,32518352,55.381854,VERTIFIED,DATA
DATA,DATASET,S2,CPU_MATMUL,_RUN_1,20,535587,461952,997539,30228461,53.690833,VERTIFIED,DATA
DATA,DATASET,S2,CPU_MATMUL,_RUN_1,21,570937,491868,1062805,32206211,53.719826,VERTIFIED,DATA
DATA,DATASET,S2,CPU_MATMUL,_RUN_1,22,634318,409023,1043341,31616395,60.796806,VERTIFIED,DATA
DATA,DATASET,S2,CPU_MATMUL,_RUN_1,23,573206,460185,1033391,31314879,55.468453,VERTIFIED,DATA
DATA,DATASET,S2,CPU_MATMUL,_RUN_1,24,590004,434184,1024188,31036007,57.607002,VERTIFIED,DATA
DATA,DATASET,S2,CPU_MATMUL,_RUN_1,25,578343,434624,1012967,30695978,57.093963,VERTIFIED,DATA
DATA,DATASET,S2,CPU_MATMUL,_RUN_1,26,627107,382741,1009848,30601447,62.099148,VERTIFIED,DATA
DATA,DATASET,S2,CPU_MATMUL,_RUN_1,27,551915,501206,1053121,31912764,52.407558,VERTIFIED,DATA
DATA,DATASET,S2,CPU_MATMUL,_RUN_1,28,586983,412488,999471,30287000,58.729368,VERTIFIED,DATA
DATA,DATASET,S2,CPU_MATMUL,_RUN_1,29,609516,483014,1092530,33106973,55.789406,VERTIFIED,DATA
DATA,DATASET,S2,CPU_MATMUL,_RUN_1,30,577379,477139,1054518,31955090,54.752882,VERTIFIED,DATA
DATA,DATASET,S2,CPU_MATMUL,_RUN_1,31,557364,525541,1082905,32815307,51.469335,VERTIFIED,DATA
DATA,DATASET,S2,CPU_MATMUL,_RUN_1,32,541233,537600,1078833,32691907,50.168376,VERTIFIED,DATA
DATA,DATASET,S2,CPU_MATMUL,_RUN_1,33,615808,406431,1022239,30976950,60.241098,VERTIFIED,DATA
DATA,DATASET,S2,CPU_MATMUL,_RUN_1,34,652469,463589,1116058,33819941,58.461926,VERTIFIED,DATA
DATA,DATASET,S2,CPU_MATMUL,_RUN_1,35,570693,493100,1063793,32236159,53.646997,VERTIFIED,DATA
DATA,DATASET,S2,CPU_MATMUL,_RUN_1,36,574356,488115,1062471,32196076,54.058511,VERTIFIED,DATA
DATA,DATASET,S2,CPU_MATMUL,_RUN_1,37,633981,362502,996483,30196456,63.621858,VERTIFIED,DATA
DATA,DATASET,S2,CPU_MATMUL,_RUN_1,38,614091,418778,1032869,31299071,59.454878,VERTIFIED,DATA
DATA,DATASET,S2,CPU_MATMUL,_RUN_1,39,607181,477989,1085170,32883940,55.952616,VERTIFIED,DATA
DATA,DATASET,S2,CPU_MATMUL,_RUN_1,40,584865,480427,1065292,32281579,54.901849,VERTIFIED,DATA
DATA,DATASET,S2,CPU_MATMUL,_RUN_1,41,597057,396606,993663,30111002,60.086468,VERTIFIED,DATA
DATA,DATASET,S2,CPU_MATMUL,_RUN_1,42,594188,463542,1057730,32052415,56.175773,VERTIFIED,DATA
DATA,DATASET,S2,CPU_MATMUL,_RUN_1,43,577536,485264,1062800,32206055,54.340986,VERTIFIED,DATA
DATA,DATASET,S2,CPU_MATMUL,_RUN_1,44,607855,393641,1001496,30348372,60.694701,VERTIFIED,DATA
DATA,DATASET,S2,CPU_MATMUL,_RUN_1,45,560547,511444,1071991,32484565,52.290271,VERTIFIED,DATA
DATA,DATASET,S2,CPU_MATMUL,_RUN_1,46,604128,461433,1065561,32289723,56.695769,VERTIFIED,DATA
DATA,DATASET,S2,CPU_MATMUL,_RUN_1,47,650271,399336,1049607,31806279,61.953760,VERTIFIED,DATA
DATA,DATASET,S2,CPU_MATMUL,_RUN_1,48,623949,433703,1057652,32050051,58.993790,VERTIFIED,DATA
DATA,DATASET,S2,CPU_MATMUL,_RUN_1,49,576056,460452,1036508,31409333,55.576609,VERTIFIED,DATA
DATA,DATASET,S2,CPU_MATMUL,_RUN_1,50,592805,455948,1048753,31780406,56.524749,VERTIFIED,DATA
DATA,DATASET,S2,CPU_MATMUL,_RUN_1,51,644632,395989,1040621,31533961,61.946857,VERTIFIED,DATA
DATA,DATASET,S2,CPU_MATMUL,_RUN_1,52,584580,414310,998890,30269404,58.522960,VERTIFIED,DATA
DATA,DATASET,S2,CPU_MATMUL,_RUN_1,53,559913,453791,1013704,30718304,55.234368,VERTIFIED,DATA
DATA,DATASET,S2,CPU_MATMUL,_RUN_1,54,560667,481440,1042107,31579010,53.801289,VERTIFIED,DATA
DATA,DATASET,S2,CPU_MATMUL,_RUN_1,55,563004,432291,995295,30160450,56.566546,VERTIFIED,DATA
DATA,DATASET,S2,CPU_MATMUL,_RUN_1,56,572725,524270,1096995,33242269,52.208533,VERTIFIED,DATA
DATA,DATASET,S2,CPU_MATMUL,_RUN_1,57,596793,416196,1012989,30696644,58.914065,VERTIFIED,DATA
DATA,DATASET,S2,CPU_MATMUL,_RUN_1,58,596860,397677,994537,30137492,60.013856,VERTIFIED,DATA
DATA,DATASET,S2,CPU_MATMUL,_RUN_1,59,600028,441224,1041252,31553104,57.625628,VERTIFIED,DATA
DATA,DATASET,S2,CPU_MATMUL,_RUN_1,60,582643,424100,1006743,30507349,57.874055,VERTIFIED,DATA
DATA,DATASET,S2,CPU_MATMUL,_RUN_1,61,580404,486877,1067281,32341855,54.381555,VERTIFIED,DATA
DATA,DATASET,S2,CPU_MATMUL,_RUN_1,62,619290,430847,1050137,31822329,58.972306,VERTIFIED,DATA
DATA,DATASET,S2,CPU_MATMUL,_RUN_1,63,598610,465113,1063723,32234018,56.274989,VERTIFIED,DATA
DATA,DATASET,S2,CPU_MATMUL,_RUN_1,64,552114,439728,991842,30055825,55.665519,VERTIFIED,DATA
DATA,DATASET,S2,CPU_MATMUL,_RUN_1,65,636155,440908,1077063,32638283,59.063862,VERTIFIED,DATA
DATA,DATASET,S2,CPU_MATMUL,_RUN_1,66,599687,489444,1089131,33003972,55.061053,VERTIFIED,DATA
DATA,DATASET,S2,CPU_MATMUL,_RUN_1,67,588134,447652,1035786,31387444,56.781420,VERTIFIED,DATA
DATA,DATASET,S2,CPU_MATMUL,_RUN_1,68,563262,457148,1020410,30921500,55.199577,VERTIFIED,DATA
DATA,DATASET,S2,CPU_MATMUL,_RUN_1,69,600455,511550,1112005,33697131,53.997509,VERTIFIED,DATA
DATA,DATASET,S2,CPU_MATMUL,_RUN_1,70,590404,438525,1028929,31179665,57.380441,VERTIFIED,DATA
DATA,DATASET,S2,CPU_MATMUL,_RUN_1,71,644547,404384,1048931,31785786,61.447988,VERTIFIED,DATA
DATA,DATASET,S2,CPU_MATMUL,_RUN_1,72,630202,360139,990341,30010332,63.634849,VERTIFIED,DATA
DATA,DATASET,S2,CPU_MATMUL,_RUN_1,73,615738,460213,1075951,32604569,57.227327,VERTIFIED,DATA
DATA,DATASET,S2,CPU_MATMUL,_RUN_1,74,558249,527024,1085273,32887057,51.438578,VERTIFIED,DATA
DATA,DATASET,S2,CPU_MATMUL,_RUN_1,75,583762,501835,1085597,32896888,53.773362,VERTIFIED,DATA
DATA,DATASET,S2,CPU_MATMUL,_RUN_1,76,580111,450741,1030852,31237954,56.274907,VERTIFIED,DATA
DATA,DATASET,S2,CPU_MATMUL,_RUN_1,77,609952,449901,1059853,32116747,57.550623,VERTIFIED,DATA
DATA,DATASET,S2,CPU_MATMUL,_RUN_1,78,547243,507975,1055218,31976295,51.860658,VERTIFIED,DATA
DATA,DATASET,S2,CPU_MATMUL,_RUN_1,79,539159,520292,1059451,32104578,50.890414,VERTIFIED,DATA
DATA,DATASET,S2,CPU_MATMUL,_RUN_1,80,600833,489343,1090176,33035636,55.113395,VERTIFIED,DATA
DATA,DATASET,S2,CPU_MATMUL,_RUN_1,81,614822,414590,1029412,31194295,59.725552,VERTIFIED,DATA
DATA,DATASET,S2,CPU_MATMUL,_RUN_1,82,569572,468585,1038157,31459305,54.863763,VERTIFIED,DATA
DATA,DATASET,S2,CPU_MATMUL,_RUN_1,83,580111,414353,994464,30135259,58.334037,VERTIFIED,DATA
DATA,DATASET,S2,CPU_MATMUL,_RUN_1,84,641548,490004,1131552,34289466,56.696290,VERTIFIED,DATA
DATA,DATASET,S2,CPU_MATMUL,_RUN_1,85,580978,458529,1039507,31500214,55.889763,VERTIFIED,DATA
DATA,DATASET,S2,CPU_MATMUL,_RUN_1,86,638172,366861,1005033,30455534,63.497616,VERTIFIED,DATA
DATA,DATASET,S2,CPU_MATMUL,_RUN_1,87,617178,451940,1069118,32397509,57.727772,VERTIFIED,DATA
DATA,DATASET,S2,CPU_MATMUL,_RUN_1,88,622595,396406,1019001,30878812,61.098566,VERTIFIED,DATA
DATA,DATASET,S2,CPU_MATMUL,_RUN_1,89,628937,364895,993832,30116114,63.284036,VERTIFIED,DATA
DATA,DATASET,S2,CPU_MATMUL,_RUN_1,90,558778,507188,1065966,32301985,52.419871,VERTIFIED,DATA
DATA,DATASET,S2,CPU_MATMUL,_RUN_1,91,580531,470309,1050840,31843632,55.244471,VERTIFIED,DATA
DATA,DATASET,S2,CPU_MATMUL,_RUN_1,92,615160,398929,1014089,30729975,60.661342,VERTIFIED,DATA
DATA,DATASET,S2,CPU_MATMUL,_RUN_1,93,592516,465890,1058406,32072915,55.981920,VERTIFIED,DATA
DATA,DATASET,S2,CPU_MATMUL,_RUN_1,94,561531,518264,1079795,32721062,52.003482,VERTIFIED,DATA
DATA,DATASET,S2,CPU_MATMUL,_RUN_1,95,606905,428735,1035640,31383018,58.601927,VERTIFIED,DATA
DATA,DATASET,S2,CPU_MATMUL,_RUN_1,96,650924,347323,998247,30249911,65.206707,VERTIFIED,DATA
DATA,DATASET,S2,CPU_MATMUL,_RUN_1,97,634199,441163,1075362,32586724,58.975396,VERTIFIED,DATA
DATA,DATASET,S2,CPU_MATMUL,_RUN_1,98,593587,494318,1087905,32966823,54.562393,VERTIFIED,DATA
DATA,DATASET,S2,CPU_MATMUL,_RUN_1,99,595424,419411,1014835,30752583,58.672001,VERTIFIED,DATA
DATA,DATASET,S2,CPU_MATMUL,_RUN_1,100,549121,457359,1006480,30499398,54.558561,VERTIFIED,DATA
DATA,DATASET,S2,CPU_MATMUL,_RUN_1,101,586854,514457,1101311,33373075,53.286855,VERTIFIED,DATA
DATA,DATASET,S2,CPU_MATMUL,_RUN_1,102,563226,477142,1040368,31526309,54.137190,VERTIFIED,DATA
DATA,DATASET,S2,CPU_MATMUL,_RUN_1,103,583963,508610,1092573,33108261,53.448419,VERTIFIED,DATA
DATA,DATASET,S2,CPU_MATMUL,_RUN_1,104,573545,498213,1071758,32477502,53.514413,VERTIFIED,DATA
DATA,DATASET,S2,CPU_MATMUL,_RUN_1,105,622408,456537,1078945,32695311,57.686722,VERTIFIED,DATA
DATA,DATASET,S2,CPU_MATMUL,_RUN_1,106,610439,373299,983738,29810256,62.053006,VERTIFIED,DATA
DATA,DATASET,S2,CPU_MATMUL,_RUN_1,107,614377,473596,1087973,32968870,56.469876,VERTIFIED,DATA
DATA,DATASET,S2,CPU_MATMUL,_RUN_1,108,555722,505085,1060807,32145655,52.386721,VERTIFIED,DATA
DATA,DATASET,S2,CPU_MATMUL,_RUN_1,109,583781,482480,1066261,32310951,54.750291,VERTIFIED,DATA
DATA,DATASET,S2,CPU_MATMUL,_RUN_1,110,515469,524809,1040278,31523570,49.551082,VERTIFIED,DATA
DATA,DATASET,S2,CPU_MATMUL,_RUN_1,111,590941,517117,1108058,33577515,53.331234,VERTIFIED,DATA
DATA,DATASET,S2,CPU_MATMUL,_RUN_1,112,623484,402860,1026344,31101332,60.748053,VERTIFIED,DATA
DATA,DATASET,S2,CPU_MATMUL,_RUN_1,113,550362,455221,1005583,30472199,54.730639,VERTIFIED,DATA
DATA,DATASET,S2,CPU_MATMUL,_RUN_1,114,552372,411832,964204,29218301,57.287877,VERTIFIED,DATA
DATA,DATASET,S2,CPU_MATMUL,_RUN_1,115,594859,453086,1047945,31755899,56.764334,VERTIFIED,DATA
DATA,DATASET,S2,CPU_MATMUL,_RUN_1,116,620148,371405,991553,30047062,62.543102,VERTIFIED,DATA
DATA,DATASET,S2,CPU_MATMUL,_RUN_1,117,639666,412656,1052322,31888552,60.786147,VERTIFIED,DATA
DATA,DATASET,S2,CPU_MATMUL,_RUN_1,118,586999,475999,1062998,32212065,55.221082,VERTIFIED,DATA
DATA,DATASET,S2,CPU_MATMUL,_RUN_1,119,562525,510385,1072910,32512424,52.429840,VERTIFIED,DATA
DATA,DATASET,S2,CPU_MATMUL,_RUN_1,120,509863,581957,1091820,33085464,46.698448,VERTIFIED,DATA
DATA,DATASET,S2,CPU_MATMUL,_RUN_1,121,553199,456177,1009376,30587137,54.806039,VERTIFIED,DATA
DATA,DATASET,S2,CPU_MATMUL,_RUN_1,122,592751,511753,1104504,33469828,53.666714,VERTIFIED,DATA
DATA,DATASET,S2,CPU_MATMUL,_RUN_1,123,615354,407742,1023096,31002902,60.146262,VERTIFIED,DATA
DATA,DATASET,S2,CPU_MATMUL,_RUN_1,124,605432,431216,1036648,31413572,58.402852,VERTIFIED,DATA
DATA,DATASET,S2,CPU_MATMUL,_RUN_1,125,564777,490350,1055127,31973555,53.526921,VERTIFIED,DATA
DATA,DATASET,S2,CPU_MATMUL,_RUN_1,126,573184,470403,1043587,31623847,54.924410,VERTIFIED,DATA
DATA,DATASET,S2,CPU_MATMUL,_RUN_1,127,614948,495663,1110611,33654886,55.370242,VERTIFIED,DATA
DATA,DATASET,S2,CPU_MATMUL,_RUN_1,128,587892,489924,1077816,32661097,54.544746,VERTIFIED,DATA
DATA,DATASET,S2,CPU_MATMUL,_RUN_1,129,577291,424555,1001846,30358962,57.622728,VERTIFIED,DATA
DATA,DATASET,S2,CPU_MATMUL,_RUN_1,130,558716,471854,1030570,31229388,54.214270,VERTIFIED,DATA
DATA,DATASET,S2,CPU_MATMUL,_RUN_1,131,644668,381578,1026246,31098378,62.818077,VERTIFIED,DATA
DATA,DATASET,S2,CPU_MATMUL,_RUN_1,132,597788,429505,1027293,31130086,58.190604,VERTIFIED,DATA
DATA,DATASET,S2,CPU_MATMUL,_RUN_1,133,586000,469639,1055639,31989072,55.511401,VERTIFIED,DATA
DATA,DATASET,S2,CPU_MATMUL,_RUN_1,134,525121,457102,982223,29764319,53.462503,VERTIFIED,DATA
DATA,DATASET,S2,CPU_MATMUL,_RUN_1,135,623971,384890,1008861,30571541,61.849056,VERTIFIED,DATA
DATA,DATASET,S2,CPU_MATMUL,_RUN_1,136,546982,494613,1041595,31563482,52.513885,VERTIFIED,DATA
DATA,DATASET,S2,CPU_MATMUL,_RUN_1,137,533070,467300,1000370,30314239,53.287284,VERTIFIED,DATA
DATA,DATASET,S2,CPU_MATMUL,_RUN_1,138,625816,474125,1099941,33331546,56.895415,VERTIFIED,DATA
DATA,DATASET,S2,CPU_MATMUL,_RUN_1,139,516407,506669,1023076,31002303,50.475918,VERTIFIED,DATA
DATA,DATASET,S2,CPU_MATMUL,_RUN_1,140,621837,406652,1028489,31166330,60.461220,VERTIFIED,DATA
DATA,DATASET,S2,CPU_MATMUL,_RUN_1,141,536462,501869,1038331,31464575,51.665798,VERTIFIED,DATA
DATA,DATASET,S2,CPU_MATMUL,_RUN_1,142,593624,445084,1038708,31475992,57.150229,VERTIFIED,DATA
DATA,DATASET,S2,CPU_MATMUL,_RUN_1,143,605706,445153,1050859,31844205,57.639131,VERTIFIED,DATA
DATA,DATASET,S2,CPU_MATMUL,_RUN_1,144,611154,381150,992304,30069804,61.589392,VERTIFIED,DATA
DATA,DATASET,S2,CPU_MATMUL,_RUN_1,145,599217,430274,1029491,31196687,58.205171,VERTIFIED,DATA
DATA,DATASET,S2,CPU_MATMUL,_RUN_1,146,588346,428416,1016762,30810965,57.864672,VERTIFIED,DATA
DATA,DATASET,S2,CPU_MATMUL,_RUN_1,147,611828,448056,1059884,32117692,57.725940,VERTIFIED,DATA
DATA,DATASET,S2,CPU_MATMUL,_RUN_1,148,585630,516800,1102430,33406983,53.121740,VERTIFIED,DATA
DATA,DATASET,S2,CPU_MATMUL,_RUN_1,149,604716,465014,1069730,32416071,56.529779,VERTIFIED,DATA
DATA,DATASET,S2,CPU_MATMUL,_RUN_1,150,655207,397370,1052577,31896283,62.247893,VERTIFIED,DATA
DATA,DATASET,S2,CPU_MATMUL,_RUN_1,151,598993,385100,984093,29820987,60.867520,VERTIFIED,DATA
DATA,DATASET,S2,CPU_MATMUL,_RUN_1,152,547356,584747,1132103,34306148,48.348604,VERTIFIED,DATA
DATA,DATASET,S2,CPU_MATMUL,_RUN_1,153,612915,450860,1063775,32235612,57.616977,VERTIFIED,DATA
DATA,DATASET,S2,CPU_MATMUL,_RUN_1,154,562493,490931,1053424,31921939,53.396638,VERTIFIED,DATA
DATA,DATASET,S2,CPU_MATMUL,_RUN_1,155,623972,482471,1106443,33528587,56.394410,VERTIFIED,DATA
DATA,DATASET,S2,CPU_MATMUL,_RUN_1,156,585818,462658,1048476,31771998,55.873287,VERTIFIED,DATA
DATA,DATASET,S2,CPU_MATMUL,_RUN_1,157,620536,424379,1044915,31664098,59.386266,VERTIFIED,DATA
DATA,DATASET,S2,CPU_MATMUL,_RUN_1,158,578205,404903,983108,29791164,58.813986,VERTIFIED,DATA
DATA,DATASET,S2,CPU_MATMUL,_RUN_1,159,620783,369916,990699,30021185,62.661111,VERTIFIED,DATA
DATA,DATASET,S2,CPU_MATMUL,_RUN_1,160,596111,505367,1101478,33378131,54.119193,VERTIFIED,DATA
DATA,DATASET,S2,CPU_MATMUL,_RUN_1,161,551697,558176,1109873,33632520,49.708120,VERTIFIED,DATA
DATA,DATASET,S2,CPU_MATMUL,_RUN_1,162,604641,369282,973923,29512815,62.083039,VERTIFIED,DATA
DATA,DATASET,S2,CPU_MATMUL,_RUN_1,163,611629,488206,1099835,33328347,55.610978,VERTIFIED,DATA
DATA,DATASET,S2,CPU_MATMUL,_RUN_1,164,630061,455081,1085142,32883087,58.062539,VERTIFIED,DATA
DATA,DATASET,S2,CPU_MATMUL,_RUN_1,165,667592,379442,1047034,31728307,63.760298,VERTIFIED,DATA
DATA,DATASET,S2,CPU_MATMUL,_RUN_1,166,633451,438413,1071864,32480735,59.098076,VERTIFIED,DATA
DATA,DATASET,S2,CPU_MATMUL,_RUN_1,167,580862,455750,1036612,31412483,56.034659,VERTIFIED,DATA
DATA,DATASET,S2,CPU_MATMUL,_RUN_1,168,604468,427331,1031799,31266646,58.583891,VERTIFIED,DATA
DATA,DATASET,S2,CPU_MATMUL,_RUN_1,169,555541,484050,1039591,31502758,53.438420,VERTIFIED,DATA
DATA,DATASET,S2,CPU_MATMUL,_RUN_1,170,614937,411849,1026786,31114716,59.889500,VERTIFIED,DATA
DATA,DATASET,S2,CPU_MATMUL,_RUN_1,171,592245,449407,1041652,31565206,56.856321,VERTIFIED,DATA
DATA,DATASET,S2,CPU_MATMUL,_RUN_1,172,585079,463683,1048762,31780663,55.787586,VERTIFIED,DATA
DATA,DATASET,S2,CPU_MATMUL,_RUN_1,173,583144,429738,1012882,30693383,57.572748,VERTIFIED,DATA
DATA,DATASET,S2,CPU_MATMUL,_RUN_1,174,578348,483415,1061763,32174626,54.470536,VERTIFIED,DATA
DATA,DATASET,S2,CPU_MATMUL,_RUN_1,175,582788,436289,1019077,30881109,57.187828,VERTIFIED,DATA
DATA,DATASET,S2,CPU_MATMUL,_RUN_1,176,597054,409253,1006307,30494160,59.331198,VERTIFIED,DATA
DATA,DATASET,S2,CPU_MATMUL,_RUN_1,177,597662,438907,1036569,31411169,57.657715,VERTIFIED,DATA
DATA,DATASET,S2,CPU_MATMUL,_RUN_1,178,649303,390297,1039600,31503021,62.457003,VERTIFIED,DATA
DATA,DATASET,S2,CPU_MATMUL,_RUN_1,179,540906,527617,1068523,32379470,50.621840,VERTIFIED,DATA
DATA,DATASET,S2,CPU_MATMUL,_RUN_1,180,606699,438276,1044975,31665910,58.058710,VERTIFIED,DATA
DATA,DATASET,S2,CPU_MATMUL,_RUN_1,181,572695,473170,1045865,31692877,54.758023,VERTIFIED,DATA
DATA,DATASET,S2,CPU_MATMUL,_RUN_1,182,579897,444019,1023916,31027748,56.635212,VERTIFIED,DATA
DATA,DATASET,S2,CPU_MATMUL,_RUN_1,183,581741,416750,998491,30257311,58.262017,VERTIFIED,DATA
DATA,DATASET,S2,CPU_MATMUL,_RUN_1,184,601784,464114,1065898,32299951,56.457935,VERTIFIED,DATA
DATA,DATASET,S2,CPU_MATMUL,_RUN_1,185,571067,486450,1057517,32045977,54.000739,VERTIFIED,DATA
DATA,DATASET,S2,CPU_MATMUL,_RUN_1,186,504123,515118,1019241,30886084,49.460628,VERTIFIED,DATA
DATA,DATASET,S2,CPU_MATMUL,_RUN_1,187,598136,432046,1030182,31217622,58.061197,VERTIFIED,DATA
DATA,DATASET,S2,CPU_MATMUL,_RUN_1,188,629035,450080,1079115,32700461,58.291748,VERTIFIED,DATA
DATA,DATASET,S2,CPU_MATMUL,_RUN_1,189,600214,453202,1053416,31921704,56.977870,VERTIFIED,DATA
DATA,DATASET,S2,CPU_MATMUL,_RUN_1,190,579409,478799,1058208,32066912,54.753791,VERTIFIED,DATA
DATA,DATASET,S2,CPU_MATMUL,_RUN_1,191,591746,418137,1009883,30602508,58.595501,VERTIFIED,DATA
DATA,DATASET,S2,CPU_MATMUL,_RUN_1,192,584617,412726,997343,30222510,58.617447,VERTIFIED,DATA
DATA,DATASET,S2,CPU_MATMUL,_RUN_1,193,657675,414432,1072107,32488100,61.344157,VERTIFIED,DATA
DATA,DATASET,S2,CPU_MATMUL,_RUN_1,194,600738,460750,1061488,32166292,56.593951,VERTIFIED,DATA
DATA,DATASET,S2,CPU_MATMUL,_RUN_1,195,647387,385106,1032493,31287670,62.701345,VERTIFIED,DATA
DATA,DATASET,S2,CPU_MATMUL,_RUN_1,196,583648,417662,1001310,30342736,58.288442,VERTIFIED,DATA
DATA,DATASET,S2,CPU_MATMUL,_RUN_1,197,622139,422719,1044858,31662358,59.542924,VERTIFIED,DATA
DATA,DATASET,S2,CPU_MATMUL,_RUN_1,198,571381,434981,1006362,30495823,56.776885,VERTIFIED,DATA
DATA,DATASET,S2,CPU_MATMUL,_RUN_1,199,590852,471398,1062250,32189380,55.622688,VERTIFIED,DATA
DATA,DATASET,S2,CPU_MATMUL,_RUN_1,200,588774,459111,1047885,31754103,56.186891,VERTIFIED,DATA
DATA,DATASET,S2,CPU_MATMUL,_RUN_1,201,606445,437372,1043817,31630811,58.098786,VERTIFIED,DATA
DATA,DATASET,S2,CPU_MATMUL,_RUN_1,202,590779,501431,1092210,33097275,54.090239,VERTIFIED,DATA
DATA,DATASET,S2,CPU_MATMUL,_RUN_1,203,583662,524690,1108352,33586436,52.660346,VERTIFIED,DATA
DATA,DATASET,S2,CPU_MATMUL,_RUN_1,204,620750,409404,1030154,31216775,60.257981,VERTIFIED,DATA
DATA,DATASET,S2,CPU_MATMUL,_RUN_1,205,546325,522839,1069164,32398894,51.098335,VERTIFIED,DATA
DATA,DATASET,S2,CPU_MATMUL,_RUN_1,206,572147,449759,1021906,30966852,55.988222,VERTIFIED,DATA
DATA,DATASET,S2,CPU_MATMUL,_RUN_1,207,615847,386472,1002319,30373292,61.442216,VERTIFIED,DATA
DATA,DATASET,S2,CPU_MATMUL,_RUN_1,208,612515,509504,1122019,34000561,54.590430,VERTIFIED,DATA
DATA,DATASET,S2,CPU_MATMUL,_RUN_1,209,555921,491313,1047234,31734349,53.084697,VERTIFIED,DATA
DATA,DATASET,S2,CPU_MATMUL,_RUN_1,210,614361,361051,975412,29557931,62.984770,VERTIFIED,DATA
DATA,DATASET,S2,CPU_MATMUL,_RUN_1,211,586151,473837,1059988,32120857,55.297890,VERTIFIED,DATA
DATA,DATASET,S2,CPU_MATMUL,_RUN_1,212,594190,449912,1044102,31639462,56.909191,VERTIFIED,DATA
DATA,DATASET,S2,CPU_MATMUL,_RUN_1,213,620250,412576,1032826,31297743,60.053678,VERTIFIED,DATA
DATA,DATASET,S2,CPU_MATMUL,_RUN_1,214,614458,480462,1094920,33179382,56.118986,VERTIFIED,DATA
DATA,DATASET,S2,CPU_MATMUL,_RUN_1,215,571251,450399,1021650,30959098,55.914550,VERTIFIED,DATA
DATA,DATASET,S2,CPU_MATMUL,_RUN_1,216,606219,445634,1051853,31874332,57.633434,VERTIFIED,DATA
DATA,DATASET,S2,CPU_MATMUL,_RUN_1,217,582539,488601,1071140,32458792,54.384954,VERTIFIED,DATA
DATA,DATASET,S2,CPU_MATMUL,_RUN_1,218,622149,330528,952677,28868999,65.305345,VERTIFIED,DATA
DATA,DATASET,S2,CPU_MATMUL,_RUN_1,219,605925,435191,1041116,31548960,58.199567,VERTIFIED,DATA
DATA,DATASET,S2,CPU_MATMUL,_RUN_1,220,562811,445940,1008751,30568212,55.792857,VERTIFIED,DATA
DATA,DATASET,S2,CPU_MATMUL,_RUN_1,221,638162,421891,1060053,32122830,60.200952,VERTIFIED,DATA
DATA,DATASET,S2,CPU_MATMUL,_RUN_1,222,654816,410207,1065023,32273435,61.483743,VERTIFIED,DATA
DATA,DATASET,S2,CPU_MATMUL,_RUN_1,223,587456,469186,1056642,32019444,55.596503,VERTIFIED,DATA
DATA,DATASET,S2,CPU_MATMUL,_RUN_1,224,600711,496970,1097681,33263058,54.725462,VERTIFIED,DATA
DATA,DATASET,S2,CPU_MATMUL,_RUN_1,225,547467,478804,1026271,31099125,53.345267,VERTIFIED,DATA
DATA,DATASET,S2,CPU_MATMUL,_RUN_1,226,559652,543740,1103392,33436121,50.721049,VERTIFIED,DATA
DATA,DATASET,S2,CPU_MATMUL,_RUN_1,227,555556,520590,1076146,32610488,51.624594,VERTIFIED,DATA
DATA,DATASET,S2,CPU_MATMUL,_RUN_1,228,616956,402678,1019634,30897995,60.507594,VERTIFIED,DATA
DATA,DATASET,S2,CPU_MATMUL,_RUN_1,229,586572,442588,1029160,31186674,56.995219,VERTIFIED,DATA
DATA,DATASET,S2,CPU_MATMUL,_RUN_1,230,634693,394673,1029366,31192910,61.658633,VERTIFIED,DATA
DATA,DATASET,S2,CPU_MATMUL,_RUN_1,231,626609,434639,1061248,32159034,59.044540,VERTIFIED,DATA
DATA,DATASET,S2,CPU_MATMUL,_RUN_1,232,648686,381710,1030396,31224127,62.955019,VERTIFIED,DATA
DATA,DATASET,S2,CPU_MATMUL,_RUN_1,233,531099,572844,1103943,33452825,48.109277,VERTIFIED,DATA
DATA,DATASET,S2,CPU_MATMUL,_RUN_1,234,584563,452482,1037045,31425592,56.368142,VERTIFIED,DATA
DATA,DATASET,S2,CPU_MATMUL,_RUN_1,235,637187,383602,1020789,30932989,62.421029,VERTIFIED,DATA
DATA,DATASET,S2,CPU_MATMUL,_RUN_1,236,625550,391701,1017251,30825785,61.494164,VERTIFIED,DATA
DATA,DATASET,S2,CPU_MATMUL,_RUN_1,237,585955,410612,996567,30198990,58.797351,VERTIFIED,DATA
DATA,DATASET,S2,CPU_MATMUL,_RUN_1,238,578903,477652,1056555,32016821,54.791563,VERTIFIED,DATA
DATA,DATASET,S2,CPU_MATMUL,_RUN_1,239,597131,376424,973555,29501670,61.335107,VERTIFIED,DATA
DATA,DATASET,S2,CPU_MATMUL,_RUN_1,240,559329,474878,1034207,31339613,54.082887,VERTIFIED,DATA
DATA,DATASET,S2,CPU_MATMUL,_RUN_1,241,558341,499734,1058075,32062889,52.769511,VERTIFIED,DATA
DATA,DATASET,S2,CPU_MATMUL,_RUN_1,242,603443,429443,1032886,31299561,58.423001,VERTIFIED,DATA
DATA,DATASET,S2,CPU_MATMUL,_RUN_1,243,574102,425104,999206,30278981,57.455820,VERTIFIED,DATA
DATA,DATASET,S2,CPU_MATMUL,_RUN_1,244,588159,449875,1038034,31455575,56.660861,VERTIFIED,DATA
DATA,DATASET,S2,CPU_MATMUL,_RUN_1,245,597793,426851,1024644,31049832,58.341531,VERTIFIED,DATA
DATA,DATASET,S2,CPU_MATMUL,_RUN_1,246,550680,472193,1022873,30996166,53.836596,VERTIFIED,DATA
DATA,DATASET,S2,CPU_MATMUL,_RUN_1,247,588243,460249,1048492,31772485,56.103718,VERTIFIED,DATA
DATA,DATASET,S2,CPU_MATMUL,_RUN_1,248,632760,392993,1025753,31083413,61.687365,VERTIFIED,DATA
DATA,DATASET,S2,CPU_MATMUL,_RUN_1,249,585768,449072,1034840,31358796,56.604693,VERTIFIED,DATA
DATA,DATASET,S2,CPU_MATMUL,_RUN_1,250,567130,461731,1028861,31177593,55.122120,VERTIFIED,DATA
DATA,DATASET,S2,CPU_MATMUL,_RUN_1,251,565960,465568,1031528,31258412,54.866179,VERTIFIED,DATA
DATA,DATASET,S2,CPU_MATMUL,_RUN_1,252,574862,535729,1110591,33654262,51.761810,VERTIFIED,DATA
DATA,DATASET,S2,CPU_MATMUL,_RUN_1,253,612582,398753,1011335,30646529,60.571621,VERTIFIED,DATA
DATA,DATASET,S2,CPU_MATMUL,_RUN_1,254,590796,523159,1113955,33756221,53.035895,VERTIFIED,DATA
DATA,DATASET,S2,CPU_MATMUL,_RUN_1,255,591437,467612,1059049,32092394,55.846047,VERTIFIED,DATA
DATA,DATASET,S2,CPU_MATMUL,_RUN_1,256,623117,409583,1032700,31293929,60.338627,VERTIFIED,DATA
DATA,DATASET,S2,CPU_MATMUL,_RUN_1,257,612257,454377,1066634,32322240,57.400852,VERTIFIED,DATA
DATA,DATASET,S2,CPU_MATMUL,_RUN_1,258,578597,466810,1045407,31678998,55.346578,VERTIFIED,DATA
DATA,DATASET,S2,CPU_MATMUL,_RUN_1,259,588533,438054,1026587,31108704,57.329091,VERTIFIED,DATA
DATA,DATASET,S2,CPU_MATMUL,_RUN_1,260,560947,533587,1094534,33167702,51.249847,VERTIFIED,DATA
DATA,DATASET,S2,CPU_MATMUL,_RUN_1,261,607420,396811,1004231,30431251,60.486083,VERTIFIED,DATA
DATA,DATASET,S2,CPU_MATMUL,_RUN_1,262,544742,539649,1084391,32860339,50.234832,VERTIFIED,DATA
DATA,DATASET,S2,CPU_MATMUL,_RUN_1,263,632286,429246,1061532,32167640,59.563536,VERTIFIED,DATA
DATA,DATASET,S2,CPU_MATMUL,_RUN_1,264,602497,463151,1065648,32292376,56.538088,VERTIFIED,DATA
DATA,DATASET,S2,CPU_MATMUL,_RUN_1,265,602123,467203,1069326,32403821,56.308647,VERTIFIED,DATA
DATA,DATASET,S2,CPU_MATMUL,_RUN_1,266,576349,462331,1038680,31475152,55.488601,VERTIFIED,DATA
DATA,DATASET,S2,CPU_MATMUL,_RUN_1,267,585184,444078,1029262,31189763,56.854717,VERTIFIED,DATA
DATA,DATASET,S2,CPU_MATMUL,_RUN_1,268,560461,471702,1032163,31277654,54.299660,VERTIFIED,DATA
DATA,DATASET,S2,CPU_MATMUL,_RUN_1,269,636270,367446,1003716,30415627,63.391437,VERTIFIED,DATA
DATA,DATASET,S2,CPU_MATMUL,_RUN_1,270,587398,456489,1043887,31632925,56.270267,VERTIFIED,DATA
DATA,DATASET,S2,CPU_MATMUL,_RUN_1,271,683837,314075,997912,30239768,68.526784,VERTIFIED,DATA
DATA,DATASET,S2,CPU_MATMUL,_RUN_1,272,587570,460691,1048261,31765476,56.051880,VERTIFIED,DATA
DATA,DATASET,S2,CPU_MATMUL,_RUN_1,273,600254,424791,1025045,31061973,58.558795,VERTIFIED,DATA
DATA,DATASET,S2,CPU_MATMUL,_RUN_1,274,581313,490614,1071927,32482631,54.230652,VERTIFIED,DATA
DATA,DATASET,S2,CPU_MATMUL,_RUN_1,275,619555,406204,1025759,31083617,60.399665,VERTIFIED,DATA
DATA,DATASET,S2,CPU_MATMUL,_RUN_1,276,587527,500954,1088481,32984284,53.976780,VERTIFIED,DATA
DATA,DATASET,S2,CPU_MATMUL,_RUN_1,277,593194,460171,1053365,31920142,56.314193,VERTIFIED,DATA
DATA,DATASET,S2,CPU_MATMUL,_RUN_1,278,633478,387657,1021135,30943497,62.036655,VERTIFIED,DATA
DATA,DATASET,S2,CPU_MATMUL,_RUN_1,279,602808,381443,984251,29825780,61.245353,VERTIFIED,DATA
DATA,DATASET,S2,CPU_MATMUL,_RUN_1,280,552030,467739,1019769,30902088,54.132848,VERTIFIED,DATA
DATA,DATASET,S2,CPU_MATMUL,_RUN_1,281,575610,492480,1068090,32366375,53.891526,VERTIFIED,DATA
DATA,DATASET,S2,CPU_MATMUL,_RUN_1,282,599785,452018,1051803,31872830,57.024462,VERTIFIED,DATA
DATA,DATASET,S2,CPU_MATMUL,_RUN_1,283,658397,399536,1057933,32058582,62.234281,VERTIFIED,DATA
DATA,DATASET,S2,CPU_MATMUL,_RUN_1,284,627128,428678,1055806,31994108,59.398033,VERTIFIED,DATA
DATA,DATASET,S2,CPU_MATMUL,_RUN_1,285,611441,415052,1026493,31105846,59.566017,VERTIFIED,DATA
DATA,DATASET,S2,CPU_MATMUL,_RUN_1,286,625938,388127,1014065,30729230,61.725629,VERTIFIED,DATA
DATA,DATASET,S2,CPU_MATMUL,_RUN_1,287,648839,395038,1043877,31632641,62.156653,VERTIFIED,DATA
DATA,DATASET,S2,CPU_MATMUL,_RUN_1,288,600937,455757,1056694,32021028,56.869538,VERTIFIED,DATA
DATA,DATASET,S2,CPU_MATMUL,_RUN_1,289,594959,461502,1056461,32013964,56.316229,VERTIFIED,DATA
DATA,DATASET,S2,CPU_MATMUL,_RUN_1,290,621231,446127,1067358,32344195,58.202684,VERTIFIED,DATA
DATA,DATASET,S2,CPU_MATMUL,_RUN_1,291,527623,533810,1061433,32164635,49.708554,VERTIFIED,DATA
DATA,DATASET,S2,CPU_MATMUL,_RUN_1,292,613143,480625,1093768,33144500,56.057866,VERTIFIED,DATA
DATA,DATASET,S2,CPU_MATMUL,_RUN_1,293,596129,552193,1148322,34797635,51.913052,VERTIFIED,DATA
DATA,DATASET,S2,CPU_MATMUL,_RUN_1,294,553664,553303,1106967,33544465,50.016306,VERTIFIED,DATA
DATA,DATASET,S2,CPU_MATMUL,_RUN_1,295,584116,479270,1063386,32223823,54.929819,VERTIFIED,DATA
DATA,DATASET,S2,CPU_MATMUL,_RUN_1,296,574945,501609,1076554,32622852,53.406053,VERTIFIED,DATA
DATA,DATASET,S2,CPU_MATMUL,_RUN_1,297,667054,360704,1027758,31144177,64.903800,VERTIFIED,DATA
DATA,DATASET,S2,CPU_MATMUL,_RUN_1,298,611657,431278,1042935,31604103,58.647663,VERTIFIED,DATA
DATA,DATASET,S2,CPU_MATMUL,_RUN_1,299,621906,489609,1111515,33682283,55.951202,VERTIFIED,DATA
DATA,DATASET,S2,CPU_MATMUL,_RUN_1,300,634509,420522,1055031,31970635,60.141266,VERTIFIED,DATA
DATA,DATASET,S2,SCENE_CONTROLLER,_RUN_1,1,1740,643565,645305,19554695,0.269640,VERTIFIED,DATA
DATA,DATASET,S2,SCENE_CONTROLLER,_RUN_1,2,1775,678732,680507,20621411,0.260835,VERTIFIED,DATA
DATA,DATASET,S2,SCENE_CONTROLLER,_RUN_1,3,1796,660343,662139,20064825,0.271242,VERTIFIED,DATA
DATA,DATASET,S2,SCENE_CONTROLLER,_RUN_1,4,1674,654008,655682,19869138,0.255307,VERTIFIED,DATA
DATA,DATASET,S2,SCENE_CONTROLLER,_RUN_1,5,1719,656149,657868,19935395,0.261299,VERTIFIED,DATA
DATA,DATASET,S2,SCENE_CONTROLLER,_RUN_1,6,1769,675229,676998,20515076,0.261301,VERTIFIED,DATA
DATA,DATASET,S2,SCENE_CONTROLLER,_RUN_1,7,1763,672437,674200,20430317,0.261495,VERTIFIED,DATA
DATA,DATASET,S2,SCENE_CONTROLLER,_RUN_1,8,1778,645880,647658,19626009,0.274528,VERTIFIED,DATA
DATA,DATASET,S2,SCENE_CONTROLLER,_RUN_1,9,1741,687580,689321,20888508,0.252567,VERTIFIED,DATA
DATA,DATASET,S2,SCENE_CONTROLLER,_RUN_1,10,1755,667874,669629,20291787,0.262085,VERTIFIED,DATA
DATA,DATASET,S2,SCENE_CONTROLLER,_RUN_1,11,1759,653286,655045,19849840,0.268531,VERTIFIED,DATA
DATA,DATASET,S2,SCENE_CONTROLLER,_RUN_1,12,1772,692517,694289,21039057,0.255225,VERTIFIED,DATA
DATA,DATASET,S2,SCENE_CONTROLLER,_RUN_1,13,1700,651159,652859,19783601,0.260393,VERTIFIED,DATA
DATA,DATASET,S2,SCENE_CONTROLLER,_RUN_1,14,1792,674253,676045,20486217,0.265071,VERTIFIED,DATA
DATA,DATASET,S2,SCENE_CONTROLLER,_RUN_1,15,1756,659856,661612,20048834,0.265412,VERTIFIED,DATA
DATA,DATASET,S2,SCENE_CONTROLLER,_RUN_1,16,1764,683522,685286,20766249,0.257411,VERTIFIED,DATA
DATA,DATASET,S2,SCENE_CONTROLLER,_RUN_1,17,1775,660880,662655,20080466,0.267862,VERTIFIED,DATA
DATA,DATASET,S2,SCENE_CONTROLLER,_RUN_1,18,1744,658518,660262,20007935,0.264138,VERTIFIED,DATA
DATA,DATASET,S2,SCENE_CONTROLLER,_RUN_1,19,1776,656338,658114,19942847,0.269862,VERTIFIED,DATA
DATA,DATASET,S2,SCENE_CONTROLLER,_RUN_1,20,1753,661676,663429,20103902,0.264233,VERTIFIED,DATA
DATA,DATASET,S2,SCENE_CONTROLLER,_RUN_1,21,1811,648343,650154,19701639,0.278549,VERTIFIED,DATA
DATA,DATASET,S2,SCENE_CONTROLLER,_RUN_1,22,1757,670268,672025,20364408,0.261449,VERTIFIED,DATA
DATA,DATASET,S2,SCENE_CONTROLLER,_RUN_1,23,1763,645797,647560,19623020,0.272253,VERTIFIED,DATA
DATA,DATASET,S2,SCENE_CONTROLLER,_RUN_1,24,1814,667774,669588,20290542,0.270913,VERTIFIED,DATA
DATA,DATASET,S2,SCENE_CONTROLLER,_RUN_1,25,1784,654298,656082,19881262,0.271917,VERTIFIED,DATA
DATA,DATASET,S2,SCENE_CONTROLLER,_RUN_1,26,1728,707017,708745,21477132,0.243811,VERTIFIED,DATA
DATA,DATASET,S2,SCENE_CONTROLLER,_RUN_1,27,1787,660028,661815,20054992,0.270015,VERTIFIED,DATA
DATA,DATASET,S2,SCENE_CONTROLLER,_RUN_1,28,1756,665593,667349,20222698,0.263131,VERTIFIED,DATA
DATA,DATASET,S2,SCENE_CONTROLLER,_RUN_1,29,1744,645752,647496,19621093,0.269345,VERTIFIED,DATA
DATA,DATASET,S2,SCENE_CONTROLLER,_RUN_1,30,1761,690537,692298,20978722,0.254370,VERTIFIED,DATA
DATA,DATASET,S2,SCENE_CONTROLLER,_RUN_1,31,1719,662436,664155,20125924,0.258825,VERTIFIED,DATA
DATA,DATASET,S2,SCENE_CONTROLLER,_RUN_1,32,1734,651897,653631,19807005,0.265287,VERTIFIED,DATA
DATA,DATASET,S2,SCENE_CONTROLLER,_RUN_1,33,1773,693840,695613,21079194,0.254883,VERTIFIED,DATA
DATA,DATASET,S2,SCENE_CONTROLLER,_RUN_1,34,1730,641606,643336,19495020,0.268911,VERTIFIED,DATA
DATA,DATASET,S2,SCENE_CONTROLLER,_RUN_1,35,1749,642999,644748,19537813,0.271269,VERTIFIED,DATA
DATA,DATASET,S2,SCENE_CONTROLLER,_RUN_1,36,1734,677761,679495,20590748,0.255190,VERTIFIED,DATA
DATA,DATASET,S2,SCENE_CONTROLLER,_RUN_1,37,1774,660839,662613,20079174,0.267728,VERTIFIED,DATA
DATA,DATASET,S2,SCENE_CONTROLLER,_RUN_1,38,1760,673006,674766,20447460,0.260831,VERTIFIED,DATA
DATA,DATASET,S2,SCENE_CONTROLLER,_RUN_1,39,1740,685362,687102,20821285,0.253238,VERTIFIED,DATA
DATA,DATASET,S2,SCENE_CONTROLLER,_RUN_1,40,1783,673544,675327,20464468,0.264020,VERTIFIED,DATA
DATA,DATASET,S2,SCENE_CONTROLLER,_RUN_1,41,1802,635275,637077,19305362,0.282854,VERTIFIED,DATA
DATA,DATASET,S2,SCENE_CONTROLLER,_RUN_1,42,1778,663603,665381,20163048,0.267215,VERTIFIED,DATA
DATA,DATASET,S2,SCENE_CONTROLLER,_RUN_1,43,1720,650259,651979,19756945,0.263812,VERTIFIED,DATA
DATA,DATASET,S2,SCENE_CONTROLLER,_RUN_1,44,1757,676495,678252,20553085,0.259048,VERTIFIED,DATA
DATA,DATASET,S2,SCENE_CONTROLLER,_RUN_1,45,1757,655169,656926,19906835,0.267458,VERTIFIED,DATA
DATA,DATASET,S2,SCENE_CONTROLLER,_RUN_1,46,1722,668733,670455,20316812,0.256841,VERTIFIED,DATA
DATA,DATASET,S2,SCENE_CONTROLLER,_RUN_1,47,1770,678243,680013,20606461,0.260289,VERTIFIED,DATA
DATA,DATASET,S2,SCENE_CONTROLLER,_RUN_1,48,1750,660377,662127,20064463,0.264300,VERTIFIED,DATA
DATA,DATASET,S2,SCENE_CONTROLLER,_RUN_1,49,1745,662930,664675,20141681,0.262534,VERTIFIED,DATA
DATA,DATASET,S2,SCENE_CONTROLLER,_RUN_1,50,1756,664179,665935,20179834,0.263689,VERTIFIED,DATA
DATA,DATASET,S2,SCENE_CONTROLLER,_RUN_1,51,1750,660206,661956,20059284,0.264368,VERTIFIED,DATA
DATA,DATASET,S2,SCENE_CONTROLLER,_RUN_1,52,1775,652473,654248,19825684,0.271304,VERTIFIED,DATA
DATA,DATASET,S2,SCENE_CONTROLLER,_RUN_1,53,1774,656104,657878,19935710,0.269655,VERTIFIED,DATA
DATA,DATASET,S2,SCENE_CONTROLLER,_RUN_1,54,1747,663104,664851,20147000,0.262766,VERTIFIED,DATA
DATA,DATASET,S2,SCENE_CONTROLLER,_RUN_1,55,1752,641146,642898,19481767,0.272516,VERTIFIED,DATA
DATA,DATASET,S2,SCENE_CONTROLLER,_RUN_1,56,1776,668682,670458,20316908,0.264894,VERTIFIED,DATA
DATA,DATASET,S2,SCENE_CONTROLLER,_RUN_1,57,1791,655640,657431,19922153,0.272424,VERTIFIED,DATA
DATA,DATASET,S2,SCENE_CONTROLLER,_RUN_1,58,1774,676480,678254,20553151,0.261554,VERTIFIED,DATA
DATA,DATASET,S2,SCENE_CONTROLLER,_RUN_1,59,1746,660546,662292,20069453,0.263630,VERTIFIED,DATA
DATA,DATASET,S2,SCENE_CONTROLLER,_RUN_1,60,1763,652614,654377,19829599,0.269417,VERTIFIED,DATA
DATA,DATASET,S2,SCENE_CONTROLLER,_RUN_1,61,1750,686739,688489,20863303,0.254180,VERTIFIED,DATA
DATA,DATASET,S2,SCENE_CONTROLLER,_RUN_1,62,1760,655692,657452,19922783,0.267700,VERTIFIED,DATA
DATA,DATASET,S2,SCENE_CONTROLLER,_RUN_1,63,1763,665345,667108,20215387,0.264275,VERTIFIED,DATA
DATA,DATASET,S2,SCENE_CONTROLLER,_RUN_1,64,1815,652237,654052,19819755,0.277501,VERTIFIED,DATA
DATA,DATASET,S2,SCENE_CONTROLLER,_RUN_1,65,1718,661947,663665,20111067,0.258866,VERTIFIED,DATA
DATA,DATASET,S2,SCENE_CONTROLLER,_RUN_1,66,1789,650336,652125,19761370,0.274334,VERTIFIED,DATA
DATA,DATASET,S2,SCENE_CONTROLLER,_RUN_1,67,1804,664131,665935,20179838,0.270897,VERTIFIED,DATA
DATA,DATASET,S2,SCENE_CONTROLLER,_RUN_1,68,1714,660875,662589,20078444,0.258682,VERTIFIED,DATA
DATA,DATASET,S2,SCENE_CONTROLLER,_RUN_1,69,1750,671517,673267,20402037,0.259927,VERTIFIED,DATA
DATA,DATASET,S2,SCENE_CONTROLLER,_RUN_1,70,1788,684605,686393,20799773,0.260492,VERTIFIED,DATA
DATA,DATASET,S2,SCENE_CONTROLLER,_RUN_1,71,1724,677804,679528,20591764,0.253706,VERTIFIED,DATA
DATA,DATASET,S2,SCENE_CONTROLLER,_RUN_1,72,1768,659161,660929,20028158,0.267502,VERTIFIED,DATA
DATA,DATASET,S2,SCENE_CONTROLLER,_RUN_1,73,1698,680446,682144,20671020,0.248921,VERTIFIED,DATA
DATA,DATASET,S2,SCENE_CONTROLLER,_RUN_1,74,1748,676184,677932,20543405,0.257843,VERTIFIED,DATA
DATA,DATASET,S2,SCENE_CONTROLLER,_RUN_1,75,1811,647235,649046,19668061,0.279025,VERTIFIED,DATA
DATA,DATASET,S2,SCENE_CONTROLLER,_RUN_1,76,1753,684008,685761,20780624,0.255628,VERTIFIED,DATA
DATA,DATASET,S2,SCENE_CONTROLLER,_RUN_1,77,1771,675573,677344,20525565,0.261462,VERTIFIED,DATA
DATA,DATASET,S2,SCENE_CONTROLLER,_RUN_1,78,1738,654404,656142,19883092,0.264882,VERTIFIED,DATA
DATA,DATASET,S2,SCENE_CONTROLLER,_RUN_1,79,1738,709239,710977,21544746,0.244452,VERTIFIED,DATA
DATA,DATASET,S2,SCENE_CONTROLLER,_RUN_1,80,1782,666217,667999,20242385,0.266767,VERTIFIED,DATA
DATA,DATASET,S2,SCENE_CONTROLLER,_RUN_1,81,1745,701779,703524,21318897,0.248037,VERTIFIED,DATA
DATA,DATASET,S2,SCENE_CONTROLLER,_RUN_1,82,1786,653040,654826,19843199,0.272744,VERTIFIED,DATA
DATA,DATASET,S2,SCENE_CONTROLLER,_RUN_1,83,1782,676822,678604,20563764,0.262598,VERTIFIED,DATA
DATA,DATASET,S2,SCENE_CONTROLLER,_RUN_1,84,1757,643793,645550,19562132,0.272171,VERTIFIED,DATA
DATA,DATASET,S2,SCENE_CONTROLLER,_RUN_1,85,1788,656903,658691,19960341,0.271447,VERTIFIED,DATA
DATA,DATASET,S2,SCENE_CONTROLLER,_RUN_1,86,1771,666169,667940,20240616,0.265144,VERTIFIED,DATA
DATA,DATASET,S2,SCENE_CONTROLLER,_RUN_1,87,1699,657457,659156,19974414,0.257754,VERTIFIED,DATA
DATA,DATASET,S2,SCENE_CONTROLLER,_RUN_1,88,1684,662937,664621,20140043,0.253377,VERTIFIED,DATA
DATA,DATASET,S2,SCENE_CONTROLLER,_RUN_1,89,1782,672151,673933,20422227,0.264418,VERTIFIED,DATA
DATA,DATASET,S2,SCENE_CONTROLLER,_RUN_1,90,1770,700206,701976,21272015,0.252145,VERTIFIED,DATA
DATA,DATASET,S2,SCENE_CONTROLLER,_RUN_1,91,1702,681709,683411,20709439,0.249045,VERTIFIED,DATA
DATA,DATASET,S2,SCENE_CONTROLLER,_RUN_1,92,1775,658841,660616,20018679,0.268689,VERTIFIED,DATA
DATA,DATASET,S2,SCENE_CONTROLLER,_RUN_1,93,1775,659560,661335,20040464,0.268397,VERTIFIED,DATA
DATA,DATASET,S2,SCENE_CONTROLLER,_RUN_1,94,1740,638702,640442,19407343,0.271687,VERTIFIED,DATA
DATA,DATASET,S2,SCENE_CONTROLLER,_RUN_1,95,1815,688772,690587,20926872,0.262820,VERTIFIED,DATA
DATA,DATASET,S2,SCENE_CONTROLLER,_RUN_1,96,1754,663559,665313,20161015,0.263635,VERTIFIED,DATA
DATA,DATASET,S2,SCENE_CONTROLLER,_RUN_1,97,1711,645264,646975,19605292,0.264462,VERTIFIED,DATA
DATA,DATASET,S2,SCENE_CONTROLLER,_RUN_1,98,1758,632217,633975,19211353,0.277298,VERTIFIED,DATA
DATA,DATASET,S2,SCENE_CONTROLLER,_RUN_1,99,1769,648423,650192,19702791,0.272073,VERTIFIED,DATA
DATA,DATASET,S2,SCENE_CONTROLLER,_RUN_1,100,1790,635079,636869,19299056,0.281063,VERTIFIED,DATA
DATA,DATASET,S2,SCENE_CONTROLLER,_RUN_1,101,1803,664107,665910,20179086,0.270757,VERTIFIED,DATA
DATA,DATASET,S2,SCENE_CONTROLLER,_RUN_1,102,1809,650426,652235,19764705,0.277354,VERTIFIED,DATA
DATA,DATASET,S2,SCENE_CONTROLLER,_RUN_1,103,1732,673367,675099,20457538,0.256555,VERTIFIED,DATA
DATA,DATASET,S2,SCENE_CONTROLLER,_RUN_1,104,1768,655225,656993,19908865,0.269105,VERTIFIED,DATA
DATA,DATASET,S2,SCENE_CONTROLLER,_RUN_1,105,1785,641446,643231,19491859,0.277505,VERTIFIED,DATA
DATA,DATASET,S2,SCENE_CONTROLLER,_RUN_1,106,1762,672675,674437,20437477,0.261255,VERTIFIED,DATA
DATA,DATASET,S2,SCENE_CONTROLLER,_RUN_1,107,1762,687862,689624,20897687,0.255502,VERTIFIED,DATA
DATA,DATASET,S2,SCENE_CONTROLLER,_RUN_1,108,1770,678631,680401,20618217,0.260141,VERTIFIED,DATA
DATA,DATASET,S2,SCENE_CONTROLLER,_RUN_1,109,1762,672552,674314,20433750,0.261303,VERTIFIED,DATA
DATA,DATASET,S2,SCENE_CONTROLLER,_RUN_1,110,1757,660178,661935,20058641,0.265434,VERTIFIED,DATA
DATA,DATASET,S2,SCENE_CONTROLLER,_RUN_1,111,1754,662762,664516,20136860,0.263952,VERTIFIED,DATA
DATA,DATASET,S2,SCENE_CONTROLLER,_RUN_1,112,1747,661868,663615,20109557,0.263255,VERTIFIED,DATA
DATA,DATASET,S2,SCENE_CONTROLLER,_RUN_1,113,1787,685647,687434,20831325,0.259952,VERTIFIED,DATA
DATA,DATASET,S2,SCENE_CONTROLLER,_RUN_1,114,1744,660682,662426,20073527,0.263275,VERTIFIED,DATA
DATA,DATASET,S2,SCENE_CONTROLLER,_RUN_1,115,1722,674129,675851,20480336,0.254790,VERTIFIED,DATA
DATA,DATASET,S2,SCENE_CONTROLLER,_RUN_1,116,1734,660713,662447,20074150,0.261757,VERTIFIED,DATA
DATA,DATASET,S2,SCENE_CONTROLLER,_RUN_1,117,1756,655858,657614,19927688,0.267026,VERTIFIED,DATA
DATA,DATASET,S2,SCENE_CONTROLLER,_RUN_1,118,1697,692991,694688,21051137,0.244282,VERTIFIED,DATA
DATA,DATASET,S2,SCENE_CONTROLLER,_RUN_1,119,1748,685122,686870,20814239,0.254488,VERTIFIED,DATA
DATA,DATASET,S2,SCENE_CONTROLLER,_RUN_1,120,1759,659276,661035,20031368,0.266098,VERTIFIED,DATA
DATA,DATASET,S2,SCENE_CONTROLLER,_RUN_1,121,1756,668762,670518,20318742,0.261887,VERTIFIED,DATA
DATA,DATASET,S2,SCENE_CONTROLLER,_RUN_1,122,1766,632101,633867,19208079,0.278607,VERTIFIED,DATA
DATA,DATASET,S2,SCENE_CONTROLLER,_RUN_1,123,1754,664359,666113,20185234,0.263319,VERTIFIED,DATA
DATA,DATASET,S2,SCENE_CONTROLLER,_RUN_1,124,1760,678286,680046,20607464,0.258806,VERTIFIED,DATA
DATA,DATASET,S2,SCENE_CONTROLLER,_RUN_1,125,1759,650168,651927,19755351,0.269815,VERTIFIED,DATA
DATA,DATASET,S2,SCENE_CONTROLLER,_RUN_1,126,1784,626283,628067,19032326,0.284046,VERTIFIED,DATA
DATA,DATASET,S2,SCENE_CONTROLLER,_RUN_1,127,1762,660857,662619,20079352,0.265914,VERTIFIED,DATA
DATA,DATASET,S2,SCENE_CONTROLLER,_RUN_1,128,1739,657868,659607,19988087,0.263642,VERTIFIED,DATA
DATA,DATASET,S2,SCENE_CONTROLLER,_RUN_1,129,1789,668676,670465,20317112,0.266830,VERTIFIED,DATA
DATA,DATASET,S2,SCENE_CONTROLLER,_RUN_1,130,1767,691264,693031,21000932,0.254967,VERTIFIED,DATA
DATA,DATASET,S2,SCENE_CONTROLLER,_RUN_1,131,1768,659785,661553,20047069,0.267250,VERTIFIED,DATA
DATA,DATASET,S2,SCENE_CONTROLLER,_RUN_1,132,1737,659360,661097,20033256,0.262745,VERTIFIED,DATA
DATA,DATASET,S2,SCENE_CONTROLLER,_RUN_1,133,1795,662060,663855,20116831,0.270390,VERTIFIED,DATA
DATA,DATASET,S2,SCENE_CONTROLLER,_RUN_1,134,1754,664933,666687,20202639,0.263092,VERTIFIED,DATA
DATA,DATASET,S2,SCENE_CONTROLLER,_RUN_1,135,1794,663858,665652,20171278,0.269510,VERTIFIED,DATA
DATA,DATASET,S2,SCENE_CONTROLLER,_RUN_1,136,1756,702003,703759,21326016,0.249517,VERTIFIED,DATA
DATA,DATASET,S2,SCENE_CONTROLLER,_RUN_1,137,1770,646481,648251,19643978,0.273042,VERTIFIED,DATA
DATA,DATASET,S2,SCENE_CONTROLLER,_RUN_1,138,1741,679612,681353,20647064,0.255521,VERTIFIED,DATA
DATA,DATASET,S2,SCENE_CONTROLLER,_RUN_1,139,1763,661900,663663,20110995,0.265647,VERTIFIED,DATA
DATA,DATASET,S2,SCENE_CONTROLLER,_RUN_1,140,1770,681654,683424,20709822,0.258990,VERTIFIED,DATA
DATA,DATASET,S2,SCENE_CONTROLLER,_RUN_1,141,1704,695812,697516,21136847,0.244295,VERTIFIED,DATA
DATA,DATASET,S2,SCENE_CONTROLLER,_RUN_1,142,1785,648298,650083,19699490,0.274580,VERTIFIED,DATA
DATA,DATASET,S2,SCENE_CONTROLLER,_RUN_1,143,1777,638332,640109,19397239,0.277609,VERTIFIED,DATA
DATA,DATASET,S2,SCENE_CONTROLLER,_RUN_1,144,1785,684711,686496,20802924,0.260016,VERTIFIED,DATA
DATA,DATASET,S2,SCENE_CONTROLLER,_RUN_1,145,1731,654629,656360,19889682,0.263727,VERTIFIED,DATA
DATA,DATASET,S2,SCENE_CONTROLLER,_RUN_1,146,1740,671741,673481,20408516,0.258359,VERTIFIED,DATA
DATA,DATASET,S2,SCENE_CONTROLLER,_RUN_1,147,1770,690443,692213,20976158,0.255702,VERTIFIED,DATA
DATA,DATASET,S2,SCENE_CONTROLLER,_RUN_1,148,1740,666040,667780,20235754,0.260565,VERTIFIED,DATA
DATA,DATASET,S2,SCENE_CONTROLLER,_RUN_1,149,1802,660924,662726,20082618,0.271907,VERTIFIED,DATA
DATA,DATASET,S2,SCENE_CONTROLLER,_RUN_1,150,1726,671317,673043,20395245,0.256447,VERTIFIED,DATA
DATA,DATASET,S2,SCENE_CONTROLLER,_RUN_1,151,1780,621666,623446,18892309,0.285510,VERTIFIED,DATA
DATA,DATASET,S2,SCENE_CONTROLLER,_RUN_1,152,1731,690675,692406,20981987,0.249998,VERTIFIED,DATA
DATA,DATASET,S2,SCENE_CONTROLLER,_RUN_1,153,1736,671566,673302,20403077,0.257834,VERTIFIED,DATA
DATA,DATASET,S2,SCENE_CONTROLLER,_RUN_1,154,1775,696953,698728,21173587,0.254033,VERTIFIED,DATA
DATA,DATASET,S2,SCENE_CONTROLLER,_RUN_1,155,1725,673448,675173,20459774,0.255490,VERTIFIED,DATA
DATA,DATASET,S2,SCENE_CONTROLLER,_RUN_1,156,1723,651540,653263,19795852,0.263753,VERTIFIED,DATA
DATA,DATASET,S2,SCENE_CONTROLLER,_RUN_1,157,1780,664444,666224,20188602,0.267177,VERTIFIED,DATA
DATA,DATASET,S2,SCENE_CONTROLLER,_RUN_1,158,1766,660902,662668,20080834,0.266498,VERTIFIED,DATA
DATA,DATASET,S2,SCENE_CONTROLLER,_RUN_1,159,1729,634251,635980,19272135,0.271864,VERTIFIED,DATA
DATA,DATASET,S2,SCENE_CONTROLLER,_RUN_1,160,1740,677029,678769,20568755,0.256346,VERTIFIED,DATA
DATA,DATASET,S2,SCENE_CONTROLLER,_RUN_1,161,1768,665966,667734,20234356,0.264776,VERTIFIED,DATA
DATA,DATASET,S2,SCENE_CONTROLLER,_RUN_1,162,1721,670906,672627,20382641,0.255862,VERTIFIED,DATA
DATA,DATASET,S2,SCENE_CONTROLLER,_RUN_1,163,1794,663002,664796,20145340,0.269857,VERTIFIED,DATA
DATA,DATASET,S2,SCENE_CONTROLLER,_RUN_1,164,1788,619428,621216,18824742,0.287823,VERTIFIED,DATA
DATA,DATASET,S2,SCENE_CONTROLLER,_RUN_1,165,1778,671475,673253,20401593,0.264091,VERTIFIED,DATA
DATA,DATASET,S2,SCENE_CONTROLLER,_RUN_1,166,1755,628833,630588,19108727,0.278312,VERTIFIED,DATA
DATA,DATASET,S2,SCENE_CONTROLLER,_RUN_1,167,1772,659062,660834,20025275,0.268146,VERTIFIED,DATA
DATA,DATASET,S2,SCENE_CONTROLLER,_RUN_1,168,1725,675900,677625,20534081,0.254566,VERTIFIED,DATA
DATA,DATASET,S2,SCENE_CONTROLLER,_RUN_1,169,1732,692926,694658,21050253,0.249331,VERTIFIED,DATA
DATA,DATASET,S2,SCENE_CONTROLLER,_RUN_1,170,1807,658218,660025,20000765,0.273778,VERTIFIED,DATA
DATA,DATASET,S2,SCENE_CONTROLLER,_RUN_1,171,1724,642055,643779,19508456,0.267794,VERTIFIED,DATA
DATA,DATASET,S2,SCENE_CONTROLLER,_RUN_1,172,1754,662064,663818,20115712,0.264229,VERTIFIED,DATA
DATA,DATASET,S2,SCENE_CONTROLLER,_RUN_1,173,1733,671979,673712,20415523,0.257232,VERTIFIED,DATA
DATA,DATASET,S2,SCENE_CONTROLLER,_RUN_1,174,1785,665966,667751,20234885,0.267315,VERTIFIED,DATA
DATA,DATASET,S2,SCENE_CONTROLLER,_RUN_1,175,1762,633743,635505,19257730,0.277260,VERTIFIED,DATA
DATA,DATASET,S2,SCENE_CONTROLLER,_RUN_1,176,1744,646697,648441,19649735,0.268953,VERTIFIED,DATA
DATA,DATASET,S2,SCENE_CONTROLLER,_RUN_1,177,1789,646511,648300,19645440,0.275952,VERTIFIED,DATA
DATA,DATASET,S2,SCENE_CONTROLLER,_RUN_1,178,1765,666056,667821,20236989,0.264292,VERTIFIED,DATA
DATA,DATASET,S2,SCENE_CONTROLLER,_RUN_1,179,1738,635330,637068,19305082,0.272812,VERTIFIED,DATA
DATA,DATASET,S2,SCENE_CONTROLLER,_RUN_1,180,1752,669278,671030,20334228,0.261091,VERTIFIED,DATA
DATA,DATASET,S2,SCENE_CONTROLLER,_RUN_1,181,1693,665212,666905,20209245,0.253859,VERTIFIED,DATA
DATA,DATASET,S2,SCENE_CONTROLLER,_RUN_1,182,1743,670031,671774,20356784,0.259462,VERTIFIED,DATA
DATA,DATASET,S2,SCENE_CONTROLLER,_RUN_1,183,1766,657650,659416,19982305,0.267813,VERTIFIED,DATA
DATA,DATASET,S2,SCENE_CONTROLLER,_RUN_1,184,1779,639078,640857,19419901,0.277597,VERTIFIED,DATA
DATA,DATASET,S2,SCENE_CONTROLLER,_RUN_1,185,1799,632377,634176,19217454,0.283675,VERTIFIED,DATA
DATA,DATASET,S2,SCENE_CONTROLLER,_RUN_1,186,1756,657738,659494,19984681,0.266265,VERTIFIED,DATA
DATA,DATASET,S2,SCENE_CONTROLLER,_RUN_1,187,1729,656580,658309,19948750,0.262643,VERTIFIED,DATA
DATA,DATASET,S2,SCENE_CONTROLLER,_RUN_1,188,1792,679133,680925,20634095,0.263171,VERTIFIED,DATA
DATA,DATASET,S2,SCENE_CONTROLLER,_RUN_1,189,1768,683343,685111,20760942,0.258060,VERTIFIED,DATA
DATA,DATASET,S2,SCENE_CONTROLLER,_RUN_1,190,1753,657632,659385,19981376,0.265854,VERTIFIED,DATA
DATA,DATASET,S2,SCENE_CONTROLLER,_RUN_1,191,1779,664857,666636,20201100,0.266862,VERTIFIED,DATA
DATA,DATASET,S2,SCENE_CONTROLLER,_RUN_1,192,1732,674539,676271,20493054,0.256110,VERTIFIED,DATA
DATA,DATASET,S2,SCENE_CONTROLLER,_RUN_1,193,1761,667818,669579,20290276,0.263001,VERTIFIED,DATA
DATA,DATASET,S2,SCENE_CONTROLLER,_RUN_1,194,1743,683982,685725,20779559,0.254184,VERTIFIED,DATA
DATA,DATASET,S2,SCENE_CONTROLLER,_RUN_1,195,1767,658814,660581,20017592,0.267492,VERTIFIED,DATA
DATA,DATASET,S2,SCENE_CONTROLLER,_RUN_1,196,1759,668246,670005,20303173,0.262535,VERTIFIED,DATA
DATA,DATASET,S2,SCENE_CONTROLLER,_RUN_1,197,1796,661472,663268,20099021,0.270780,VERTIFIED,DATA
DATA,DATASET,S2,SCENE_CONTROLLER,_RUN_1,198,1746,666920,668666,20262621,0.261117,VERTIFIED,DATA
DATA,DATASET,S2,SCENE_CONTROLLER,_RUN_1,199,1760,669009,670769,20326339,0.262385,VERTIFIED,DATA
DATA,DATASET,S2,SCENE_CONTROLLER,_RUN_1,200,1774,676291,678065,20547439,0.261627,VERTIFIED,DATA
DATA,DATASET,S2,SCENE_CONTROLLER,_RUN_1,201,1783,632332,634115,19215605,0.281179,VERTIFIED,DATA
DATA,DATASET,S2,SCENE_CONTROLLER,_RUN_1,202,1757,680056,681813,20661005,0.257695,VERTIFIED,DATA
DATA,DATASET,S2,SCENE_CONTROLLER,_RUN_1,203,1735,678111,679846,20601398,0.255205,VERTIFIED,DATA
DATA,DATASET,S2,SCENE_CONTROLLER,_RUN_1,204,1827,639105,640932,19422183,0.285054,VERTIFIED,DATA
DATA,DATASET,S2,SCENE_CONTROLLER,_RUN_1,205,1770,640214,641984,19454070,0.275708,VERTIFIED,DATA
DATA,DATASET,S2,SCENE_CONTROLLER,_RUN_1,206,1765,669057,670822,20327951,0.263110,VERTIFIED,DATA
DATA,DATASET,S2,SCENE_CONTROLLER,_RUN_1,207,1798,638153,639951,19392466,0.280959,VERTIFIED,DATA
DATA,DATASET,S2,SCENE_CONTROLLER,_RUN_1,208,1775,667434,669209,20279063,0.265239,VERTIFIED,DATA
DATA,DATASET,S2,SCENE_CONTROLLER,_RUN_1,209,1759,675906,677665,20535295,0.259568,VERTIFIED,DATA
DATA,DATASET,S2,SCENE_CONTROLLER,_RUN_1,210,1804,666128,667932,20240353,0.270087,VERTIFIED,DATA
DATA,DATASET,S2,SCENE_CONTROLLER,_RUN_1,211,1744,681242,682986,20696540,0.255349,VERTIFIED,DATA
DATA,DATASET,S2,SCENE_CONTROLLER,_RUN_1,212,1711,642482,644193,19521005,0.265604,VERTIFIED,DATA
DATA,DATASET,S2,SCENE_CONTROLLER,_RUN_1,213,1720,666983,668703,20263737,0.257214,VERTIFIED,DATA
DATA,DATASET,S2,SCENE_CONTROLLER,_RUN_1,214,1723,673054,674777,20447801,0.255344,VERTIFIED,DATA
DATA,DATASET,S2,SCENE_CONTROLLER,_RUN_1,215,1777,672397,674174,20429504,0.263582,VERTIFIED,DATA
DATA,DATASET,S2,SCENE_CONTROLLER,_RUN_1,216,1734,669947,671681,20353984,0.258158,VERTIFIED,DATA
DATA,DATASET,S2,SCENE_CONTROLLER,_RUN_1,217,1734,694038,695772,21084014,0.249220,VERTIFIED,DATA
DATA,DATASET,S2,SCENE_CONTROLLER,_RUN_1,218,1719,639519,641238,19431467,0.268075,VERTIFIED,DATA
DATA,DATASET,S2,SCENE_CONTROLLER,_RUN_1,219,1781,673069,674850,20449987,0.263910,VERTIFIED,DATA
DATA,DATASET,S2,SCENE_CONTROLLER,_RUN_1,220,1745,667728,669473,20287054,0.260653,VERTIFIED,DATA
DATA,DATASET,S2,SCENE_CONTROLLER,_RUN_1,221,1788,662073,663861,20117014,0.269333,VERTIFIED,DATA
DATA,DATASET,S2,SCENE_CONTROLLER,_RUN_1,222,1765,653255,655020,19849103,0.269457,VERTIFIED,DATA
DATA,DATASET,S2,SCENE_CONTROLLER,_RUN_1,223,1750,668578,670328,20312958,0.261066,VERTIFIED,DATA
DATA,DATASET,S2,SCENE_CONTROLLER,_RUN_1,224,1758,685868,687626,20837150,0.255662,VERTIFIED,DATA
DATA,DATASET,S2,SCENE_CONTROLLER,_RUN_1,225,1755,651409,653164,19792851,0.268692,VERTIFIED,DATA
DATA,DATASET,S2,SCENE_CONTROLLER,_RUN_1,226,1764,673933,675697,20475670,0.261064,VERTIFIED,DATA
DATA,DATASET,S2,SCENE_CONTROLLER,_RUN_1,227,1738,679376,681114,20639806,0.255170,VERTIFIED,DATA
DATA,DATASET,S2,SCENE_CONTROLLER,_RUN_1,228,1782,646992,648774,19659833,0.274672,VERTIFIED,DATA
DATA,DATASET,S2,SCENE_CONTROLLER,_RUN_1,229,1780,653865,655645,19868016,0.271488,VERTIFIED,DATA
DATA,DATASET,S2,SCENE_CONTROLLER,_RUN_1,230,1732,659904,661636,20049568,0.261775,VERTIFIED,DATA
DATA,DATASET,S2,SCENE_CONTROLLER,_RUN_1,231,1684,681831,683515,20712575,0.246374,VERTIFIED,DATA
DATA,DATASET,S2,SCENE_CONTROLLER,_RUN_1,232,1752,666911,668663,20262515,0.262015,VERTIFIED,DATA
DATA,DATASET,S2,SCENE_CONTROLLER,_RUN_1,233,1792,675325,677117,20518691,0.264651,VERTIFIED,DATA
DATA,DATASET,S2,SCENE_CONTROLLER,_RUN_1,234,1715,682035,683750,20719707,0.250823,VERTIFIED,DATA
DATA,DATASET,S2,SCENE_CONTROLLER,_RUN_1,235,1789,664051,665840,20176982,0.268683,VERTIFIED,DATA
DATA,DATASET,S2,SCENE_CONTROLLER,_RUN_1,236,1742,678631,680373,20617367,0.256036,VERTIFIED,DATA
DATA,DATASET,S2,SCENE_CONTROLLER,_RUN_1,237,1779,670508,672287,20372331,0.264619,VERTIFIED,DATA
DATA,DATASET,S2,SCENE_CONTROLLER,_RUN_1,238,1754,661219,662973,20090081,0.264566,VERTIFIED,DATA
DATA,DATASET,S2,SCENE_CONTROLLER,_RUN_1,239,1743,684283,686026,20788667,0.254072,VERTIFIED,DATA
DATA,DATASET,S2,SCENE_CONTROLLER,_RUN_1,240,1772,689289,691061,20941243,0.256417,VERTIFIED,DATA
DATA,DATASET,S2,SCENE_CONTROLLER,_RUN_1,241,1762,694207,695969,21089966,0.253172,VERTIFIED,DATA
DATA,DATASET,S2,SCENE_CONTROLLER,_RUN_1,242,1803,678373,680176,20611381,0.265078,VERTIFIED,DATA
DATA,DATASET,S2,SCENE_CONTROLLER,_RUN_1,243,1748,647437,649185,19672262,0.269261,VERTIFIED,DATA
DATA,DATASET,S2,SCENE_CONTROLLER,_RUN_1,244,1750,648628,650378,19708427,0.269074,VERTIFIED,DATA
DATA,DATASET,S2,SCENE_CONTROLLER,_RUN_1,245,1776,680271,682047,20668090,0.260393,VERTIFIED,DATA
DATA,DATASET,S2,SCENE_CONTROLLER,_RUN_1,246,1740,684382,686122,20791580,0.253599,VERTIFIED,DATA
DATA,DATASET,S2,SCENE_CONTROLLER,_RUN_1,247,1739,676297,678036,20546553,0.256476,VERTIFIED,DATA
DATA,DATASET,S2,SCENE_CONTROLLER,_RUN_1,248,1778,667793,669571,20290040,0.265543,VERTIFIED,DATA
DATA,DATASET,S2,SCENE_CONTROLLER,_RUN_1,249,1748,649089,650837,19722333,0.268577,VERTIFIED,DATA
DATA,DATASET,S2,SCENE_CONTROLLER,_RUN_1,250,1735,635677,637412,19315520,0.272194,VERTIFIED,DATA
DATA,DATASET,S2,SCENE_CONTROLLER,_RUN_1,251,1794,653508,655302,19857642,0.273767,VERTIFIED,DATA
DATA,DATASET,S2,SCENE_CONTROLLER,_RUN_1,252,1745,634747,636492,19287630,0.274159,VERTIFIED,DATA
DATA,DATASET,S2,SCENE_CONTROLLER,_RUN_1,253,1750,682744,684494,20742229,0.255663,VERTIFIED,DATA
DATA,DATASET,S2,SCENE_CONTROLLER,_RUN_1,254,1742,648047,649789,19690570,0.268087,VERTIFIED,DATA
DATA,DATASET,S2,SCENE_CONTROLLER,_RUN_1,255,1754,656951,658705,19960759,0.266280,VERTIFIED,DATA
DATA,DATASET,S2,SCENE_CONTROLLER,_RUN_1,256,1738,671907,673645,20413476,0.257999,VERTIFIED,DATA
DATA,DATASET,S2,SCENE_CONTROLLER,_RUN_1,257,1784,662813,664597,20139302,0.268433,VERTIFIED,DATA
DATA,DATASET,S2,SCENE_CONTROLLER,_RUN_1,258,1743,690041,691784,20963148,0.251957,VERTIFIED,DATA
DATA,DATASET,S2,SCENE_CONTROLLER,_RUN_1,259,1766,672198,673964,20423141,0.262032,VERTIFIED,DATA
DATA,DATASET,S2,SCENE_CONTROLLER,_RUN_1,260,1745,663035,664780,20144845,0.262493,VERTIFIED,DATA
DATA,DATASET,S2,SCENE_CONTROLLER,_RUN_1,261,1770,684789,686559,20804826,0.257807,VERTIFIED,DATA
DATA,DATASET,S2,SCENE_CONTROLLER,_RUN_1,262,1772,664585,666357,20192627,0.265924,VERTIFIED,DATA
DATA,DATASET,S2,SCENE_CONTROLLER,_RUN_1,263,1731,646969,648700,19657578,0.266841,VERTIFIED,DATA
DATA,DATASET,S2,SCENE_CONTROLLER,_RUN_1,264,1758,638220,639978,19393273,0.274697,VERTIFIED,DATA
DATA,DATASET,S2,SCENE_CONTROLLER,_RUN_1,265,1795,672632,674427,20437187,0.266152,VERTIFIED,DATA
DATA,DATASET,S2,SCENE_CONTROLLER,_RUN_1,266,1718,644981,646699,19596951,0.265657,VERTIFIED,DATA
DATA,DATASET,S2,SCENE_CONTROLLER,_RUN_1,267,1766,666123,667889,20239065,0.264415,VERTIFIED,DATA
DATA,DATASET,S2,SCENE_CONTROLLER,_RUN_1,268,1769,682851,684620,20746056,0.258392,VERTIFIED,DATA
DATA,DATASET,S2,SCENE_CONTROLLER,_RUN_1,269,1812,689974,691786,20963221,0.261931,VERTIFIED,DATA
DATA,DATASET,S2,SCENE_CONTROLLER,_RUN_1,270,1758,655747,657505,19924392,0.267374,VERTIFIED,DATA
DATA,DATASET,S2,SCENE_CONTROLLER,_RUN_1,271,1725,673785,675510,20469998,0.255363,VERTIFIED,DATA
DATA,DATASET,S2,SCENE_CONTROLLER,_RUN_1,272,1786,667107,668893,20269484,0.267008,VERTIFIED,DATA
DATA,DATASET,S2,SCENE_CONTROLLER,_RUN_1,273,1782,687147,688929,20876630,0.258662,VERTIFIED,DATA
DATA,DATASET,S2,SCENE_CONTROLLER,_RUN_1,274,1701,681407,683108,20700253,0.249009,VERTIFIED,DATA
DATA,DATASET,S2,SCENE_CONTROLLER,_RUN_1,275,1746,658902,660648,20019638,0.264286,VERTIFIED,DATA
DATA,DATASET,S2,SCENE_CONTROLLER,_RUN_1,276,1727,612167,613894,18602847,0.281319,VERTIFIED,DATA
DATA,DATASET,S2,SCENE_CONTROLLER,_RUN_1,277,1771,658580,660351,20010632,0.268191,VERTIFIED,DATA
DATA,DATASET,S2,SCENE_CONTROLLER,_RUN_1,278,1792,662079,663871,20117291,0.269932,VERTIFIED,DATA
DATA,DATASET,S2,SCENE_CONTROLLER,_RUN_1,279,1823,644193,646016,19576244,0.282191,VERTIFIED,DATA
DATA,DATASET,S2,SCENE_CONTROLLER,_RUN_1,280,1755,662570,664325,20131055,0.264178,VERTIFIED,DATA
DATA,DATASET,S2,SCENE_CONTROLLER,_RUN_1,281,1782,644184,645966,19574733,0.275866,VERTIFIED,DATA
DATA,DATASET,S2,SCENE_CONTROLLER,_RUN_1,282,1753,646574,648327,19646265,0.270388,VERTIFIED,DATA
DATA,DATASET,S2,SCENE_CONTROLLER,_RUN_1,283,1796,685078,686874,20814372,0.261474,VERTIFIED,DATA
DATA,DATASET,S2,SCENE_CONTROLLER,_RUN_1,284,1789,707847,709636,21504108,0.252101,VERTIFIED,DATA
DATA,DATASET,S2,SCENE_CONTROLLER,_RUN_1,285,1803,661065,662868,20086901,0.272000,VERTIFIED,DATA
DATA,DATASET,S2,SCENE_CONTROLLER,_RUN_1,286,1731,668731,670462,20317031,0.258180,VERTIFIED,DATA
DATA,DATASET,S2,SCENE_CONTROLLER,_RUN_1,287,1719,677094,678813,20570089,0.253236,VERTIFIED,DATA
DATA,DATASET,S2,SCENE_CONTROLLER,_RUN_1,288,1747,666332,668079,20244830,0.261496,VERTIFIED,DATA
DATA,DATASET,S2,SCENE_CONTROLLER,_RUN_1,289,1725,654396,656121,19882452,0.262909,VERTIFIED,DATA
DATA,DATASET,S2,SCENE_CONTROLLER,_RUN_1,290,1731,666603,668334,20252544,0.259002,VERTIFIED,DATA
DATA,DATASET,S2,SCENE_CONTROLLER,_RUN_1,291,1754,662175,663929,20119051,0.264185,VERTIFIED,DATA
DATA,DATASET,S2,SCENE_CONTROLLER,_RUN_1,292,1774,662037,663811,20115498,0.267245,VERTIFIED,DATA
DATA,DATASET,S2,SCENE_CONTROLLER,_RUN_1,293,1766,684350,686116,20791406,0.257391,VERTIFIED,DATA
DATA,DATASET,S2,SCENE_CONTROLLER,_RUN_1,294,1780,693915,695695,21081681,0.255859,VERTIFIED,DATA
DATA,DATASET,S2,SCENE_CONTROLLER,_RUN_1,295,1739,674124,675863,20480704,0.257301,VERTIFIED,DATA
DATA,DATASET,S2,SCENE_CONTROLLER,_RUN_1,296,1799,656568,658367,19950503,0.273252,VERTIFIED,DATA
DATA,DATASET,S2,SCENE_CONTROLLER,_RUN_1,297,1721,686745,688466,20862605,0.249976,VERTIFIED,DATA
DATA,DATASET,S2,SCENE_CONTROLLER,_RUN_1,298,1766,681176,682942,20695202,0.258587,VERTIFIED,DATA
DATA,DATASET,S2,SCENE_CONTROLLER,_RUN_1,299,1698,678574,680272,20614311,0.249606,VERTIFIED,DATA
DATA,DATASET,S2,SCENE_CONTROLLER,_RUN_1,300,1788,643052,644840,19540593,0.277278,VERTIFIED,DATA
DATA,DATASET,S3,CPU_ONLY,_RUN_1,1,1248722,264454,1513176,45853821,82.523249,VERTIFIED,DATA
DATA,DATASET,S3,CPU_ONLY,_RUN_1,2,1424691,166180,1590871,48208208,89.554150,VERTIFIED,DATA
DATA,DATASET,S3,CPU_ONLY,_RUN_1,3,1332500,201739,1534239,46492086,86.850875,VERTIFIED,DATA
DATA,DATASET,S3,CPU_ONLY,_RUN_1,4,1273006,239706,1512712,45839762,84.153890,VERTIFIED,DATA
DATA,DATASET,S3,CPU_ONLY,_RUN_1,5,1350269,265599,1615868,48965695,83.563076,VERTIFIED,DATA
DATA,DATASET,S3,CPU_ONLY,_RUN_1,6,1351097,276543,1627640,49322414,83.009572,VERTIFIED,DATA
DATA,DATASET,S3,CPU_ONLY,_RUN_1,7,1356141,257399,1613540,48895159,84.047560,VERTIFIED,DATA
DATA,DATASET,S3,CPU_ONLY,_RUN_1,8,1278268,340561,1618829,49055437,78.962509,VERTIFIED,DATA
DATA,DATASET,S3,CPU_ONLY,_RUN_1,9,1389602,177381,1566983,47484326,88.680094,VERTIFIED,DATA
DATA,DATASET,S3,CPU_ONLY,_RUN_1,10,1338661,253439,1592100,48245460,84.081465,VERTIFIED,DATA
DATA,DATASET,S3,CPU_ONLY,_RUN_1,11,1266836,342055,1608891,48754264,78.739703,VERTIFIED,DATA
DATA,DATASET,S3,CPU_ONLY,_RUN_1,12,1438708,246595,1685303,51069775,85.367913,VERTIFIED,DATA
DATA,DATASET,S3,CPU_ONLY,_RUN_1,13,1357240,239112,1596352,48374306,85.021349,VERTIFIED,DATA
DATA,DATASET,S3,CPU_ONLY,_RUN_1,14,1281828,295915,1577743,47810403,81.244411,VERTIFIED,DATA
DATA,DATASET,S3,CPU_ONLY,_RUN_1,15,1284253,343322,1627575,49320455,78.905918,VERTIFIED,DATA
DATA,DATASET,S3,CPU_ONLY,_RUN_1,16,1312053,351233,1663286,50402619,78.883187,VERTIFIED,DATA
DATA,DATASET,S3,CPU_ONLY,_RUN_1,17,1330881,252324,1583205,47975894,84.062456,VERTIFIED,DATA
DATA,DATASET,S3,CPU_ONLY,_RUN_1,18,1391810,200026,1591836,48237442,87.434258,VERTIFIED,DATA
DATA,DATASET,S3,CPU_ONLY,_RUN_1,19,1351071,269006,1620077,49093234,83.395481,VERTIFIED,DATA
DATA,DATASET,S3,CPU_ONLY,_RUN_1,20,1352646,301925,1654571,50138521,81.752067,VERTIFIED,DATA
DATA,DATASET,S3,CPU_ONLY,_RUN_1,21,1356398,210915,1567313,47494324,86.542892,VERTIFIED,DATA
DATA,DATASET,S3,CPU_ONLY,_RUN_1,22,1234547,297613,1532160,46429081,80.575593,VERTIFIED,DATA
DATA,DATASET,S3,CPU_ONLY,_RUN_1,23,1279390,332091,1611481,48832764,79.392186,VERTIFIED,DATA
DATA,DATASET,S3,CPU_ONLY,_RUN_1,24,1243767,311004,1554771,47114260,79.996797,VERTIFIED,DATA
DATA,DATASET,S3,CPU_ONLY,_RUN_1,25,1431843,151239,1583082,47972196,90.446547,VERTIFIED,DATA
DATA,DATASET,S3,CPU_ONLY,_RUN_1,26,1351859,334899,1686758,51113868,80.145403,VERTIFIED,DATA
DATA,DATASET,S3,CPU_ONLY,_RUN_1,27,1366527,279584,1646111,49882147,83.015483,VERTIFIED,DATA
DATA,DATASET,S3,CPU_ONLY,_RUN_1,28,1404186,69704,1473890,44663346,95.270746,VERTIFIED,DATA
DATA,DATASET,S3,CPU_ONLY,_RUN_1,29,1341529,280092,1621621,49140045,82.727653,VERTIFIED,DATA
DATA,DATASET,S3,CPU_ONLY,_RUN_1,30,1305697,257949,1563646,47383226,83.503363,VERTIFIED,DATA
DATA,DATASET,S3,CPU_ONLY,_RUN_1,31,1478359,140664,1619023,49061308,91.311797,VERTIFIED,DATA
DATA,DATASET,S3,CPU_ONLY,_RUN_1,32,1341067,220677,1561744,47325576,85.869835,VERTIFIED,DATA
DATA,DATASET,S3,CPU_ONLY,_RUN_1,33,1364094,243688,1607782,48720664,84.843219,VERTIFIED,DATA
DATA,DATASET,S3,CPU_ONLY,_RUN_1,34,1317958,268654,1586612,48079147,83.067442,VERTIFIED,DATA
DATA,DATASET,S3,CPU_ONLY,_RUN_1,35,1220394,275993,1496387,45345052,81.556041,VERTIFIED,DATA
DATA,DATASET,S3,CPU_ONLY,_RUN_1,36,1309148,291474,1600622,48503691,81.789954,VERTIFIED,DATA
DATA,DATASET,S3,CPU_ONLY,_RUN_1,37,1419188,175668,1594856,48328980,88.985338,VERTIFIED,DATA
DATA,DATASET,S3,CPU_ONLY,_RUN_1,38,1349518,189780,1539298,46645398,87.671003,VERTIFIED,DATA
DATA,DATASET,S3,CPU_ONLY,_RUN_1,39,1352888,254819,1607707,48718400,84.150159,VERTIFIED,DATA
DATA,DATASET,S3,CPU_ONLY,_RUN_1,40,1350516,240395,1590911,48209432,84.889475,VERTIFIED,DATA
DATA,DATASET,S3,CPU_ONLY,_RUN_1,41,1517486,0,1517486,43944351,100.000000,VERTIFIED,DATA
DATA,DATASET,S3,CPU_ONLY,_RUN_1,42,1269937,270463,1540400,46678789,82.442028,VERTIFIED,DATA
DATA,DATASET,S3,CPU_ONLY,_RUN_1,43,1263990,339140,1603130,48579693,78.845134,VERTIFIED,DATA
DATA,DATASET,S3,CPU_ONLY,_RUN_1,44,1344280,311702,1655982,50181266,81.177211,VERTIFIED,DATA
DATA,DATASET,S3,CPU_ONLY,_RUN_1,45,1216721,427425,1644146,49822607,74.003221,VERTIFIED,DATA
DATA,DATASET,S3,CPU_ONLY,_RUN_1,46,1380597,169289,1549886,46966244,89.077326,VERTIFIED,DATA
DATA,DATASET,S3,CPU_ONLY,_RUN_1,47,1400364,196612,1596976,48393212,87.688481,VERTIFIED,DATA
DATA,DATASET,S3,CPU_ONLY,_RUN_1,48,1246423,343041,1589464,48165590,78.417819,VERTIFIED,DATA
DATA,DATASET,S3,CPU_ONLY,_RUN_1,49,1229370,320852,1550222,46976419,79.302835,VERTIFIED,DATA
DATA,DATASET,S3,CPU_ONLY,_RUN_1,50,1357038,202025,1559063,47244345,87.041896,VERTIFIED,DATA
DATA,DATASET,S3,CPU_ONLY,_RUN_1,51,1342975,246924,1589899,48178756,84.469202,VERTIFIED,DATA
DATA,DATASET,S3,CPU_ONLY,_RUN_1,52,1183590,403441,1587031,48091837,74.578883,VERTIFIED,DATA
DATA,DATASET,S3,CPU_ONLY,_RUN_1,53,1259182,377830,1637012,49606421,76.919534,VERTIFIED,DATA
DATA,DATASET,S3,CPU_ONLY,_RUN_1,54,1260086,318043,1578129,47822081,79.846831,VERTIFIED,DATA
DATA,DATASET,S3,CPU_ONLY,_RUN_1,55,1278399,299580,1577979,47817560,81.014956,VERTIFIED,DATA
DATA,DATASET,S3,CPU_ONLY,_RUN_1,56,1420528,122463,1542991,46757314,92.063272,VERTIFIED,DATA
DATA,DATASET,S3,CPU_ONLY,_RUN_1,57,1309498,313471,1622969,49180874,80.685337,VERTIFIED,DATA
DATA,DATASET,S3,CPU_ONLY,_RUN_1,58,1362813,189567,1552380,47041830,87.788621,VERTIFIED,DATA
DATA,DATASET,S3,CPU_ONLY,_RUN_1,59,1289093,227966,1517059,45971470,84.973162,VERTIFIED,DATA
DATA,DATASET,S3,CPU_ONLY,_RUN_1,60,1381198,193931,1575129,47731170,87.687929,VERTIFIED,DATA
DATA,DATASET,S3,CPU_ONLY,_RUN_1,61,1376439,167059,1543498,46772673,89.176598,VERTIFIED,DATA
DATA,DATASET,S3,CPU_ONLY,_RUN_1,62,1327160,261881,1589041,48152766,83.519557,VERTIFIED,DATA
DATA,DATASET,S3,CPU_ONLY,_RUN_1,63,1361297,122281,1483578,44956919,91.757697,VERTIFIED,DATA
DATA,DATASET,S3,CPU_ONLY,_RUN_1,64,1280956,252195,1533151,46459121,83.550544,VERTIFIED,DATA
DATA,DATASET,S3,CPU_ONLY,_RUN_1,65,1266840,364390,1631230,49431227,77.661642,VERTIFIED,DATA
DATA,DATASET,S3,CPU_ONLY,_RUN_1,66,1369868,205779,1575647,47746875,86.940032,VERTIFIED,DATA
DATA,DATASET,S3,CPU_ONLY,_RUN_1,67,1244834,297139,1541973,46726464,80.729948,VERTIFIED,DATA
DATA,DATASET,S3,CPU_ONLY,_RUN_1,68,1338534,198623,1537157,46580503,87.078548,VERTIFIED,DATA
DATA,DATASET,S3,CPU_ONLY,_RUN_1,69,1349766,240568,1590334,48191945,84.873115,VERTIFIED,DATA
DATA,DATASET,S3,CPU_ONLY,_RUN_1,70,1232002,287589,1519591,46048205,81.074579,VERTIFIED,DATA
DATA,DATASET,S3,CPU_ONLY,_RUN_1,71,1316382,275703,1592085,48245000,82.682897,VERTIFIED,DATA
DATA,DATASET,S3,CPU_ONLY,_RUN_1,72,1346630,204158,1550788,46993573,86.835209,VERTIFIED,DATA
DATA,DATASET,S3,CPU_ONLY,_RUN_1,73,1248554,310976,1559530,47258491,80.059633,VERTIFIED,DATA
DATA,DATASET,S3,CPU_ONLY,_RUN_1,74,1308882,223915,1532797,46448405,85.391738,VERTIFIED,DATA
DATA,DATASET,S3,CPU_ONLY,_RUN_1,75,1355074,306205,1661279,50341785,81.568117,VERTIFIED,DATA
DATA,DATASET,S3,CPU_ONLY,_RUN_1,76,1319255,330759,1650014,50000418,79.954170,VERTIFIED,DATA
DATA,DATASET,S3,CPU_ONLY,_RUN_1,77,1219919,381102,1601021,48515795,76.196315,VERTIFIED,DATA
DATA,DATASET,S3,CPU_ONLY,_RUN_1,78,1387645,155898,1543543,46774045,89.899990,VERTIFIED,DATA
DATA,DATASET,S3,CPU_ONLY,_RUN_1,79,1288802,302935,1591737,48234467,80.968276,VERTIFIED,DATA
DATA,DATASET,S3,CPU_ONLY,_RUN_1,80,1324314,245072,1569386,47557148,84.384211,VERTIFIED,DATA
DATA,DATASET,S3,CPU_ONLY,_RUN_1,81,1318319,267812,1586131,48064575,83.115392,VERTIFIED,DATA
DATA,DATASET,S3,CPU_ONLY,_RUN_1,82,1397106,149842,1546948,46877214,90.313702,VERTIFIED,DATA
DATA,DATASET,S3,CPU_ONLY,_RUN_1,83,1385214,170861,1556075,47153783,89.019745,VERTIFIED,DATA
DATA,DATASET,S3,CPU_ONLY,_RUN_1,84,1266404,282702,1549106,46942611,81.750636,VERTIFIED,DATA
DATA,DATASET,S3,CPU_ONLY,_RUN_1,85,1293366,385630,1678996,50878664,77.032107,VERTIFIED,DATA
DATA,DATASET,S3,CPU_ONLY,_RUN_1,86,1281130,301705,1582835,47964690,80.938948,VERTIFIED,DATA
DATA,DATASET,S3,CPU_ONLY,_RUN_1,87,1386606,160838,1547444,46892233,89.606215,VERTIFIED,DATA
DATA,DATASET,S3,CPU_ONLY,_RUN_1,88,1265886,375185,1641071,49729420,77.137796,VERTIFIED,DATA
DATA,DATASET,S3,CPU_ONLY,_RUN_1,89,1266853,363589,1630442,49407322,77.699973,VERTIFIED,DATA
DATA,DATASET,S3,CPU_ONLY,_RUN_1,90,1343934,246048,1589982,48181277,84.525108,VERTIFIED,DATA
DATA,DATASET,S3,CPU_ONLY,_RUN_1,91,1367220,223666,1590886,48208670,85.940790,VERTIFIED,DATA
DATA,DATASET,S3,CPU_ONLY,_RUN_1,92,1264635,333933,1598568,48441463,79.110491,VERTIFIED,DATA
DATA,DATASET,S3,CPU_ONLY,_RUN_1,93,1229713,358049,1587762,48114012,77.449454,VERTIFIED,DATA
DATA,DATASET,S3,CPU_ONLY,_RUN_1,94,1331428,271332,1602760,48568479,83.070953,VERTIFIED,DATA
DATA,DATASET,S3,CPU_ONLY,_RUN_1,95,1363213,180847,1544060,46789687,88.287567,VERTIFIED,DATA
DATA,DATASET,S3,CPU_ONLY,_RUN_1,96,1375674,146805,1522479,46135713,90.357502,VERTIFIED,DATA
DATA,DATASET,S3,CPU_ONLY,_RUN_1,97,1215048,425085,1640133,49701004,74.082285,VERTIFIED,DATA
DATA,DATASET,S3,CPU_ONLY,_RUN_1,98,1362749,227624,1590373,48193122,85.687383,VERTIFIED,DATA
DATA,DATASET,S3,CPU_ONLY,_RUN_1,99,1195765,464415,1660180,50308482,72.026226,VERTIFIED,DATA
DATA,DATASET,S3,CPU_ONLY,_RUN_1,100,1321722,319571,1641293,49736148,80.529314,VERTIFIED,DATA
DATA,DATASET,S3,CPU_ONLY,_RUN_1,101,1301766,268397,1570163,47580693,82.906424,VERTIFIED,DATA
DATA,DATASET,S3,CPU_ONLY,_RUN_1,102,1336990,245863,1582853,47965246,84.467098,VERTIFIED,DATA
DATA,DATASET,S3,CPU_ONLY,_RUN_1,103,1303718,237829,1541547,46713555,84.572057,VERTIFIED,DATA
DATA,DATASET,S3,CPU_ONLY,_RUN_1,104,1278423,218518,1496941,45361839,85.402364,VERTIFIED,DATA
DATA,DATASET,S3,CPU_ONLY,_RUN_1,105,1244829,376163,1620992,49120967,76.794272,VERTIFIED,DATA
DATA,DATASET,S3,CPU_ONLY,_RUN_1,106,1371338,174050,1545388,46829953,88.737456,VERTIFIED,DATA
DATA,DATASET,S3,CPU_ONLY,_RUN_1,107,1315007,216113,1531120,46397588,85.885300,VERTIFIED,DATA
DATA,DATASET,S3,CPU_ONLY,_RUN_1,108,1301359,217718,1519077,46032645,85.667744,VERTIFIED,DATA
DATA,DATASET,S3,CPU_ONLY,_RUN_1,109,1307072,284587,1591659,48232077,82.120102,VERTIFIED,DATA
DATA,DATASET,S3,CPU_ONLY,_RUN_1,110,1309796,326797,1636593,49593729,80.031871,VERTIFIED,DATA
DATA,DATASET,S3,CPU_ONLY,_RUN_1,111,1258422,342121,1600543,48501298,78.624692,VERTIFIED,DATA
DATA,DATASET,S3,CPU_ONLY,_RUN_1,112,1294800,305673,1600473,48499169,80.901084,VERTIFIED,DATA
DATA,DATASET,S3,CPU_ONLY,_RUN_1,113,1359845,222004,1581849,47934824,85.965538,VERTIFIED,DATA
DATA,DATASET,S3,CPU_ONLY,_RUN_1,114,1358145,126318,1484463,44983728,91.490660,VERTIFIED,DATA
DATA,DATASET,S3,CPU_ONLY,_RUN_1,115,1308490,289918,1598408,48436594,81.862078,VERTIFIED,DATA
DATA,DATASET,S3,CPU_ONLY,_RUN_1,116,1248130,360443,1608573,48744646,77.592375,VERTIFIED,DATA
DATA,DATASET,S3,CPU_ONLY,_RUN_1,117,1352087,273603,1625690,49263343,83.170039,VERTIFIED,DATA
DATA,DATASET,S3,CPU_ONLY,_RUN_1,118,1220123,310728,1530851,46389429,79.702270,VERTIFIED,DATA
DATA,DATASET,S3,CPU_ONLY,_RUN_1,119,1369570,157706,1527276,46281103,89.674034,VERTIFIED,DATA
DATA,DATASET,S3,CPU_ONLY,_RUN_1,120,1414241,188132,1602373,48556752,88.259163,VERTIFIED,DATA
DATA,DATASET,S3,CPU_ONLY,_RUN_1,121,1381790,183390,1565180,47429691,88.283137,VERTIFIED,DATA
DATA,DATASET,S3,CPU_ONLY,_RUN_1,122,1315400,273269,1588669,48141473,82.798871,VERTIFIED,DATA
DATA,DATASET,S3,CPU_ONLY,_RUN_1,123,1212889,429284,1642173,49762830,73.858783,VERTIFIED,DATA
DATA,DATASET,S3,CPU_ONLY,_RUN_1,124,1397450,134352,1531802,46418253,91.229154,VERTIFIED,DATA
DATA,DATASET,S3,CPU_ONLY,_RUN_1,125,1350449,292695,1643144,49792242,82.186893,VERTIFIED,DATA
DATA,DATASET,S3,CPU_ONLY,_RUN_1,126,1234027,385635,1619662,49080657,76.190403,VERTIFIED,DATA
DATA,DATASET,S3,CPU_ONLY,_RUN_1,127,1363827,230903,1594730,48325156,85.520872,VERTIFIED,DATA
DATA,DATASET,S3,CPU_ONLY,_RUN_1,128,1333094,258871,1591965,48241359,83.738901,VERTIFIED,DATA
DATA,DATASET,S3,CPU_ONLY,_RUN_1,129,1420661,177617,1598278,48432666,88.886977,VERTIFIED,DATA
DATA,DATASET,S3,CPU_ONLY,_RUN_1,130,1373829,147006,1520835,46085905,90.333863,VERTIFIED,DATA
DATA,DATASET,S3,CPU_ONLY,_RUN_1,131,1226653,385178,1611831,48843374,76.103078,VERTIFIED,DATA
DATA,DATASET,S3,CPU_ONLY,_RUN_1,132,1299228,245882,1545110,46821504,84.086440,VERTIFIED,DATA
DATA,DATASET,S3,CPU_ONLY,_RUN_1,133,1319948,281421,1601369,48526331,82.426224,VERTIFIED,DATA
DATA,DATASET,S3,CPU_ONLY,_RUN_1,134,1465837,161754,1627591,49320940,90.061754,VERTIFIED,DATA
DATA,DATASET,S3,CPU_ONLY,_RUN_1,135,1310892,190003,1500895,45481653,87.340687,VERTIFIED,DATA
DATA,DATASET,S3,CPU_ONLY,_RUN_1,136,1356926,188488,1545414,46830714,87.803398,VERTIFIED,DATA
DATA,DATASET,S3,CPU_ONLY,_RUN_1,137,1441991,234747,1676738,50810249,85.999781,VERTIFIED,DATA
DATA,DATASET,S3,CPU_ONLY,_RUN_1,138,1262307,325584,1587891,48117903,79.495822,VERTIFIED,DATA
DATA,DATASET,S3,CPU_ONLY,_RUN_1,139,1328154,236008,1564162,47398846,84.911537,VERTIFIED,DATA
DATA,DATASET,S3,CPU_ONLY,_RUN_1,140,1275921,274221,1550142,46973997,82.309943,VERTIFIED,DATA
DATA,DATASET,S3,CPU_ONLY,_RUN_1,141,1192485,392173,1584658,48019930,75.251884,VERTIFIED,DATA
DATA,DATASET,S3,CPU_ONLY,_RUN_1,142,1331553,270061,1601614,48533752,83.138197,VERTIFIED,DATA
DATA,DATASET,S3,CPU_ONLY,_RUN_1,143,1356542,265783,1622325,49161367,83.617154,VERTIFIED,DATA
DATA,DATASET,S3,CPU_ONLY,_RUN_1,144,1275444,302595,1578039,47819377,80.824618,VERTIFIED,DATA
DATA,DATASET,S3,CPU_ONLY,_RUN_1,145,1249091,325727,1574818,47721751,79.316531,VERTIFIED,DATA
DATA,DATASET,S3,CPU_ONLY,_RUN_1,146,1385813,232015,1617828,49025083,85.658859,VERTIFIED,DATA
DATA,DATASET,S3,CPU_ONLY,_RUN_1,147,1325884,319376,1645260,49856365,80.588114,VERTIFIED,DATA
DATA,DATASET,S3,CPU_ONLY,_RUN_1,148,1350047,224382,1574429,47709973,85.748357,VERTIFIED,DATA
DATA,DATASET,S3,CPU_ONLY,_RUN_1,149,1383365,194871,1578236,47825347,87.652607,VERTIFIED,DATA
DATA,DATASET,S3,CPU_ONLY,_RUN_1,150,1323554,372852,1696406,51406243,78.021063,VERTIFIED,DATA
DATA,DATASET,S3,CPU_ONLY,_RUN_1,151,1293610,307882,1601492,48530073,80.775302,VERTIFIED,DATA
DATA,DATASET,S3,CPU_ONLY,_RUN_1,152,1361843,230605,1592448,48256015,85.518836,VERTIFIED,DATA
DATA,DATASET,S3,CPU_ONLY,_RUN_1,153,1357248,338286,1695534,51379829,80.048410,VERTIFIED,DATA
DATA,DATASET,S3,CPU_ONLY,_RUN_1,154,1255469,295580,1551049,47001476,80.943220,VERTIFIED,DATA
DATA,DATASET,S3,CPU_ONLY,_RUN_1,155,1264174,293586,1557760,47204861,81.153323,VERTIFIED,DATA
DATA,DATASET,S3,CPU_ONLY,_RUN_1,156,1378941,228135,1607076,48699273,85.804343,VERTIFIED,DATA
DATA,DATASET,S3,CPU_ONLY,_RUN_1,157,1332826,307076,1639902,49693987,81.274735,VERTIFIED,DATA
DATA,DATASET,S3,CPU_ONLY,_RUN_1,158,1332425,240304,1572729,47658448,84.720572,VERTIFIED,DATA
DATA,DATASET,S3,CPU_ONLY,_RUN_1,159,1264708,335979,1600687,48505658,79.010325,VERTIFIED,DATA
DATA,DATASET,S3,CPU_ONLY,_RUN_1,160,1334742,220626,1555368,47132372,85.815190,VERTIFIED,DATA
DATA,DATASET,S3,CPU_ONLY,_RUN_1,161,1270397,294184,1564581,47411532,81.197266,VERTIFIED,DATA
DATA,DATASET,S3,CPU_ONLY,_RUN_1,162,1325623,271556,1597179,48399364,82.997773,VERTIFIED,DATA
DATA,DATASET,S3,CPU_ONLY,_RUN_1,163,1353855,289963,1643818,49812679,82.360395,VERTIFIED,DATA
DATA,DATASET,S3,CPU_ONLY,_RUN_1,164,1367790,213769,1581559,47926032,86.483653,VERTIFIED,DATA
DATA,DATASET,S3,CPU_ONLY,_RUN_1,165,1321248,272052,1593300,48281828,82.925249,VERTIFIED,DATA
DATA,DATASET,S3,CPU_ONLY,_RUN_1,166,1367434,184280,1551714,47021628,88.124100,VERTIFIED,DATA
DATA,DATASET,S3,CPU_ONLY,_RUN_1,167,1367199,212654,1579853,47874332,86.539634,VERTIFIED,DATA
DATA,DATASET,S3,CPU_ONLY,_RUN_1,168,1337982,230231,1568213,47521606,85.318895,VERTIFIED,DATA
DATA,DATASET,S3,CPU_ONLY,_RUN_1,169,1271442,315976,1587418,48103584,80.094972,VERTIFIED,DATA
DATA,DATASET,S3,CPU_ONLY,_RUN_1,170,1327721,207505,1535226,46521993,86.483749,VERTIFIED,DATA
DATA,DATASET,S3,CPU_ONLY,_RUN_1,171,1333934,240742,1574676,47717440,84.711649,VERTIFIED,DATA
DATA,DATASET,S3,CPU_ONLY,_RUN_1,172,1264394,218358,1482752,44931879,85.273464,VERTIFIED,DATA
DATA,DATASET,S3,CPU_ONLY,_RUN_1,173,1301556,250030,1551586,47017772,83.885521,VERTIFIED,DATA
DATA,DATASET,S3,CPU_ONLY,_RUN_1,174,1535062,53775,1588837,48146584,96.615449,VERTIFIED,DATA
DATA,DATASET,S3,CPU_ONLY,_RUN_1,175,1388367,212974,1601341,48525477,86.700272,VERTIFIED,DATA
DATA,DATASET,S3,CPU_ONLY,_RUN_1,176,1264265,324741,1589006,48151690,79.563262,VERTIFIED,DATA
DATA,DATASET,S3,CPU_ONLY,_RUN_1,177,1395380,157266,1552646,47049868,89.871097,VERTIFIED,DATA
DATA,DATASET,S3,CPU_ONLY,_RUN_1,178,1133427,481391,1614818,48933869,70.189148,VERTIFIED,DATA
DATA,DATASET,S3,CPU_ONLY,_RUN_1,179,1229839,352760,1582599,47957558,77.710083,VERTIFIED,DATA
DATA,DATASET,S3,CPU_ONLY,_RUN_1,180,1383720,218544,1602264,48553442,86.360300,VERTIFIED,DATA
DATA,DATASET,S3,CPU_ONLY,_RUN_1,181,1323372,226769,1550141,46973971,85.371073,VERTIFIED,DATA
DATA,DATASET,S3,CPU_ONLY,_RUN_1,182,1256610,264729,1521339,46101175,82.598947,VERTIFIED,DATA
DATA,DATASET,S3,CPU_ONLY,_RUN_1,183,1423819,127696,1551515,47015612,91.769593,VERTIFIED,DATA
DATA,DATASET,S3,CPU_ONLY,_RUN_1,184,1308030,234563,1542593,46745249,84.794239,VERTIFIED,DATA
DATA,DATASET,S3,CPU_ONLY,_RUN_1,185,1370846,250812,1621658,49141155,84.533607,VERTIFIED,DATA
DATA,DATASET,S3,CPU_ONLY,_RUN_1,186,1335401,306858,1642259,49765411,81.314884,VERTIFIED,DATA
DATA,DATASET,S3,CPU_ONLY,_RUN_1,187,1171759,428834,1600593,48502817,73.207805,VERTIFIED,DATA
DATA,DATASET,S3,CPU_ONLY,_RUN_1,188,1326838,248763,1575601,47745472,84.211548,VERTIFIED,DATA
DATA,DATASET,S3,CPU_ONLY,_RUN_1,189,1349667,187132,1536799,46569665,87.823261,VERTIFIED,DATA
DATA,DATASET,S3,CPU_ONLY,_RUN_1,190,1289491,272409,1561900,47330301,82.559127,VERTIFIED,DATA
DATA,DATASET,S3,CPU_ONLY,_RUN_1,191,1343499,160388,1503887,45572325,89.335103,VERTIFIED,DATA
DATA,DATASET,S3,CPU_ONLY,_RUN_1,192,1318576,214541,1533117,46458096,86.006221,VERTIFIED,DATA
DATA,DATASET,S3,CPU_ONLY,_RUN_1,193,1384803,214383,1599186,48460177,86.594242,VERTIFIED,DATA
DATA,DATASET,S3,CPU_ONLY,_RUN_1,194,1405281,130408,1535689,46536027,91.508176,VERTIFIED,DATA
DATA,DATASET,S3,CPU_ONLY,_RUN_1,195,1327487,210416,1537903,46603133,86.317993,VERTIFIED,DATA
DATA,DATASET,S3,CPU_ONLY,_RUN_1,196,1366899,231253,1598152,48428837,85.529975,VERTIFIED,DATA
DATA,DATASET,S3,CPU_ONLY,_RUN_1,197,1358479,221909,1580388,47890550,85.958575,VERTIFIED,DATA
DATA,DATASET,S3,CPU_ONLY,_RUN_1,198,1253439,267078,1520517,46076270,82.435053,VERTIFIED,DATA
DATA,DATASET,S3,CPU_ONLY,_RUN_1,199,1238864,310346,1549210,46945764,79.967467,VERTIFIED,DATA
DATA,DATASET,S3,CPU_ONLY,_RUN_1,200,1346582,235823,1582405,47951681,85.097178,VERTIFIED,DATA
DATA,DATASET,S3,CPU_ONLY,_RUN_1,201,1440035,137322,1577357,47798688,91.294171,VERTIFIED,DATA
DATA,DATASET,S3,CPU_ONLY,_RUN_1,202,1261599,255384,1516983,45969190,83.165006,VERTIFIED,DATA
DATA,DATASET,S3,CPU_ONLY,_RUN_1,203,1372364,277817,1650181,50005477,83.164453,VERTIFIED,DATA
DATA,DATASET,S3,CPU_ONLY,_RUN_1,204,1370835,173430,1544265,46795920,88.769415,VERTIFIED,DATA
DATA,DATASET,S3,CPU_ONLY,_RUN_1,205,1308981,245292,1554273,47099192,84.218216,VERTIFIED,DATA
DATA,DATASET,S3,CPU_ONLY,_RUN_1,206,1319524,263855,1583379,47981172,83.335954,VERTIFIED,DATA
DATA,DATASET,S3,CPU_ONLY,_RUN_1,207,1313435,289713,1603148,48580233,81.928493,VERTIFIED,DATA
DATA,DATASET,S3,CPU_ONLY,_RUN_1,208,1281861,273016,1554877,47117495,82.441312,VERTIFIED,DATA
DATA,DATASET,S3,CPU_ONLY,_RUN_1,209,1386305,134651,1520956,46089588,91.146950,VERTIFIED,DATA
DATA,DATASET,S3,CPU_ONLY,_RUN_1,210,1289348,290839,1580187,47884451,81.594647,VERTIFIED,DATA
DATA,DATASET,S3,CPU_ONLY,_RUN_1,211,1341445,242786,1584231,48006998,84.674836,VERTIFIED,DATA
DATA,DATASET,S3,CPU_ONLY,_RUN_1,212,1233772,424941,1658713,50264019,74.381282,VERTIFIED,DATA
DATA,DATASET,S3,CPU_ONLY,_RUN_1,213,1345233,183798,1529031,46334282,87.979446,VERTIFIED,DATA
DATA,DATASET,S3,CPU_ONLY,_RUN_1,214,1328623,212782,1541405,46709253,86.195581,VERTIFIED,DATA
DATA,DATASET,S3,CPU_ONLY,_RUN_1,215,1405566,193040,1598606,48442600,87.924479,VERTIFIED,DATA
DATA,DATASET,S3,CPU_ONLY,_RUN_1,216,1360152,200632,1560784,47296470,87.145435,VERTIFIED,DATA
DATA,DATASET,S3,CPU_ONLY,_RUN_1,217,1373372,189834,1563206,47369868,87.856111,VERTIFIED,DATA
DATA,DATASET,S3,CPU_ONLY,_RUN_1,218,1370364,315917,1686281,51099427,81.265459,VERTIFIED,DATA
DATA,DATASET,S3,CPU_ONLY,_RUN_1,219,1259904,309409,1569313,47554946,80.283793,VERTIFIED,DATA
DATA,DATASET,S3,CPU_ONLY,_RUN_1,220,1416899,252649,1669548,50592353,84.867222,VERTIFIED,DATA
DATA,DATASET,S3,CPU_ONLY,_RUN_1,221,1297030,296689,1593719,48294504,81.383858,VERTIFIED,DATA
DATA,DATASET,S3,CPU_ONLY,_RUN_1,222,1317324,236270,1553594,47078600,84.792037,VERTIFIED,DATA
DATA,DATASET,S3,CPU_ONLY,_RUN_1,223,1323980,289872,1613852,48904618,82.038502,VERTIFIED,DATA
DATA,DATASET,S3,CPU_ONLY,_RUN_1,224,1238997,326099,1565096,47427165,79.164281,VERTIFIED,DATA
DATA,DATASET,S3,CPU_ONLY,_RUN_1,225,1297968,280728,1578696,47839261,82.217729,VERTIFIED,DATA
DATA,DATASET,S3,CPU_ONLY,_RUN_1,226,1269337,245924,1515261,45916989,83.770189,VERTIFIED,DATA
DATA,DATASET,S3,CPU_ONLY,_RUN_1,227,1400062,216437,1616499,48984814,86.610756,VERTIFIED,DATA
DATA,DATASET,S3,CPU_ONLY,_RUN_1,228,1321462,229439,1550901,46997007,85.206083,VERTIFIED,DATA
DATA,DATASET,S3,CPU_ONLY,_RUN_1,229,1243448,250573,1494021,45273367,83.228281,VERTIFIED,DATA
DATA,DATASET,S3,CPU_ONLY,_RUN_1,230,1262737,260434,1523171,46156708,82.901854,VERTIFIED,DATA
DATA,DATASET,S3,CPU_ONLY,_RUN_1,231,1326726,297011,1623737,49204139,81.708183,VERTIFIED,DATA
DATA,DATASET,S3,CPU_ONLY,_RUN_1,232,1333715,229371,1563086,47366257,85.325759,VERTIFIED,DATA
DATA,DATASET,S3,CPU_ONLY,_RUN_1,233,1287435,352105,1639540,49683043,78.524159,VERTIFIED,DATA
DATA,DATASET,S3,CPU_ONLY,_RUN_1,234,1383790,226330,1610120,48791530,85.943284,VERTIFIED,DATA
DATA,DATASET,S3,CPU_ONLY,_RUN_1,235,1249270,368192,1617462,49013994,77.236436,VERTIFIED,DATA
DATA,DATASET,S3,CPU_ONLY,_RUN_1,236,1185627,378089,1563716,47385327,75.821121,VERTIFIED,DATA
DATA,DATASET,S3,CPU_ONLY,_RUN_1,237,1387197,132092,1519289,46039058,91.305670,VERTIFIED,DATA
DATA,DATASET,S3,CPU_ONLY,_RUN_1,238,1376060,161904,1537964,46604967,89.472836,VERTIFIED,DATA
DATA,DATASET,S3,CPU_ONLY,_RUN_1,239,1388159,213844,1602003,48545537,86.651461,VERTIFIED,DATA
DATA,DATASET,S3,CPU_ONLY,_RUN_1,240,1241564,299784,1541348,46707515,80.550531,VERTIFIED,DATA
DATA,DATASET,S3,CPU_ONLY,_RUN_1,241,1357473,268447,1625920,49270315,83.489532,VERTIFIED,DATA
DATA,DATASET,S3,CPU_ONLY,_RUN_1,242,1249315,384919,1634234,49522245,76.446519,VERTIFIED,DATA
DATA,DATASET,S3,CPU_ONLY,_RUN_1,243,1264809,347254,1612063,48850391,78.459030,VERTIFIED,DATA
DATA,DATASET,S3,CPU_ONLY,_RUN_1,244,1410816,217930,1628746,49355954,86.619768,VERTIFIED,DATA
DATA,DATASET,S3,CPU_ONLY,_RUN_1,245,1287478,322695,1610173,48793136,79.958986,VERTIFIED,DATA
DATA,DATASET,S3,CPU_ONLY,_RUN_1,246,1244463,295589,1540052,46668252,80.806557,VERTIFIED,DATA
DATA,DATASET,S3,CPU_ONLY,_RUN_1,247,1317835,277159,1594994,48333164,82.623195,VERTIFIED,DATA
DATA,DATASET,S3,CPU_ONLY,_RUN_1,248,1303535,204727,1508262,45704895,86.426297,VERTIFIED,DATA
DATA,DATASET,S3,CPU_ONLY,_RUN_1,249,1400212,175953,1576165,47762578,88.836638,VERTIFIED,DATA
DATA,DATASET,S3,CPU_ONLY,_RUN_1,250,1267644,363553,1631197,49430211,77.712502,VERTIFIED,DATA
DATA,DATASET,S3,CPU_ONLY,_RUN_1,251,1392929,177481,1570410,47588181,88.698429,VERTIFIED,DATA
DATA,DATASET,S3,CPU_ONLY,_RUN_1,252,1369203,206601,1575804,47751627,86.889169,VERTIFIED,DATA
DATA,DATASET,S3,CPU_ONLY,_RUN_1,253,1419272,163752,1583024,47970432,89.655747,VERTIFIED,DATA
DATA,DATASET,S3,CPU_ONLY,_RUN_1,254,1382632,211323,1593955,48301653,86.742223,VERTIFIED,DATA
DATA,DATASET,S3,CPU_ONLY,_RUN_1,255,1346335,331743,1678078,50850844,80.230776,VERTIFIED,DATA
DATA,DATASET,S3,CPU_ONLY,_RUN_1,256,1330263,253704,1583967,47998991,83.983000,VERTIFIED,DATA
DATA,DATASET,S3,CPU_ONLY,_RUN_1,257,1373076,153512,1526588,46260240,89.944111,VERTIFIED,DATA
DATA,DATASET,S3,CPU_ONLY,_RUN_1,258,1289820,304351,1594171,48308227,80.908510,VERTIFIED,DATA
DATA,DATASET,S3,CPU_ONLY,_RUN_1,259,1330693,300453,1631146,49428658,81.580251,VERTIFIED,DATA
DATA,DATASET,S3,CPU_ONLY,_RUN_1,260,1389205,158837,1548042,46910376,89.739490,VERTIFIED,DATA
DATA,DATASET,S3,CPU_ONLY,_RUN_1,261,1324572,254898,1579470,47862716,83.861802,VERTIFIED,DATA
DATA,DATASET,S3,CPU_ONLY,_RUN_1,262,1311594,306835,1618429,49043318,81.041183,VERTIFIED,DATA
DATA,DATASET,S3,CPU_ONLY,_RUN_1,263,1314465,274642,1589107,48154753,82.717212,VERTIFIED,DATA
DATA,DATASET,S3,CPU_ONLY,_RUN_1,264,1304618,234100,1538718,46627804,84.786036,VERTIFIED,DATA
DATA,DATASET,S3,CPU_ONLY,_RUN_1,265,1282658,311573,1594231,48310035,80.456220,VERTIFIED,DATA
DATA,DATASET,S3,CPU_ONLY,_RUN_1,266,1214375,491506,1705881,51693353,71.187556,VERTIFIED,DATA
DATA,DATASET,S3,CPU_ONLY,_RUN_1,267,1269606,336842,1606448,48680247,79.031877,VERTIFIED,DATA
DATA,DATASET,S3,CPU_ONLY,_RUN_1,268,1331355,205309,1536664,46565576,86.639304,VERTIFIED,DATA
DATA,DATASET,S3,CPU_ONLY,_RUN_1,269,1214011,412132,1626143,49277053,74.655857,VERTIFIED,DATA
DATA,DATASET,S3,CPU_ONLY,_RUN_1,270,1411457,198758,1610215,48794406,87.656431,VERTIFIED,DATA
DATA,DATASET,S3,CPU_ONLY,_RUN_1,271,1234907,333526,1568433,47528263,78.735081,VERTIFIED,DATA
DATA,DATASET,S3,CPU_ONLY,_RUN_1,272,1377832,234924,1612756,48871386,85.433382,VERTIFIED,DATA
DATA,DATASET,S3,CPU_ONLY,_RUN_1,273,1342683,269085,1611768,48841461,83.304979,VERTIFIED,DATA
DATA,DATASET,S3,CPU_ONLY,_RUN_1,274,1398805,178189,1576994,47787706,88.700718,VERTIFIED,DATA
DATA,DATASET,S3,CPU_ONLY,_RUN_1,275,1249258,419077,1668335,50555610,74.880525,VERTIFIED,DATA
DATA,DATASET,S3,CPU_ONLY,_RUN_1,276,1375203,204821,1580024,47879513,87.036842,VERTIFIED,DATA
DATA,DATASET,S3,CPU_ONLY,_RUN_1,277,1387391,182219,1569610,47563941,88.390810,VERTIFIED,DATA
DATA,DATASET,S3,CPU_ONLY,_RUN_1,278,1313541,207832,1521373,46102225,86.339182,VERTIFIED,DATA
DATA,DATASET,S3,CPU_ONLY,_RUN_1,279,1228018,350307,1578325,47828033,77.805142,VERTIFIED,DATA
DATA,DATASET,S3,CPU_ONLY,_RUN_1,280,1251347,344514,1595861,48359424,78.412030,VERTIFIED,DATA
DATA,DATASET,S3,CPU_ONLY,_RUN_1,281,1212238,436776,1649014,49970133,73.512899,VERTIFIED,DATA
DATA,DATASET,S3,CPU_ONLY,_RUN_1,282,1334991,190334,1525325,46221981,87.521741,VERTIFIED,DATA
DATA,DATASET,S3,CPU_ONLY,_RUN_1,283,1319599,250934,1570533,47591911,84.022367,VERTIFIED,DATA
DATA,DATASET,S3,CPU_ONLY,_RUN_1,284,1282660,323633,1606293,48675551,79.852181,VERTIFIED,DATA
DATA,DATASET,S3,CPU_ONLY,_RUN_1,285,1432966,195002,1627968,49332358,88.021755,VERTIFIED,DATA
DATA,DATASET,S3,CPU_ONLY,_RUN_1,286,1285313,313307,1598620,48443027,80.401409,VERTIFIED,DATA
DATA,DATASET,S3,CPU_ONLY,_RUN_1,287,1325660,287426,1613086,48881381,82.181607,VERTIFIED,DATA
DATA,DATASET,S3,CPU_ONLY,_RUN_1,288,1230830,340253,1571083,47608587,78.342774,VERTIFIED,DATA
DATA,DATASET,S3,CPU_ONLY,_RUN_1,289,1408426,229242,1637668,49626295,86.001925,VERTIFIED,DATA
DATA,DATASET,S3,CPU_ONLY,_RUN_1,290,1262462,238884,1501346,45495327,84.088678,VERTIFIED,DATA
DATA,DATASET,S3,CPU_ONLY,_RUN_1,291,1381847,190815,1572662,47656411,87.866751,VERTIFIED,DATA
DATA,DATASET,S3,CPU_ONLY,_RUN_1,292,1314607,316496,1631103,49427370,80.596198,VERTIFIED,DATA
DATA,DATASET,S3,CPU_ONLY,_RUN_1,293,1363303,133557,1496860,45359399,91.077522,VERTIFIED,DATA
DATA,DATASET,S3,CPU_ONLY,_RUN_1,294,1309488,294379,1603867,48602021,81.645673,VERTIFIED,DATA
DATA,DATASET,S3,CPU_ONLY,_RUN_1,295,1321130,247669,1568799,47539349,84.212828,VERTIFIED,DATA
DATA,DATASET,S3,CPU_ONLY,_RUN_1,296,1334266,248271,1582537,47955660,84.311836,VERTIFIED,DATA
DATA,DATASET,S3,CPU_ONLY,_RUN_1,297,1327070,282601,1609671,48777917,82.443555,VERTIFIED,DATA
DATA,DATASET,S3,CPU_ONLY,_RUN_1,298,1395277,133466,1528743,46325555,91.269559,VERTIFIED,DATA
DATA,DATASET,S3,CPU_ONLY,_RUN_1,299,1385656,179350,1565006,47424433,88.539980,VERTIFIED,DATA
DATA,DATASET,S3,CPU_ONLY,_RUN_1,300,1302964,274278,1577242,47795197,82.610278,VERTIFIED,DATA
DATA,DATASET,S3,CPU_MATMUL,_RUN_1,1,1252513,291604,1544117,46791415,81.115162,VERTIFIED,DATA
DATA,DATASET,S3,CPU_MATMUL,_RUN_1,2,1234911,351042,1585953,48059195,77.865548,VERTIFIED,DATA
DATA,DATASET,S3,CPU_MATMUL,_RUN_1,3,1147453,461759,1609212,48764008,71.305272,VERTIFIED,DATA
DATA,DATASET,S3,CPU_MATMUL,_RUN_1,4,1191239,305983,1497222,45370355,79.563285,VERTIFIED,DATA
DATA,DATASET,S3,CPU_MATMUL,_RUN_1,5,1226581,296890,1523471,46165790,80.512264,VERTIFIED,DATA
DATA,DATASET,S3,CPU_MATMUL,_RUN_1,6,1223990,380317,1604307,48615354,76.294001,VERTIFIED,DATA
DATA,DATASET,S3,CPU_MATMUL,_RUN_1,7,1142220,542641,1684861,51056388,67.793130,VERTIFIED,DATA
DATA,DATASET,S3,CPU_MATMUL,_RUN_1,8,1142148,348281,1490429,45164501,76.632164,VERTIFIED,DATA
DATA,DATASET,S3,CPU_MATMUL,_RUN_1,9,1156338,441093,1597431,48406999,72.387352,VERTIFIED,DATA
DATA,DATASET,S3,CPU_MATMUL,_RUN_1,10,1282368,316164,1598532,48440367,80.221603,VERTIFIED,DATA
DATA,DATASET,S3,CPU_MATMUL,_RUN_1,11,1161438,492064,1653502,50106125,70.241100,VERTIFIED,DATA
DATA,DATASET,S3,CPU_MATMUL,_RUN_1,12,1193183,376420,1569603,47563720,76.018140,VERTIFIED,DATA
DATA,DATASET,S3,CPU_MATMUL,_RUN_1,13,1300355,270703,1571058,47607830,82.769382,VERTIFIED,DATA
DATA,DATASET,S3,CPU_MATMUL,_RUN_1,14,1164121,360726,1524847,46207491,76.343463,VERTIFIED,DATA
DATA,DATASET,S3,CPU_MATMUL,_RUN_1,15,1323598,281432,1605030,48637278,82.465624,VERTIFIED,DATA
DATA,DATASET,S3,CPU_MATMUL,_RUN_1,16,1264809,304333,1569142,47549755,80.605133,VERTIFIED,DATA
DATA,DATASET,S3,CPU_MATMUL,_RUN_1,17,1196381,403565,1599946,48483225,74.776336,VERTIFIED,DATA
DATA,DATASET,S3,CPU_MATMUL,_RUN_1,18,1173310,425048,1598358,48435093,73.407209,VERTIFIED,DATA
DATA,DATASET,S3,CPU_MATMUL,_RUN_1,19,1154762,447274,1602036,48546552,72.080902,VERTIFIED,DATA
DATA,DATASET,S3,CPU_MATMUL,_RUN_1,20,1308322,306105,1614427,48922029,81.039403,VERTIFIED,DATA
DATA,DATASET,S3,CPU_MATMUL,_RUN_1,21,1235914,345998,1581912,47936725,78.127860,VERTIFIED,DATA
DATA,DATASET,S3,CPU_MATMUL,_RUN_1,22,1222223,369992,1592215,48248947,76.762435,VERTIFIED,DATA
DATA,DATASET,S3,CPU_MATMUL,_RUN_1,23,1202635,328979,1531614,46412554,78.520763,VERTIFIED,DATA
DATA,DATASET,S3,CPU_MATMUL,_RUN_1,24,1206827,353668,1560495,47287731,77.336166,VERTIFIED,DATA
DATA,DATASET,S3,CPU_MATMUL,_RUN_1,25,1192968,349039,1542007,46727477,77.364629,VERTIFIED,DATA
DATA,DATASET,S3,CPU_MATMUL,_RUN_1,26,1200252,336878,1537130,46579687,78.083962,VERTIFIED,DATA
DATA,DATASET,S3,CPU_MATMUL,_RUN_1,27,1200585,265417,1466002,44424302,81.895182,VERTIFIED,DATA
DATA,DATASET,S3,CPU_MATMUL,_RUN_1,28,1221662,342139,1563801,47387916,78.121321,VERTIFIED,DATA
DATA,DATASET,S3,CPU_MATMUL,_RUN_1,29,1284263,232331,1516594,45957386,84.680739,VERTIFIED,DATA
DATA,DATASET,S3,CPU_MATMUL,_RUN_1,30,1241230,316548,1557778,47205391,79.679518,VERTIFIED,DATA
DATA,DATASET,S3,CPU_MATMUL,_RUN_1,31,1206496,298083,1504579,45593315,80.188279,VERTIFIED,DATA
DATA,DATASET,S3,CPU_MATMUL,_RUN_1,32,1217892,386015,1603907,48603247,75.932832,VERTIFIED,DATA
DATA,DATASET,S3,CPU_MATMUL,_RUN_1,33,1182316,413865,1596181,48369126,74.071550,VERTIFIED,DATA
DATA,DATASET,S3,CPU_MATMUL,_RUN_1,34,1270914,228272,1499186,45429881,84.773604,VERTIFIED,DATA
DATA,DATASET,S3,CPU_MATMUL,_RUN_1,35,1323076,232640,1555716,47142919,85.046114,VERTIFIED,DATA
DATA,DATASET,S3,CPU_MATMUL,_RUN_1,36,1150852,454406,1605258,48644173,71.692650,VERTIFIED,DATA
DATA,DATASET,S3,CPU_MATMUL,_RUN_1,37,1274488,360452,1634940,49543643,77.953197,VERTIFIED,DATA
DATA,DATASET,S3,CPU_MATMUL,_RUN_1,38,1156430,349320,1505750,45628781,76.800930,VERTIFIED,DATA
DATA,DATASET,S3,CPU_MATMUL,_RUN_1,39,1175452,416806,1592258,48250246,73.822961,VERTIFIED,DATA
DATA,DATASET,S3,CPU_MATMUL,_RUN_1,40,1328074,257861,1585935,48058624,83.740759,VERTIFIED,DATA
DATA,DATASET,S3,CPU_MATMUL,_RUN_1,41,1237108,314095,1551203,47006157,79.751522,VERTIFIED,DATA
DATA,DATASET,S3,CPU_MATMUL,_RUN_1,42,1283692,280246,1563938,47392048,82.080747,VERTIFIED,DATA
DATA,DATASET,S3,CPU_MATMUL,_RUN_1,43,1175552,413216,1588768,48144499,73.991420,VERTIFIED,DATA
DATA,DATASET,S3,CPU_MATMUL,_RUN_1,44,1181325,458759,1640084,49699529,72.028323,VERTIFIED,DATA
DATA,DATASET,S3,CPU_MATMUL,_RUN_1,45,1226788,294996,1521784,46114654,80.615120,VERTIFIED,DATA
DATA,DATASET,S3,CPU_MATMUL,_RUN_1,46,1200502,396265,1596767,48386890,75.183292,VERTIFIED,DATA
DATA,DATASET,S3,CPU_MATMUL,_RUN_1,47,1240075,322241,1562316,47342915,79.374147,VERTIFIED,DATA
DATA,DATASET,S3,CPU_MATMUL,_RUN_1,48,1132489,358306,1490795,45175617,75.965441,VERTIFIED,DATA
DATA,DATASET,S3,CPU_MATMUL,_RUN_1,49,1279202,302454,1581656,47928956,80.877384,VERTIFIED,DATA
DATA,DATASET,S3,CPU_MATMUL,_RUN_1,50,1205364,372638,1578002,47818230,76.385455,VERTIFIED,DATA
DATA,DATASET,S3,CPU_MATMUL,_RUN_1,51,1214232,409355,1623587,49199606,74.786999,VERTIFIED,DATA
DATA,DATASET,S3,CPU_MATMUL,_RUN_1,52,1118999,479119,1598118,48427812,70.019798,VERTIFIED,DATA
DATA,DATASET,S3,CPU_MATMUL,_RUN_1,53,1280154,321704,1601858,48541139,79.916822,VERTIFIED,DATA
DATA,DATASET,S3,CPU_MATMUL,_RUN_1,54,1141212,447775,1588987,48151129,71.820097,VERTIFIED,DATA
DATA,DATASET,S3,CPU_MATMUL,_RUN_1,55,1164415,385635,1550050,46971221,75.121125,VERTIFIED,DATA
DATA,DATASET,S3,CPU_MATMUL,_RUN_1,56,1148006,363223,1511229,45794804,75.965059,VERTIFIED,DATA
DATA,DATASET,S3,CPU_MATMUL,_RUN_1,57,1145291,402126,1547417,46891418,74.013081,VERTIFIED,DATA
DATA,DATASET,S3,CPU_MATMUL,_RUN_1,58,1154095,406153,1560248,47280253,73.968690,VERTIFIED,DATA
DATA,DATASET,S3,CPU_MATMUL,_RUN_1,59,1240866,327267,1568133,47519185,79.130150,VERTIFIED,DATA
DATA,DATASET,S3,CPU_MATMUL,_RUN_1,60,1232805,344054,1576859,47783591,78.181055,VERTIFIED,DATA
DATA,DATASET,S3,CPU_MATMUL,_RUN_1,61,1172982,318405,1491387,45193551,78.650411,VERTIFIED,DATA
DATA,DATASET,S3,CPU_MATMUL,_RUN_1,62,1187504,442797,1630301,49403068,72.839555,VERTIFIED,DATA
DATA,DATASET,S3,CPU_MATMUL,_RUN_1,63,1187265,442362,1629627,49382627,72.855015,VERTIFIED,DATA
DATA,DATASET,S3,CPU_MATMUL,_RUN_1,64,1355668,272700,1628368,49344477,83.253171,VERTIFIED,DATA
DATA,DATASET,S3,CPU_MATMUL,_RUN_1,65,1077089,545553,1622642,49170971,66.378721,VERTIFIED,DATA
DATA,DATASET,S3,CPU_MATMUL,_RUN_1,66,1137958,471543,1609501,48772764,70.702535,VERTIFIED,DATA
DATA,DATASET,S3,CPU_MATMUL,_RUN_1,67,1171848,435716,1607564,48714059,72.895885,VERTIFIED,DATA
DATA,DATASET,S3,CPU_MATMUL,_RUN_1,68,1180876,318392,1499268,45432355,78.763503,VERTIFIED,DATA
DATA,DATASET,S3,CPU_MATMUL,_RUN_1,69,1149726,434372,1584098,48002958,72.579222,VERTIFIED,DATA
DATA,DATASET,S3,CPU_MATMUL,_RUN_1,70,1222611,399503,1622114,49154971,75.371460,VERTIFIED,DATA
DATA,DATASET,S3,CPU_MATMUL,_RUN_1,71,1185993,353678,1539671,46656706,77.028989,VERTIFIED,DATA
DATA,DATASET,S3,CPU_MATMUL,_RUN_1,72,1127458,420839,1548297,46918093,72.819233,VERTIFIED,DATA
DATA,DATASET,S3,CPU_MATMUL,_RUN_1,73,1214420,287223,1501643,45504335,80.872751,VERTIFIED,DATA
DATA,DATASET,S3,CPU_MATMUL,_RUN_1,74,1190849,414101,1604950,48634862,74.198511,VERTIFIED,DATA
DATA,DATASET,S3,CPU_MATMUL,_RUN_1,75,1257957,305115,1563072,47365811,80.479786,VERTIFIED,DATA
DATA,DATASET,S3,CPU_MATMUL,_RUN_1,76,1252969,311464,1564433,47407072,80.090934,VERTIFIED,DATA
DATA,DATASET,S3,CPU_MATMUL,_RUN_1,77,1276357,252529,1528886,46329889,83.482810,VERTIFIED,DATA
DATA,DATASET,S3,CPU_MATMUL,_RUN_1,78,1233595,311566,1545161,46823047,79.836017,VERTIFIED,DATA
DATA,DATASET,S3,CPU_MATMUL,_RUN_1,79,1135396,532816,1668212,50551880,68.060654,VERTIFIED,DATA
DATA,DATASET,S3,CPU_MATMUL,_RUN_1,80,1184327,359707,1544034,46788915,76.703428,VERTIFIED,DATA
DATA,DATASET,S3,CPU_MATMUL,_RUN_1,81,1200748,418793,1619541,49076991,74.141254,VERTIFIED,DATA
DATA,DATASET,S3,CPU_MATMUL,_RUN_1,82,1222674,330015,1552689,47051176,78.745583,VERTIFIED,DATA
DATA,DATASET,S3,CPU_MATMUL,_RUN_1,83,1212284,299681,1511965,45817122,80.179369,VERTIFIED,DATA
DATA,DATASET,S3,CPU_MATMUL,_RUN_1,84,1200222,377215,1577437,47801114,76.086842,VERTIFIED,DATA
DATA,DATASET,S3,CPU_MATMUL,_RUN_1,85,1172899,419465,1592364,48253458,73.657719,VERTIFIED,DATA
DATA,DATASET,S3,CPU_MATMUL,_RUN_1,86,1161858,483575,1645433,49861606,70.611079,VERTIFIED,DATA
DATA,DATASET,S3,CPU_MATMUL,_RUN_1,87,1186051,436283,1622334,49161648,73.107695,VERTIFIED,DATA
DATA,DATASET,S3,CPU_MATMUL,_RUN_1,88,1204611,476036,1680647,50928687,71.675432,VERTIFIED,DATA
DATA,DATASET,S3,CPU_MATMUL,_RUN_1,89,1124046,458528,1582574,47956794,71.026442,VERTIFIED,DATA
DATA,DATASET,S3,CPU_MATMUL,_RUN_1,90,1185889,402043,1587932,48119142,74.681347,VERTIFIED,DATA
DATA,DATASET,S3,CPU_MATMUL,_RUN_1,91,1257008,291233,1548241,46916392,81.189427,VERTIFIED,DATA
DATA,DATASET,S3,CPU_MATMUL,_RUN_1,92,1211757,356470,1568227,47522033,77.269235,VERTIFIED,DATA
DATA,DATASET,S3,CPU_MATMUL,_RUN_1,93,1262772,311375,1574147,47701420,80.219446,VERTIFIED,DATA
DATA,DATASET,S3,CPU_MATMUL,_RUN_1,94,1183087,419246,1602333,48555549,73.835276,VERTIFIED,DATA
DATA,DATASET,S3,CPU_MATMUL,_RUN_1,95,1258289,382747,1641036,49728364,76.676502,VERTIFIED,DATA
DATA,DATASET,S3,CPU_MATMUL,_RUN_1,96,1195183,334141,1529324,46343153,78.151065,VERTIFIED,DATA
DATA,DATASET,S3,CPU_MATMUL,_RUN_1,97,1169914,438405,1608319,48736948,72.741415,VERTIFIED,DATA
DATA,DATASET,S3,CPU_MATMUL,_RUN_1,98,1168314,394295,1562609,47351777,74.766880,VERTIFIED,DATA
DATA,DATASET,S3,CPU_MATMUL,_RUN_1,99,1242385,347378,1589763,48174636,78.149070,VERTIFIED,DATA
DATA,DATASET,S3,CPU_MATMUL,_RUN_1,100,1272308,290163,1562471,47347618,81.429223,VERTIFIED,DATA
DATA,DATASET,S3,CPU_MATMUL,_RUN_1,101,1178286,360874,1539160,46641197,76.553835,VERTIFIED,DATA
DATA,DATASET,S3,CPU_MATMUL,_RUN_1,102,1162954,383869,1546823,46873429,75.183392,VERTIFIED,DATA
DATA,DATASET,S3,CPU_MATMUL,_RUN_1,103,1264972,250532,1515504,45924354,83.468734,VERTIFIED,DATA
DATA,DATASET,S3,CPU_MATMUL,_RUN_1,104,1212471,419395,1631866,49450471,74.299667,VERTIFIED,DATA
DATA,DATASET,S3,CPU_MATMUL,_RUN_1,105,1152197,511377,1663574,50411341,69.260339,VERTIFIED,DATA
DATA,DATASET,S3,CPU_MATMUL,_RUN_1,106,1233073,354969,1588042,48122486,77.647380,VERTIFIED,DATA
DATA,DATASET,S3,CPU_MATMUL,_RUN_1,107,1163257,445901,1609158,48762367,72.289794,VERTIFIED,DATA
DATA,DATASET,S3,CPU_MATMUL,_RUN_1,108,1205361,418116,1623477,49196262,74.245647,VERTIFIED,DATA
DATA,DATASET,S3,CPU_MATMUL,_RUN_1,109,1166241,437800,1604041,48607307,72.706433,VERTIFIED,DATA
DATA,DATASET,S3,CPU_MATMUL,_RUN_1,110,1131842,470665,1602507,48560811,70.629457,VERTIFIED,DATA
DATA,DATASET,S3,CPU_MATMUL,_RUN_1,111,1184967,320111,1505078,45608427,78.731268,VERTIFIED,DATA
DATA,DATASET,S3,CPU_MATMUL,_RUN_1,112,1184831,414762,1599593,48472505,74.070779,VERTIFIED,DATA
DATA,DATASET,S3,CPU_MATMUL,_RUN_1,113,1257112,344588,1601700,48536363,78.486109,VERTIFIED,DATA
DATA,DATASET,S3,CPU_MATMUL,_RUN_1,114,1250534,307297,1557831,47206986,80.274048,VERTIFIED,DATA
DATA,DATASET,S3,CPU_MATMUL,_RUN_1,115,1269844,310961,1580805,47903179,80.328946,VERTIFIED,DATA
DATA,DATASET,S3,CPU_MATMUL,_RUN_1,116,1149774,417305,1567079,47487241,73.370519,VERTIFIED,DATA
DATA,DATASET,S3,CPU_MATMUL,_RUN_1,117,1209838,371913,1581751,47931863,76.487260,VERTIFIED,DATA
DATA,DATASET,S3,CPU_MATMUL,_RUN_1,118,1189513,332460,1521973,46120394,78.155986,VERTIFIED,DATA
DATA,DATASET,S3,CPU_MATMUL,_RUN_1,119,1170770,443754,1614524,48924959,72.514871,VERTIFIED,DATA
DATA,DATASET,S3,CPU_MATMUL,_RUN_1,120,1215017,316872,1531889,46420887,79.314950,VERTIFIED,DATA
DATA,DATASET,S3,CPU_MATMUL,_RUN_1,121,1205121,329160,1534281,46493378,78.546303,VERTIFIED,DATA
DATA,DATASET,S3,CPU_MATMUL,_RUN_1,122,1154184,470369,1624553,49228884,71.046251,VERTIFIED,DATA
DATA,DATASET,S3,CPU_MATMUL,_RUN_1,123,1231468,314298,1545766,46841395,79.667168,VERTIFIED,DATA
DATA,DATASET,S3,CPU_MATMUL,_RUN_1,124,1190511,299025,1489536,45137449,79.924956,VERTIFIED,DATA
DATA,DATASET,S3,CPU_MATMUL,_RUN_1,125,1133135,465844,1598979,48453904,70.866159,VERTIFIED,DATA
DATA,DATASET,S3,CPU_MATMUL,_RUN_1,126,1210982,256040,1467022,44455226,82.546956,VERTIFIED,DATA
DATA,DATASET,S3,CPU_MATMUL,_RUN_1,127,1191967,317480,1509447,45740815,78.967132,VERTIFIED,DATA
DATA,DATASET,S3,CPU_MATMUL,_RUN_1,128,1231907,389586,1621493,49136160,75.973624,VERTIFIED,DATA
DATA,DATASET,S3,CPU_MATMUL,_RUN_1,129,1080962,411887,1492849,45237849,72.409333,VERTIFIED,DATA
DATA,DATASET,S3,CPU_MATMUL,_RUN_1,130,1217526,355567,1573093,47669487,77.396950,VERTIFIED,DATA
DATA,DATASET,S3,CPU_MATMUL,_RUN_1,131,1169377,408425,1577802,47812182,74.114306,VERTIFIED,DATA
DATA,DATASET,S3,CPU_MATMUL,_RUN_1,132,1168548,422936,1591484,48226783,73.425055,VERTIFIED,DATA
DATA,DATASET,S3,CPU_MATMUL,_RUN_1,133,1175118,400178,1575296,47736233,74.596647,VERTIFIED,DATA
DATA,DATASET,S3,CPU_MATMUL,_RUN_1,134,1318366,358200,1676566,50805039,78.634900,VERTIFIED,DATA
DATA,DATASET,S3,CPU_MATMUL,_RUN_1,135,1226221,295901,1522122,46124917,80.559968,VERTIFIED,DATA
DATA,DATASET,S3,CPU_MATMUL,_RUN_1,136,1190399,362542,1552941,47058822,76.654490,VERTIFIED,DATA
DATA,DATASET,S3,CPU_MATMUL,_RUN_1,137,1187006,365554,1552560,47047281,76.454759,VERTIFIED,DATA
DATA,DATASET,S3,CPU_MATMUL,_RUN_1,138,1203685,302075,1505760,45629093,79.938702,VERTIFIED,DATA
DATA,DATASET,S3,CPU_MATMUL,_RUN_1,139,1152454,398364,1550818,46994493,74.312653,VERTIFIED,DATA
DATA,DATASET,S3,CPU_MATMUL,_RUN_1,140,1211241,346003,1557244,47189217,77.781067,VERTIFIED,DATA
DATA,DATASET,S3,CPU_MATMUL,_RUN_1,141,1197008,386004,1583012,47970052,75.615851,VERTIFIED,DATA
DATA,DATASET,S3,CPU_MATMUL,_RUN_1,142,1269807,238080,1507887,45693541,84.211018,VERTIFIED,DATA
DATA,DATASET,S3,CPU_MATMUL,_RUN_1,143,1119278,423912,1543190,46763321,72.530149,VERTIFIED,DATA
DATA,DATASET,S3,CPU_MATMUL,_RUN_1,144,1246473,382393,1628866,49359582,76.523974,VERTIFIED,DATA
DATA,DATASET,S3,CPU_MATMUL,_RUN_1,145,1151213,406534,1557747,47204448,73.902437,VERTIFIED,DATA
DATA,DATASET,S3,CPU_MATMUL,_RUN_1,146,1199387,343495,1542882,46754015,77.736794,VERTIFIED,DATA
DATA,DATASET,S3,CPU_MATMUL,_RUN_1,147,1154589,396826,1551415,47012564,74.421673,VERTIFIED,DATA
DATA,DATASET,S3,CPU_MATMUL,_RUN_1,148,1187607,297237,1484844,44995274,79.981937,VERTIFIED,DATA
DATA,DATASET,S3,CPU_MATMUL,_RUN_1,149,1218010,357576,1575586,47745037,77.305206,VERTIFIED,DATA
DATA,DATASET,S3,CPU_MATMUL,_RUN_1,150,1286167,331146,1617313,49009484,79.524928,VERTIFIED,DATA
DATA,DATASET,S3,CPU_MATMUL,_RUN_1,151,1172131,365606,1537737,46598082,76.224413,VERTIFIED,DATA
DATA,DATASET,S3,CPU_MATMUL,_RUN_1,152,1182285,431722,1614007,48909299,73.251541,VERTIFIED,DATA
DATA,DATASET,S3,CPU_MATMUL,_RUN_1,153,1167708,482379,1650087,50002639,70.766450,VERTIFIED,DATA
DATA,DATASET,S3,CPU_MATMUL,_RUN_1,154,1192646,377403,1570049,47577254,75.962343,VERTIFIED,DATA
DATA,DATASET,S3,CPU_MATMUL,_RUN_1,155,1207014,460241,1667255,50522881,72.395284,VERTIFIED,DATA
DATA,DATASET,S3,CPU_MATMUL,_RUN_1,156,1220618,394586,1615204,48945564,75.570516,VERTIFIED,DATA
DATA,DATASET,S3,CPU_MATMUL,_RUN_1,157,1279109,280001,1559110,47245745,82.040972,VERTIFIED,DATA
DATA,DATASET,S3,CPU_MATMUL,_RUN_1,158,1093561,387658,1481219,44885419,73.828448,VERTIFIED,DATA
DATA,DATASET,S3,CPU_MATMUL,_RUN_1,159,1210558,356184,1566742,47477025,77.265944,VERTIFIED,DATA
DATA,DATASET,S3,CPU_MATMUL,_RUN_1,160,1289478,223880,1513358,45859330,85.206409,VERTIFIED,DATA
DATA,DATASET,S3,CPU_MATMUL,_RUN_1,161,1193451,451080,1644531,49834277,72.570903,VERTIFIED,DATA
DATA,DATASET,S3,CPU_MATMUL,_RUN_1,162,1236014,305467,1541481,46711544,80.183538,VERTIFIED,DATA
DATA,DATASET,S3,CPU_MATMUL,_RUN_1,163,1233201,349429,1582630,47958490,77.920992,VERTIFIED,DATA
DATA,DATASET,S3,CPU_MATMUL,_RUN_1,164,1240969,261778,1502747,45537777,82.580035,VERTIFIED,DATA
DATA,DATASET,S3,CPU_MATMUL,_RUN_1,165,1312028,278088,1590116,48185346,82.511465,VERTIFIED,DATA
DATA,DATASET,S3,CPU_MATMUL,_RUN_1,166,1234541,364889,1599430,48467570,77.186310,VERTIFIED,DATA
DATA,DATASET,S3,CPU_MATMUL,_RUN_1,167,1137085,387589,1524674,46202245,74.578894,VERTIFIED,DATA
DATA,DATASET,S3,CPU_MATMUL,_RUN_1,168,1234913,285443,1520356,46071388,81.225253,VERTIFIED,DATA
DATA,DATASET,S3,CPU_MATMUL,_RUN_1,169,1154974,474524,1629498,49378721,70.879130,VERTIFIED,DATA
DATA,DATASET,S3,CPU_MATMUL,_RUN_1,170,1180995,339063,1520058,46062374,77.694075,VERTIFIED,DATA
DATA,DATASET,S3,CPU_MATMUL,_RUN_1,171,1256261,304117,1560378,47284174,80.510043,VERTIFIED,DATA
DATA,DATASET,S3,CPU_MATMUL,_RUN_1,172,1211573,354089,1565662,47444293,77.384071,VERTIFIED,DATA
DATA,DATASET,S3,CPU_MATMUL,_RUN_1,173,1259126,288662,1547788,46902652,81.350030,VERTIFIED,DATA
DATA,DATASET,S3,CPU_MATMUL,_RUN_1,174,1217412,313455,1530867,46389916,79.524348,VERTIFIED,DATA
DATA,DATASET,S3,CPU_MATMUL,_RUN_1,175,1202140,352538,1554678,47111447,77.324050,VERTIFIED,DATA
DATA,DATASET,S3,CPU_MATMUL,_RUN_1,176,1112432,429048,1541480,46711505,72.166489,VERTIFIED,DATA
DATA,DATASET,S3,CPU_MATMUL,_RUN_1,177,1224477,336555,1561032,47303991,78.440224,VERTIFIED,DATA
DATA,DATASET,S3,CPU_MATMUL,_RUN_1,178,1255224,388831,1644055,49819835,76.349271,VERTIFIED,DATA
DATA,DATASET,S3,CPU_MATMUL,_RUN_1,179,1216081,383907,1599988,48484471,76.005633,VERTIFIED,DATA
DATA,DATASET,S3,CPU_MATMUL,_RUN_1,180,1210395,360799,1571194,47611927,77.036636,VERTIFIED,DATA
DATA,DATASET,S3,CPU_MATMUL,_RUN_1,181,1214454,300081,1514535,45895008,80.186592,VERTIFIED,DATA
DATA,DATASET,S3,CPU_MATMUL,_RUN_1,182,1161248,476109,1637357,49616869,70.922102,VERTIFIED,DATA
DATA,DATASET,S3,CPU_MATMUL,_RUN_1,183,1234737,373861,1608598,48745384,76.758581,VERTIFIED,DATA
DATA,DATASET,S3,CPU_MATMUL,_RUN_1,184,1092478,486356,1578834,47843466,69.195242,VERTIFIED,DATA
DATA,DATASET,S3,CPU_MATMUL,_RUN_1,185,1196505,306000,1502505,45530469,79.634011,VERTIFIED,DATA
DATA,DATASET,S3,CPU_MATMUL,_RUN_1,186,1226185,382357,1608542,48743712,76.229592,VERTIFIED,DATA
DATA,DATASET,S3,CPU_MATMUL,_RUN_1,187,1155529,435731,1591260,48220000,72.617234,VERTIFIED,DATA
DATA,DATASET,S3,CPU_MATMUL,_RUN_1,188,1299897,240470,1540367,46677795,84.388785,VERTIFIED,DATA
DATA,DATASET,S3,CPU_MATMUL,_RUN_1,189,1210539,392521,1603060,48577579,75.514266,VERTIFIED,DATA
DATA,DATASET,S3,CPU_MATMUL,_RUN_1,190,1182982,377558,1560540,47289081,75.805939,VERTIFIED,DATA
DATA,DATASET,S3,CPU_MATMUL,_RUN_1,191,1173481,431929,1605410,48648796,73.095409,VERTIFIED,DATA
DATA,DATASET,S3,CPU_MATMUL,_RUN_1,192,1205751,423112,1628863,49359486,74.024089,VERTIFIED,DATA
DATA,DATASET,S3,CPU_MATMUL,_RUN_1,193,1202987,356301,1559288,47251162,77.149763,VERTIFIED,DATA
DATA,DATASET,S3,CPU_MATMUL,_RUN_1,194,1301411,311593,1613004,48878907,80.682441,VERTIFIED,DATA
DATA,DATASET,S3,CPU_MATMUL,_RUN_1,195,1197782,339877,1537659,46595713,77.896465,VERTIFIED,DATA
DATA,DATASET,S3,CPU_MATMUL,_RUN_1,196,1168187,413817,1582004,47939504,73.842228,VERTIFIED,DATA
DATA,DATASET,S3,CPU_MATMUL,_RUN_1,197,1244179,326554,1570733,47597958,79.210089,VERTIFIED,DATA
DATA,DATASET,S3,CPU_MATMUL,_RUN_1,198,1187809,390298,1578107,47821413,75.267963,VERTIFIED,DATA
DATA,DATASET,S3,CPU_MATMUL,_RUN_1,199,1184928,370231,1555159,47126044,76.193367,VERTIFIED,DATA
DATA,DATASET,S3,CPU_MATMUL,_RUN_1,200,1213747,354480,1568227,47522032,77.396130,VERTIFIED,DATA
DATA,DATASET,S3,CPU_MATMUL,_RUN_1,201,1264613,230260,1494873,45299174,84.596685,VERTIFIED,DATA
DATA,DATASET,S3,CPU_MATMUL,_RUN_1,202,1151681,406795,1558476,47226533,73.897898,VERTIFIED,DATA
DATA,DATASET,S3,CPU_MATMUL,_RUN_1,203,1283588,233323,1516911,45966988,84.618544,VERTIFIED,DATA
DATA,DATASET,S3,CPU_MATMUL,_RUN_1,204,1242543,437297,1679840,50904242,73.967937,VERTIFIED,DATA
DATA,DATASET,S3,CPU_MATMUL,_RUN_1,205,1181963,432601,1614564,48926192,73.206327,VERTIFIED,DATA
DATA,DATASET,S3,CPU_MATMUL,_RUN_1,206,1157710,425766,1583476,47984131,73.111939,VERTIFIED,DATA
DATA,DATASET,S3,CPU_MATMUL,_RUN_1,207,1202759,437896,1640655,49716828,73.309684,VERTIFIED,DATA
DATA,DATASET,S3,CPU_MATMUL,_RUN_1,208,1241633,305892,1547525,46894690,80.233470,VERTIFIED,DATA
DATA,DATASET,S3,CPU_MATMUL,_RUN_1,209,1196742,370239,1566981,47484273,76.372464,VERTIFIED,DATA
DATA,DATASET,S3,CPU_MATMUL,_RUN_1,210,1219656,340771,1560427,47285675,78.161683,VERTIFIED,DATA
DATA,DATASET,S3,CPU_MATMUL,_RUN_1,211,1179265,440452,1619717,49082328,72.806855,VERTIFIED,DATA
DATA,DATASET,S3,CPU_MATMUL,_RUN_1,212,1164321,388363,1552684,47051032,74.987634,VERTIFIED,DATA
DATA,DATASET,S3,CPU_MATMUL,_RUN_1,213,1156564,433205,1589769,48174820,72.750444,VERTIFIED,DATA
DATA,DATASET,S3,CPU_MATMUL,_RUN_1,214,1118037,427297,1545334,46828290,72.349214,VERTIFIED,DATA
DATA,DATASET,S3,CPU_MATMUL,_RUN_1,215,1234840,317637,1552477,47044751,79.539987,VERTIFIED,DATA
DATA,DATASET,S3,CPU_MATMUL,_RUN_1,216,1145679,389562,1535241,46522440,74.625352,VERTIFIED,DATA
DATA,DATASET,S3,CPU_MATMUL,_RUN_1,217,1242446,284340,1526786,46266242,81.376565,VERTIFIED,DATA
DATA,DATASET,S3,CPU_MATMUL,_RUN_1,218,1155259,385899,1541158,46701755,74.960452,VERTIFIED,DATA
DATA,DATASET,S3,CPU_MATMUL,_RUN_1,219,1188174,388430,1576604,47775884,75.362869,VERTIFIED,DATA
DATA,DATASET,S3,CPU_MATMUL,_RUN_1,220,1275014,367482,1642496,49772592,77.626612,VERTIFIED,DATA
DATA,DATASET,S3,CPU_MATMUL,_RUN_1,221,1268952,250201,1519153,46034949,83.530230,VERTIFIED,DATA
DATA,DATASET,S3,CPU_MATMUL,_RUN_1,222,1184234,390423,1574657,47716889,75.205838,VERTIFIED,DATA
DATA,DATASET,S3,CPU_MATMUL,_RUN_1,223,1323939,264157,1588096,48124126,83.366434,VERTIFIED,DATA
DATA,DATASET,S3,CPU_MATMUL,_RUN_1,224,1256902,297986,1554888,47117805,80.835533,VERTIFIED,DATA
DATA,DATASET,S3,CPU_MATMUL,_RUN_1,225,1164480,473064,1637544,49622544,71.111372,VERTIFIED,DATA
DATA,DATASET,S3,CPU_MATMUL,_RUN_1,226,1256575,370375,1626950,49301507,77.235010,VERTIFIED,DATA
DATA,DATASET,S3,CPU_MATMUL,_RUN_1,227,1238155,361331,1599486,48469287,77.409555,VERTIFIED,DATA
DATA,DATASET,S3,CPU_MATMUL,_RUN_1,228,1185251,364975,1550226,46976534,76.456659,VERTIFIED,DATA
DATA,DATASET,S3,CPU_MATMUL,_RUN_1,229,1076908,464001,1540909,46694220,69.887839,VERTIFIED,DATA
DATA,DATASET,S3,CPU_MATMUL,_RUN_1,230,1139416,499435,1638851,49662155,69.525295,VERTIFIED,DATA
DATA,DATASET,S3,CPU_MATMUL,_RUN_1,231,1220785,302027,1522812,46145817,80.166495,VERTIFIED,DATA
DATA,DATASET,S3,CPU_MATMUL,_RUN_1,232,1336197,248093,1584290,48008799,84.340430,VERTIFIED,DATA
DATA,DATASET,S3,CPU_MATMUL,_RUN_1,233,1322908,340210,1663118,50397502,79.543845,VERTIFIED,DATA
DATA,DATASET,S3,CPU_MATMUL,_RUN_1,234,1222710,351434,1574144,47701334,77.674596,VERTIFIED,DATA
DATA,DATASET,S3,CPU_MATMUL,_RUN_1,235,1294683,312783,1607466,48711099,80.541859,VERTIFIED,DATA
DATA,DATASET,S3,CPU_MATMUL,_RUN_1,236,1136615,454031,1590646,48201397,71.456188,VERTIFIED,DATA
DATA,DATASET,S3,CPU_MATMUL,_RUN_1,237,1289555,254582,1544137,46792032,83.512991,VERTIFIED,DATA
DATA,DATASET,S3,CPU_MATMUL,_RUN_1,238,1255462,253803,1509265,45735308,83.183669,VERTIFIED,DATA
DATA,DATASET,S3,CPU_MATMUL,_RUN_1,239,1177800,438079,1615879,48966037,72.889121,VERTIFIED,DATA
DATA,DATASET,S3,CPU_MATMUL,_RUN_1,240,1166474,362900,1529374,46344674,76.271337,VERTIFIED,DATA
DATA,DATASET,S3,CPU_MATMUL,_RUN_1,241,1266215,222752,1488967,45120219,85.039830,VERTIFIED,DATA
DATA,DATASET,S3,CPU_MATMUL,_RUN_1,242,1261123,241170,1502293,45524039,83.946540,VERTIFIED,DATA
DATA,DATASET,S3,CPU_MATMUL,_RUN_1,243,1062771,518375,1581146,47913524,67.215235,VERTIFIED,DATA
DATA,DATASET,S3,CPU_MATMUL,_RUN_1,244,1303283,294805,1598088,48426922,81.552643,VERTIFIED,DATA
DATA,DATASET,S3,CPU_MATMUL,_RUN_1,245,1187176,376967,1564143,47398259,75.899454,VERTIFIED,DATA
DATA,DATASET,S3,CPU_MATMUL,_RUN_1,246,1241720,346304,1588024,48121925,78.192773,VERTIFIED,DATA
DATA,DATASET,S3,CPU_MATMUL,_RUN_1,247,1115702,400711,1516413,45951904,73.575075,VERTIFIED,DATA
DATA,DATASET,S3,CPU_MATMUL,_RUN_1,248,1193378,453911,1647289,49917839,72.444969,VERTIFIED,DATA
DATA,DATASET,S3,CPU_MATMUL,_RUN_1,249,1184203,326988,1511191,45793662,78.362232,VERTIFIED,DATA
DATA,DATASET,S3,CPU_MATMUL,_RUN_1,250,1133883,478589,1612472,48862773,70.319547,VERTIFIED,DATA
DATA,DATASET,S3,CPU_MATMUL,_RUN_1,251,1191012,419812,1610824,48812835,73.938059,VERTIFIED,DATA
DATA,DATASET,S3,CPU_MATMUL,_RUN_1,252,1193421,347933,1541354,46707697,77.426795,VERTIFIED,DATA
DATA,DATASET,S3,CPU_MATMUL,_RUN_1,253,1103292,576995,1680287,50917778,65.660926,VERTIFIED,DATA
DATA,DATASET,S3,CPU_MATMUL,_RUN_1,254,1169143,322075,1491218,45188434,78.401884,VERTIFIED,DATA
DATA,DATASET,S3,CPU_MATMUL,_RUN_1,255,1225892,370915,1596807,48388088,76.771457,VERTIFIED,DATA
DATA,DATASET,S3,CPU_MATMUL,_RUN_1,256,1146507,445721,1592228,48249323,72.006459,VERTIFIED,DATA
DATA,DATASET,S3,CPU_MATMUL,_RUN_1,257,1204949,397232,1602181,48550951,75.206796,VERTIFIED,DATA
DATA,DATASET,S3,CPU_MATMUL,_RUN_1,258,1228342,369469,1597811,48418506,76.876552,VERTIFIED,DATA
DATA,DATASET,S3,CPU_MATMUL,_RUN_1,259,1215617,293951,1509568,45744476,80.527475,VERTIFIED,DATA
DATA,DATASET,S3,CPU_MATMUL,_RUN_1,260,1210423,310131,1520554,46077391,79.604079,VERTIFIED,DATA
DATA,DATASET,S3,CPU_MATMUL,_RUN_1,261,1329649,223025,1552674,47050721,85.636070,VERTIFIED,DATA
DATA,DATASET,S3,CPU_MATMUL,_RUN_1,262,1284374,201470,1485844,45025589,86.440703,VERTIFIED,DATA
DATA,DATASET,S3,CPU_MATMUL,_RUN_1,263,1155113,506480,1661593,50351312,69.518408,VERTIFIED,DATA
DATA,DATASET,S3,CPU_MATMUL,_RUN_1,264,1294743,313125,1607868,48723258,80.525454,VERTIFIED,DATA
DATA,DATASET,S3,CPU_MATMUL,_RUN_1,265,1245105,345730,1590835,48207124,78.267388,VERTIFIED,DATA
DATA,DATASET,S3,CPU_MATMUL,_RUN_1,266,1247617,343011,1590628,48200852,78.435498,VERTIFIED,DATA
DATA,DATASET,S3,CPU_MATMUL,_RUN_1,267,1140409,467363,1607772,48720369,70.931015,VERTIFIED,DATA
DATA,DATASET,S3,CPU_MATMUL,_RUN_1,268,1248484,337574,1586058,48062355,78.716163,VERTIFIED,DATA
DATA,DATASET,S3,CPU_MATMUL,_RUN_1,269,1264664,327478,1592142,48246739,79.431608,VERTIFIED,DATA
DATA,DATASET,S3,CPU_MATMUL,_RUN_1,270,1168190,440919,1609109,48760888,72.598562,VERTIFIED,DATA
DATA,DATASET,S3,CPU_MATMUL,_RUN_1,271,1298117,234038,1532155,46428925,84.724914,VERTIFIED,DATA
DATA,DATASET,S3,CPU_MATMUL,_RUN_1,272,1144694,443356,1588050,48122719,72.081735,VERTIFIED,DATA
DATA,DATASET,S3,CPU_MATMUL,_RUN_1,273,1286278,349084,1635362,49556416,78.654023,VERTIFIED,DATA
DATA,DATASET,S3,CPU_MATMUL,_RUN_1,274,1184050,327422,1511472,45802173,78.337541,VERTIFIED,DATA
DATA,DATASET,S3,CPU_MATMUL,_RUN_1,275,1190483,398523,1589006,48151708,74.919981,VERTIFIED,DATA
DATA,DATASET,S3,CPU_MATMUL,_RUN_1,276,1185211,392450,1577661,47807920,75.124567,VERTIFIED,DATA
DATA,DATASET,S3,CPU_MATMUL,_RUN_1,277,1173363,377172,1550535,46985919,75.674719,VERTIFIED,DATA
DATA,DATASET,S3,CPU_MATMUL,_RUN_1,278,1110694,429630,1540324,46676485,72.107816,VERTIFIED,DATA
DATA,DATASET,S3,CPU_MATMUL,_RUN_1,279,1209895,373513,1583408,47982069,76.410818,VERTIFIED,DATA
DATA,DATASET,S3,CPU_MATMUL,_RUN_1,280,1193582,325923,1519505,46045601,78.550712,VERTIFIED,DATA
DATA,DATASET,S3,CPU_MATMUL,_RUN_1,281,1249320,262776,1512096,45821089,82.621738,VERTIFIED,DATA
DATA,DATASET,S3,CPU_MATMUL,_RUN_1,282,1089203,536332,1625535,49258630,67.005817,VERTIFIED,DATA
DATA,DATASET,S3,CPU_MATMUL,_RUN_1,283,1108346,495911,1604257,48613853,69.087808,VERTIFIED,DATA
DATA,DATASET,S3,CPU_MATMUL,_RUN_1,284,1233970,375282,1609252,48765199,76.679724,VERTIFIED,DATA
DATA,DATASET,S3,CPU_MATMUL,_RUN_1,285,1253673,291537,1545210,46824532,81.132856,VERTIFIED,DATA
DATA,DATASET,S3,CPU_MATMUL,_RUN_1,286,1165794,453898,1619692,49081568,71.976277,VERTIFIED,DATA
DATA,DATASET,S3,CPU_MATMUL,_RUN_1,287,1234880,378862,1613742,48901273,76.522765,VERTIFIED,DATA
DATA,DATASET,S3,CPU_MATMUL,_RUN_1,288,1243931,327350,1571281,47614562,79.166680,VERTIFIED,DATA
DATA,DATASET,S3,CPU_MATMUL,_RUN_1,289,1237832,347712,1585544,48046781,78.069861,VERTIFIED,DATA
DATA,DATASET,S3,CPU_MATMUL,_RUN_1,290,1193385,353278,1546663,46868585,77.158696,VERTIFIED,DATA
DATA,DATASET,S3,CPU_MATMUL,_RUN_1,291,1266877,285192,1552069,47032396,81.625044,VERTIFIED,DATA
DATA,DATASET,S3,CPU_MATMUL,_RUN_1,292,1285064,353446,1638510,49651806,78.428816,VERTIFIED,DATA
DATA,DATASET,S3,CPU_MATMUL,_RUN_1,293,1260437,313228,1573665,47686833,80.095637,VERTIFIED,DATA
DATA,DATASET,S3,CPU_MATMUL,_RUN_1,294,1320022,163055,1483077,44941734,89.005628,VERTIFIED,DATA
DATA,DATASET,S3,CPU_MATMUL,_RUN_1,295,1026292,469704,1495996,45333224,68.602590,VERTIFIED,DATA
DATA,DATASET,S3,CPU_MATMUL,_RUN_1,296,1208771,354462,1563233,47370699,77.325069,VERTIFIED,DATA
DATA,DATASET,S3,CPU_MATMUL,_RUN_1,297,1286434,372824,1659258,50280547,77.530679,VERTIFIED,DATA
DATA,DATASET,S3,CPU_MATMUL,_RUN_1,298,1261352,359397,1620749,49113619,77.825252,VERTIFIED,DATA
DATA,DATASET,S3,CPU_MATMUL,_RUN_1,299,1118699,423831,1542530,46743339,72.523646,VERTIFIED,DATA
DATA,DATASET,S3,CPU_MATMUL,_RUN_1,300,1167168,402603,1569771,47568825,74.352756,VERTIFIED,DATA
DATA,DATASET,S3,SCENE_CONTROLLER,_RUN_1,1,2702,1142698,1145400,34709102,0.235900,VERTIFIED,DATA
DATA,DATASET,S3,SCENE_CONTROLLER,_RUN_1,2,2563,1160070,1162633,35231309,0.220448,VERTIFIED,DATA
DATA,DATASET,S3,SCENE_CONTROLLER,_RUN_1,3,2591,1155799,1158390,35102718,0.223673,VERTIFIED,DATA
DATA,DATASET,S3,SCENE_CONTROLLER,_RUN_1,4,2716,1173152,1175868,35632371,0.230978,VERTIFIED,DATA
DATA,DATASET,S3,SCENE_CONTROLLER,_RUN_1,5,2609,1160495,1163104,35245590,0.224314,VERTIFIED,DATA
DATA,DATASET,S3,SCENE_CONTROLLER,_RUN_1,6,2545,1139295,1141840,34601227,0.222886,VERTIFIED,DATA
DATA,DATASET,S3,SCENE_CONTROLLER,_RUN_1,7,2655,1138709,1141364,34586783,0.232616,VERTIFIED,DATA
DATA,DATASET,S3,SCENE_CONTROLLER,_RUN_1,8,2614,1165387,1168001,35393956,0.223801,VERTIFIED,DATA
DATA,DATASET,S3,SCENE_CONTROLLER,_RUN_1,9,2653,1103843,1106496,33530193,0.239766,VERTIFIED,DATA
DATA,DATASET,S3,SCENE_CONTROLLER,_RUN_1,10,2614,1150922,1153536,34955641,0.226608,VERTIFIED,DATA
DATA,DATASET,S3,SCENE_CONTROLLER,_RUN_1,11,2652,1116435,1119087,33911729,0.236979,VERTIFIED,DATA
DATA,DATASET,S3,SCENE_CONTROLLER,_RUN_1,12,2625,1198061,1200686,36384427,0.218625,VERTIFIED,DATA
DATA,DATASET,S3,SCENE_CONTROLLER,_RUN_1,13,2518,1136930,1139448,34528720,0.220984,VERTIFIED,DATA
DATA,DATASET,S3,SCENE_CONTROLLER,_RUN_1,14,2605,1137940,1140545,34561962,0.228400,VERTIFIED,DATA
DATA,DATASET,S3,SCENE_CONTROLLER,_RUN_1,15,2569,1165107,1167676,35384122,0.220010,VERTIFIED,DATA
DATA,DATASET,S3,SCENE_CONTROLLER,_RUN_1,16,2609,1170636,1173245,35552869,0.222375,VERTIFIED,DATA
DATA,DATASET,S3,SCENE_CONTROLLER,_RUN_1,17,2678,1135543,1138221,34491536,0.235279,VERTIFIED,DATA
DATA,DATASET,S3,SCENE_CONTROLLER,_RUN_1,18,2549,1133237,1135786,34417753,0.224426,VERTIFIED,DATA
DATA,DATASET,S3,SCENE_CONTROLLER,_RUN_1,19,2750,1160081,1162831,35237313,0.236492,VERTIFIED,DATA
DATA,DATASET,S3,SCENE_CONTROLLER,_RUN_1,20,2647,1179511,1182158,35822974,0.223913,VERTIFIED,DATA
DATA,DATASET,S3,SCENE_CONTROLLER,_RUN_1,21,2583,1152542,1155125,35003788,0.223612,VERTIFIED,DATA
DATA,DATASET,S3,SCENE_CONTROLLER,_RUN_1,22,2536,1130406,1132942,34331571,0.223842,VERTIFIED,DATA
DATA,DATASET,S3,SCENE_CONTROLLER,_RUN_1,23,2649,1158235,1160884,35178305,0.228188,VERTIFIED,DATA
DATA,DATASET,S3,SCENE_CONTROLLER,_RUN_1,24,2684,1130478,1133162,34338254,0.236859,VERTIFIED,DATA
DATA,DATASET,S3,SCENE_CONTROLLER,_RUN_1,25,2612,1119668,1122280,34008491,0.232740,VERTIFIED,DATA
DATA,DATASET,S3,SCENE_CONTROLLER,_RUN_1,26,2564,1117727,1120291,33948198,0.228869,VERTIFIED,DATA
DATA,DATASET,S3,SCENE_CONTROLLER,_RUN_1,27,2642,1150193,1152835,34934402,0.229174,VERTIFIED,DATA
DATA,DATASET,S3,SCENE_CONTROLLER,_RUN_1,28,2800,1158143,1160943,35180098,0.241183,VERTIFIED,DATA
DATA,DATASET,S3,SCENE_CONTROLLER,_RUN_1,29,2669,1139822,1142491,34620931,0.233612,VERTIFIED,DATA
DATA,DATASET,S3,SCENE_CONTROLLER,_RUN_1,30,2610,1171887,1174497,35590833,0.222223,VERTIFIED,DATA
DATA,DATASET,S3,SCENE_CONTROLLER,_RUN_1,31,2684,1119245,1121929,33997837,0.239231,VERTIFIED,DATA
DATA,DATASET,S3,SCENE_CONTROLLER,_RUN_1,32,2644,1133231,1135875,34420443,0.232772,VERTIFIED,DATA
DATA,DATASET,S3,SCENE_CONTROLLER,_RUN_1,33,2655,1131326,1133981,34363059,0.234131,VERTIFIED,DATA
DATA,DATASET,S3,SCENE_CONTROLLER,_RUN_1,34,2641,1171616,1174257,35583548,0.224908,VERTIFIED,DATA
DATA,DATASET,S3,SCENE_CONTROLLER,_RUN_1,35,2656,1133840,1136496,34439267,0.233701,VERTIFIED,DATA
DATA,DATASET,S3,SCENE_CONTROLLER,_RUN_1,36,2580,1144203,1146783,34751003,0.224977,VERTIFIED,DATA
DATA,DATASET,S3,SCENE_CONTROLLER,_RUN_1,37,2684,1146716,1149400,34830309,0.233513,VERTIFIED,DATA
DATA,DATASET,S3,SCENE_CONTROLLER,_RUN_1,38,2639,1108342,1110981,33666076,0.237538,VERTIFIED,DATA
DATA,DATASET,S3,SCENE_CONTROLLER,_RUN_1,39,2659,1150611,1153270,34947590,0.230562,VERTIFIED,DATA
DATA,DATASET,S3,SCENE_CONTROLLER,_RUN_1,40,2606,1133746,1136352,34434914,0.229330,VERTIFIED,DATA
DATA,DATASET,S3,SCENE_CONTROLLER,_RUN_1,41,2726,1162637,1165363,35314043,0.233919,VERTIFIED,DATA
DATA,DATASET,S3,SCENE_CONTROLLER,_RUN_1,42,2574,1160620,1163194,35248291,0.221287,VERTIFIED,DATA
DATA,DATASET,S3,SCENE_CONTROLLER,_RUN_1,43,2647,1127860,1130507,34257803,0.234143,VERTIFIED,DATA
DATA,DATASET,S3,SCENE_CONTROLLER,_RUN_1,44,2614,1167331,1169945,35452871,0.223429,VERTIFIED,DATA
DATA,DATASET,S3,SCENE_CONTROLLER,_RUN_1,45,2553,1148700,1151253,34886449,0.221758,VERTIFIED,DATA
DATA,DATASET,S3,SCENE_CONTROLLER,_RUN_1,46,2644,1183186,1185830,35934241,0.222966,VERTIFIED,DATA
DATA,DATASET,S3,SCENE_CONTROLLER,_RUN_1,47,2713,1130575,1133288,34342055,0.239392,VERTIFIED,DATA
DATA,DATASET,S3,SCENE_CONTROLLER,_RUN_1,48,2716,1143969,1146685,34748026,0.236857,VERTIFIED,DATA
DATA,DATASET,S3,SCENE_CONTROLLER,_RUN_1,49,2659,1147517,1150176,34853832,0.231182,VERTIFIED,DATA
DATA,DATASET,S3,SCENE_CONTROLLER,_RUN_1,50,2618,1158886,1161504,35197082,0.225397,VERTIFIED,DATA
DATA,DATASET,S3,SCENE_CONTROLLER,_RUN_1,51,2597,1180017,1182614,35836787,0.219598,VERTIFIED,DATA
DATA,DATASET,S3,SCENE_CONTROLLER,_RUN_1,52,2654,1121501,1124155,34065299,0.236088,VERTIFIED,DATA
DATA,DATASET,S3,SCENE_CONTROLLER,_RUN_1,53,2539,1135955,1138494,34499816,0.223014,VERTIFIED,DATA
DATA,DATASET,S3,SCENE_CONTROLLER,_RUN_1,54,2630,1160386,1163016,35242915,0.226136,VERTIFIED,DATA
DATA,DATASET,S3,SCENE_CONTROLLER,_RUN_1,55,2688,1128869,1131557,34289615,0.237549,VERTIFIED,DATA
DATA,DATASET,S3,SCENE_CONTROLLER,_RUN_1,56,2696,1141356,1144052,34668236,0.235654,VERTIFIED,DATA
DATA,DATASET,S3,SCENE_CONTROLLER,_RUN_1,57,2689,1130948,1133637,34352641,0.237201,VERTIFIED,DATA
DATA,DATASET,S3,SCENE_CONTROLLER,_RUN_1,58,2611,1131241,1133852,34359145,0.230277,VERTIFIED,DATA
DATA,DATASET,S3,SCENE_CONTROLLER,_RUN_1,59,2698,1171618,1174316,35585331,0.229751,VERTIFIED,DATA
DATA,DATASET,S3,SCENE_CONTROLLER,_RUN_1,60,2609,1116155,1118764,33901942,0.233204,VERTIFIED,DATA
DATA,DATASET,S3,SCENE_CONTROLLER,_RUN_1,61,2706,1139017,1141723,34597667,0.237010,VERTIFIED,DATA
DATA,DATASET,S3,SCENE_CONTROLLER,_RUN_1,62,2620,1128982,1131602,34290977,0.231530,VERTIFIED,DATA
DATA,DATASET,S3,SCENE_CONTROLLER,_RUN_1,63,2660,1143558,1146218,34733865,0.232068,VERTIFIED,DATA
DATA,DATASET,S3,SCENE_CONTROLLER,_RUN_1,64,2612,1135930,1138542,34501285,0.229416,VERTIFIED,DATA
DATA,DATASET,S3,SCENE_CONTROLLER,_RUN_1,65,2631,1108713,1111344,33677103,0.236740,VERTIFIED,DATA
DATA,DATASET,S3,SCENE_CONTROLLER,_RUN_1,66,2645,1144405,1147050,34759090,0.230592,VERTIFIED,DATA
DATA,DATASET,S3,SCENE_CONTROLLER,_RUN_1,67,2610,1157691,1160301,35160648,0.224942,VERTIFIED,DATA
DATA,DATASET,S3,SCENE_CONTROLLER,_RUN_1,68,2581,1105454,1108035,33576815,0.232935,VERTIFIED,DATA
DATA,DATASET,S3,SCENE_CONTROLLER,_RUN_1,69,2636,1168211,1170847,35480216,0.225136,VERTIFIED,DATA
DATA,DATASET,S3,SCENE_CONTROLLER,_RUN_1,70,2689,1148307,1150996,34878675,0.233624,VERTIFIED,DATA
DATA,DATASET,S3,SCENE_CONTROLLER,_RUN_1,71,2685,1134999,1137684,34475273,0.236006,VERTIFIED,DATA
DATA,DATASET,S3,SCENE_CONTROLLER,_RUN_1,72,2680,1146743,1149423,34831000,0.233160,VERTIFIED,DATA
DATA,DATASET,S3,SCENE_CONTROLLER,_RUN_1,73,2578,1170044,1172622,35533985,0.219849,VERTIFIED,DATA
DATA,DATASET,S3,SCENE_CONTROLLER,_RUN_1,74,2686,1137428,1140114,34548896,0.235590,VERTIFIED,DATA
DATA,DATASET,S3,SCENE_CONTROLLER,_RUN_1,75,2604,1169343,1171947,35513534,0.222194,VERTIFIED,DATA
DATA,DATASET,S3,SCENE_CONTROLLER,_RUN_1,76,2569,1153842,1156411,35042770,0.222153,VERTIFIED,DATA
DATA,DATASET,S3,SCENE_CONTROLLER,_RUN_1,77,2701,1127516,1130217,34248985,0.238981,VERTIFIED,DATA
DATA,DATASET,S3,SCENE_CONTROLLER,_RUN_1,78,2594,1144771,1147365,34768632,0.226083,VERTIFIED,DATA
DATA,DATASET,S3,SCENE_CONTROLLER,_RUN_1,79,2612,1143574,1146186,34732908,0.227886,VERTIFIED,DATA
DATA,DATASET,S3,SCENE_CONTROLLER,_RUN_1,80,2598,1129110,1131708,34294177,0.229565,VERTIFIED,DATA
DATA,DATASET,S3,SCENE_CONTROLLER,_RUN_1,81,2535,1148128,1150663,34868568,0.220308,VERTIFIED,DATA
DATA,DATASET,S3,SCENE_CONTROLLER,_RUN_1,82,2726,1154884,1157610,35079081,0.235485,VERTIFIED,DATA
DATA,DATASET,S3,SCENE_CONTROLLER,_RUN_1,83,2590,1175137,1177727,35688703,0.219915,VERTIFIED,DATA
DATA,DATASET,S3,SCENE_CONTROLLER,_RUN_1,84,2628,1131107,1133735,34355597,0.231800,VERTIFIED,DATA
DATA,DATASET,S3,SCENE_CONTROLLER,_RUN_1,85,2733,1092842,1095575,33199240,0.249458,VERTIFIED,DATA
DATA,DATASET,S3,SCENE_CONTROLLER,_RUN_1,86,2654,1149682,1152336,34919280,0.230315,VERTIFIED,DATA
DATA,DATASET,S3,SCENE_CONTROLLER,_RUN_1,87,2641,1126646,1129287,34220814,0.233864,VERTIFIED,DATA
DATA,DATASET,S3,SCENE_CONTROLLER,_RUN_1,88,2601,1137606,1140207,34551734,0.228116,VERTIFIED,DATA
DATA,DATASET,S3,SCENE_CONTROLLER,_RUN_1,89,2677,1156604,1159281,35129725,0.230919,VERTIFIED,DATA
DATA,DATASET,S3,SCENE_CONTROLLER,_RUN_1,90,2619,1129818,1132437,34316264,0.231271,VERTIFIED,DATA
DATA,DATASET,S3,SCENE_CONTROLLER,_RUN_1,91,2658,1127932,1130590,34260314,0.235098,VERTIFIED,DATA
DATA,DATASET,S3,SCENE_CONTROLLER,_RUN_1,92,2788,1129761,1132549,34319652,0.246170,VERTIFIED,DATA
DATA,DATASET,S3,SCENE_CONTROLLER,_RUN_1,93,2585,1170018,1172603,35533414,0.220450,VERTIFIED,DATA
DATA,DATASET,S3,SCENE_CONTROLLER,_RUN_1,94,2710,1129154,1131864,34298896,0.239428,VERTIFIED,DATA
DATA,DATASET,S3,SCENE_CONTROLLER,_RUN_1,95,2708,1147578,1150286,34857159,0.235420,VERTIFIED,DATA
DATA,DATASET,S3,SCENE_CONTROLLER,_RUN_1,96,2682,1150411,1153093,34942197,0.232592,VERTIFIED,DATA
DATA,DATASET,S3,SCENE_CONTROLLER,_RUN_1,97,2674,1119283,1121957,33998704,0.238334,VERTIFIED,DATA
DATA,DATASET,S3,SCENE_CONTROLLER,_RUN_1,98,2671,1166606,1169277,35432633,0.228432,VERTIFIED,DATA
DATA,DATASET,S3,SCENE_CONTROLLER,_RUN_1,99,2647,1113961,1116608,33836609,0.237057,VERTIFIED,DATA
DATA,DATASET,S3,SCENE_CONTROLLER,_RUN_1,100,2560,1159246,1161806,35206245,0.220347,VERTIFIED,DATA
DATA,DATASET,S3,SCENE_CONTROLLER,_RUN_1,101,2735,1144551,1147286,34766257,0.238389,VERTIFIED,DATA
DATA,DATASET,S3,SCENE_CONTROLLER,_RUN_1,102,2614,1150913,1153527,34955372,0.226609,VERTIFIED,DATA
DATA,DATASET,S3,SCENE_CONTROLLER,_RUN_1,103,2649,1155930,1158579,35108469,0.228642,VERTIFIED,DATA
DATA,DATASET,S3,SCENE_CONTROLLER,_RUN_1,104,2603,1108641,1111244,33674070,0.234242,VERTIFIED,DATA
DATA,DATASET,S3,SCENE_CONTROLLER,_RUN_1,105,2761,1177380,1180141,35761863,0.233955,VERTIFIED,DATA
DATA,DATASET,S3,SCENE_CONTROLLER,_RUN_1,106,2694,1114136,1116830,33843327,0.241218,VERTIFIED,DATA
DATA,DATASET,S3,SCENE_CONTROLLER,_RUN_1,107,2608,1146525,1149133,34822222,0.226954,VERTIFIED,DATA
DATA,DATASET,S3,SCENE_CONTROLLER,_RUN_1,108,2667,1146501,1149168,34823268,0.232081,VERTIFIED,DATA
DATA,DATASET,S3,SCENE_CONTROLLER,_RUN_1,109,2559,1148246,1150805,34872870,0.222366,VERTIFIED,DATA
DATA,DATASET,S3,SCENE_CONTROLLER,_RUN_1,110,2652,1176839,1179491,35742151,0.224843,VERTIFIED,DATA
DATA,DATASET,S3,SCENE_CONTROLLER,_RUN_1,111,2698,1116956,1119654,33928900,0.240967,VERTIFIED,DATA
DATA,DATASET,S3,SCENE_CONTROLLER,_RUN_1,112,2740,1159408,1162148,35216598,0.235770,VERTIFIED,DATA
DATA,DATASET,S3,SCENE_CONTROLLER,_RUN_1,113,2567,1157984,1160551,35168219,0.221188,VERTIFIED,DATA
DATA,DATASET,S3,SCENE_CONTROLLER,_RUN_1,114,2637,1115406,1118043,33880102,0.235859,VERTIFIED,DATA
DATA,DATASET,S3,SCENE_CONTROLLER,_RUN_1,115,2573,1160544,1163117,35245955,0.221216,VERTIFIED,DATA
DATA,DATASET,S3,SCENE_CONTROLLER,_RUN_1,116,2710,1128514,1131224,34279501,0.239564,VERTIFIED,DATA
DATA,DATASET,S3,SCENE_CONTROLLER,_RUN_1,117,2575,1176520,1179095,35730142,0.218388,VERTIFIED,DATA
DATA,DATASET,S3,SCENE_CONTROLLER,_RUN_1,118,2582,1138706,1141288,34584493,0.226236,VERTIFIED,DATA
DATA,DATASET,S3,SCENE_CONTROLLER,_RUN_1,119,2587,1153811,1156398,35042354,0.223712,VERTIFIED,DATA
DATA,DATASET,S3,SCENE_CONTROLLER,_RUN_1,120,2733,1125918,1128651,34201554,0.242147,VERTIFIED,DATA
DATA,DATASET,S3,SCENE_CONTROLLER,_RUN_1,121,2592,1152651,1155243,35007375,0.224368,VERTIFIED,DATA
DATA,DATASET,S3,SCENE_CONTROLLER,_RUN_1,122,2721,1174726,1177447,35680218,0.231093,VERTIFIED,DATA
DATA,DATASET,S3,SCENE_CONTROLLER,_RUN_1,123,2636,1167528,1170164,35459513,0.225268,VERTIFIED,DATA
DATA,DATASET,S3,SCENE_CONTROLLER,_RUN_1,124,2641,1149375,1152016,34909566,0.229250,VERTIFIED,DATA
DATA,DATASET,S3,SCENE_CONTROLLER,_RUN_1,125,2637,1143629,1146266,34735345,0.230051,VERTIFIED,DATA
DATA,DATASET,S3,SCENE_CONTROLLER,_RUN_1,126,2669,1172855,1175524,35621930,0.227048,VERTIFIED,DATA
DATA,DATASET,S3,SCENE_CONTROLLER,_RUN_1,127,2609,1155400,1158009,35091186,0.225300,VERTIFIED,DATA
DATA,DATASET,S3,SCENE_CONTROLLER,_RUN_1,128,2491,1138450,1140941,34573976,0.218329,VERTIFIED,DATA
DATA,DATASET,S3,SCENE_CONTROLLER,_RUN_1,129,2594,1140224,1142818,34630849,0.226983,VERTIFIED,DATA
DATA,DATASET,S3,SCENE_CONTROLLER,_RUN_1,130,2625,1131058,1133683,34354027,0.231546,VERTIFIED,DATA
DATA,DATASET,S3,SCENE_CONTROLLER,_RUN_1,131,2601,1160976,1163577,35259902,0.223535,VERTIFIED,DATA
DATA,DATASET,S3,SCENE_CONTROLLER,_RUN_1,132,2560,1135089,1137649,34474203,0.225025,VERTIFIED,DATA
DATA,DATASET,S3,SCENE_CONTROLLER,_RUN_1,133,2678,1127463,1130141,34246694,0.236962,VERTIFIED,DATA
DATA,DATASET,S3,SCENE_CONTROLLER,_RUN_1,134,2693,1140022,1142715,34627724,0.235667,VERTIFIED,DATA
DATA,DATASET,S3,SCENE_CONTROLLER,_RUN_1,135,2675,1116702,1119377,33920519,0.238972,VERTIFIED,DATA
DATA,DATASET,S3,SCENE_CONTROLLER,_RUN_1,136,2664,1081343,1084007,32848686,0.245755,VERTIFIED,DATA
DATA,DATASET,S3,SCENE_CONTROLLER,_RUN_1,137,2655,1106383,1109038,33607213,0.239397,VERTIFIED,DATA
DATA,DATASET,S3,SCENE_CONTROLLER,_RUN_1,138,2614,1164251,1166865,35359560,0.224019,VERTIFIED,DATA
DATA,DATASET,S3,SCENE_CONTROLLER,_RUN_1,139,2661,1139828,1142489,34620868,0.232913,VERTIFIED,DATA
DATA,DATASET,S3,SCENE_CONTROLLER,_RUN_1,140,2666,1156535,1159201,35127291,0.229986,VERTIFIED,DATA
DATA,DATASET,S3,SCENE_CONTROLLER,_RUN_1,141,2791,1130984,1133775,34356805,0.246169,VERTIFIED,DATA
DATA,DATASET,S3,SCENE_CONTROLLER,_RUN_1,142,2543,1133283,1135826,34418974,0.223890,VERTIFIED,DATA
DATA,DATASET,S3,SCENE_CONTROLLER,_RUN_1,143,2623,1127071,1129694,34233146,0.232187,VERTIFIED,DATA
DATA,DATASET,S3,SCENE_CONTROLLER,_RUN_1,144,2625,1129247,1131872,34299162,0.231917,VERTIFIED,DATA
DATA,DATASET,S3,SCENE_CONTROLLER,_RUN_1,145,2665,1154173,1156838,35055707,0.230369,VERTIFIED,DATA
DATA,DATASET,S3,SCENE_CONTROLLER,_RUN_1,146,2620,1149309,1151929,34906933,0.227445,VERTIFIED,DATA
DATA,DATASET,S3,SCENE_CONTROLLER,_RUN_1,147,2654,1179052,1181706,35809267,0.224591,VERTIFIED,DATA
DATA,DATASET,S3,SCENE_CONTROLLER,_RUN_1,148,2680,1187975,1190655,36080466,0.225086,VERTIFIED,DATA
DATA,DATASET,S3,SCENE_CONTROLLER,_RUN_1,149,2664,1132901,1135565,34411050,0.234597,VERTIFIED,DATA
DATA,DATASET,S3,SCENE_CONTROLLER,_RUN_1,150,2725,1163265,1165990,35333016,0.233707,VERTIFIED,DATA
DATA,DATASET,S3,SCENE_CONTROLLER,_RUN_1,151,2602,1135421,1138023,34485540,0.228642,VERTIFIED,DATA
DATA,DATASET,S3,SCENE_CONTROLLER,_RUN_1,152,2645,1182964,1185609,35927531,0.223092,VERTIFIED,DATA
DATA,DATASET,S3,SCENE_CONTROLLER,_RUN_1,153,2678,1109749,1112427,33709919,0.240735,VERTIFIED,DATA
DATA,DATASET,S3,SCENE_CONTROLLER,_RUN_1,154,2676,1156569,1159245,35128622,0.230840,VERTIFIED,DATA
DATA,DATASET,S3,SCENE_CONTROLLER,_RUN_1,155,2654,1148717,1151371,34890018,0.230508,VERTIFIED,DATA
DATA,DATASET,S3,SCENE_CONTROLLER,_RUN_1,156,2661,1147141,1149802,34842488,0.231431,VERTIFIED,DATA
DATA,DATASET,S3,SCENE_CONTROLLER,_RUN_1,157,2540,1141108,1143648,34656005,0.222096,VERTIFIED,DATA
DATA,DATASET,S3,SCENE_CONTROLLER,_RUN_1,158,2736,1151954,1154690,34990609,0.236947,VERTIFIED,DATA
DATA,DATASET,S3,SCENE_CONTROLLER,_RUN_1,159,2688,1189955,1192643,36140683,0.225382,VERTIFIED,DATA
DATA,DATASET,S3,SCENE_CONTROLLER,_RUN_1,160,2728,1115798,1118526,33894720,0.243892,VERTIFIED,DATA
DATA,DATASET,S3,SCENE_CONTROLLER,_RUN_1,161,2658,1126328,1128986,34211683,0.235433,VERTIFIED,DATA
DATA,DATASET,S3,SCENE_CONTROLLER,_RUN_1,162,2752,1142846,1145598,34715089,0.240224,VERTIFIED,DATA
DATA,DATASET,S3,SCENE_CONTROLLER,_RUN_1,163,2550,1133575,1136125,34428029,0.224447,VERTIFIED,DATA
DATA,DATASET,S3,SCENE_CONTROLLER,_RUN_1,164,2648,1136154,1138802,34509166,0.232525,VERTIFIED,DATA
DATA,DATASET,S3,SCENE_CONTROLLER,_RUN_1,165,2643,1158926,1161569,35199060,0.227537,VERTIFIED,DATA
DATA,DATASET,S3,SCENE_CONTROLLER,_RUN_1,166,2560,1151051,1153611,34957923,0.221912,VERTIFIED,DATA
DATA,DATASET,S3,SCENE_CONTROLLER,_RUN_1,167,2641,1149817,1152458,34922957,0.229162,VERTIFIED,DATA
DATA,DATASET,S3,SCENE_CONTROLLER,_RUN_1,168,2669,1171578,1174247,35583235,0.227295,VERTIFIED,DATA
DATA,DATASET,S3,SCENE_CONTROLLER,_RUN_1,169,2516,1162814,1165330,35313045,0.215905,VERTIFIED,DATA
DATA,DATASET,S3,SCENE_CONTROLLER,_RUN_1,170,2694,1079852,1082546,32804417,0.248858,VERTIFIED,DATA
DATA,DATASET,S3,SCENE_CONTROLLER,_RUN_1,171,2657,1157947,1160604,35169814,0.228933,VERTIFIED,DATA
DATA,DATASET,S3,SCENE_CONTROLLER,_RUN_1,172,2682,1134147,1136829,34449365,0.235919,VERTIFIED,DATA
DATA,DATASET,S3,SCENE_CONTROLLER,_RUN_1,173,2644,1141555,1144199,34672700,0.231079,VERTIFIED,DATA
DATA,DATASET,S3,SCENE_CONTROLLER,_RUN_1,174,2617,1146569,1149186,34823813,0.227726,VERTIFIED,DATA
DATA,DATASET,S3,SCENE_CONTROLLER,_RUN_1,175,2651,1125732,1128383,34193419,0.234938,VERTIFIED,DATA
DATA,DATASET,S3,SCENE_CONTROLLER,_RUN_1,176,2679,1147484,1150163,34853435,0.232924,VERTIFIED,DATA
DATA,DATASET,S3,SCENE_CONTROLLER,_RUN_1,177,2615,1150208,1152823,34934028,0.226834,VERTIFIED,DATA
DATA,DATASET,S3,SCENE_CONTROLLER,_RUN_1,178,2677,1147297,1149974,34847711,0.232788,VERTIFIED,DATA
DATA,DATASET,S3,SCENE_CONTROLLER,_RUN_1,179,2667,1152474,1155141,35004258,0.230881,VERTIFIED,DATA
DATA,DATASET,S3,SCENE_CONTROLLER,_RUN_1,180,2574,1139386,1141960,34604856,0.225402,VERTIFIED,DATA
DATA,DATASET,S3,SCENE_CONTROLLER,_RUN_1,181,2656,1142613,1145269,34705107,0.231911,VERTIFIED,DATA
DATA,DATASET,S3,SCENE_CONTROLLER,_RUN_1,182,2548,1163807,1166355,35344099,0.218458,VERTIFIED,DATA
DATA,DATASET,S3,SCENE_CONTROLLER,_RUN_1,183,2662,1182493,1185155,35913803,0.224612,VERTIFIED,DATA
DATA,DATASET,S3,SCENE_CONTROLLER,_RUN_1,184,2631,1118375,1121006,33969872,0.234700,VERTIFIED,DATA
DATA,DATASET,S3,SCENE_CONTROLLER,_RUN_1,185,2622,1142514,1145136,34701088,0.228968,VERTIFIED,DATA
DATA,DATASET,S3,SCENE_CONTROLLER,_RUN_1,186,2691,1117453,1120144,33943747,0.240237,VERTIFIED,DATA
DATA,DATASET,S3,SCENE_CONTROLLER,_RUN_1,187,2641,1161521,1164162,35277629,0.226858,VERTIFIED,DATA
DATA,DATASET,S3,SCENE_CONTROLLER,_RUN_1,188,2621,1149087,1151708,34900240,0.227575,VERTIFIED,DATA
DATA,DATASET,S3,SCENE_CONTROLLER,_RUN_1,189,2607,1145637,1148244,34795286,0.227042,VERTIFIED,DATA
DATA,DATASET,S3,SCENE_CONTROLLER,_RUN_1,190,2724,1148138,1150862,34874621,0.236692,VERTIFIED,DATA
DATA,DATASET,S3,SCENE_CONTROLLER,_RUN_1,191,2598,1139489,1142087,34608692,0.227478,VERTIFIED,DATA
DATA,DATASET,S3,SCENE_CONTROLLER,_RUN_1,192,2647,1121297,1123944,34058895,0.235510,VERTIFIED,DATA
DATA,DATASET,S3,SCENE_CONTROLLER,_RUN_1,193,2675,1134971,1137646,34474132,0.235135,VERTIFIED,DATA
DATA,DATASET,S3,SCENE_CONTROLLER,_RUN_1,194,2682,1126795,1129477,34226578,0.237455,VERTIFIED,DATA
DATA,DATASET,S3,SCENE_CONTROLLER,_RUN_1,195,2686,1162870,1165556,35319876,0.230448,VERTIFIED,DATA
DATA,DATASET,S3,SCENE_CONTROLLER,_RUN_1,196,2675,1179896,1182571,35835499,0.226202,VERTIFIED,DATA
DATA,DATASET,S3,SCENE_CONTROLLER,_RUN_1,197,2668,1126521,1129189,34217845,0.236276,VERTIFIED,DATA
DATA,DATASET,S3,SCENE_CONTROLLER,_RUN_1,198,2702,1127689,1130391,34254272,0.239032,VERTIFIED,DATA
DATA,DATASET,S3,SCENE_CONTROLLER,_RUN_1,199,2613,1149787,1152400,34921210,0.226744,VERTIFIED,DATA
DATA,DATASET,S3,SCENE_CONTROLLER,_RUN_1,200,2774,1129704,1132478,34317500,0.244950,VERTIFIED,DATA
DATA,DATASET,S3,SCENE_CONTROLLER,_RUN_1,201,2659,1150627,1153286,34948061,0.230559,VERTIFIED,DATA
DATA,DATASET,S3,SCENE_CONTROLLER,_RUN_1,202,2595,1168589,1171184,35490425,0.221571,VERTIFIED,DATA
DATA,DATASET,S3,SCENE_CONTROLLER,_RUN_1,203,2619,1148897,1151516,34894426,0.227439,VERTIFIED,DATA
DATA,DATASET,S3,SCENE_CONTROLLER,_RUN_1,204,2698,1124476,1127174,34156784,0.239360,VERTIFIED,DATA
DATA,DATASET,S3,SCENE_CONTROLLER,_RUN_1,205,2684,1136430,1139114,34518600,0.235622,VERTIFIED,DATA
DATA,DATASET,S3,SCENE_CONTROLLER,_RUN_1,206,2667,1120425,1123092,34033103,0.237469,VERTIFIED,DATA
DATA,DATASET,S3,SCENE_CONTROLLER,_RUN_1,207,2663,1123628,1126291,34130025,0.236440,VERTIFIED,DATA
DATA,DATASET,S3,SCENE_CONTROLLER,_RUN_1,208,2619,1144501,1147120,34761213,0.228311,VERTIFIED,DATA
DATA,DATASET,S3,SCENE_CONTROLLER,_RUN_1,209,2602,1146226,1148828,34812972,0.226492,VERTIFIED,DATA
DATA,DATASET,S3,SCENE_CONTROLLER,_RUN_1,210,2601,1155331,1157932,35088840,0.224625,VERTIFIED,DATA
DATA,DATASET,S3,SCENE_CONTROLLER,_RUN_1,211,2623,1131493,1134116,34367158,0.231281,VERTIFIED,DATA
DATA,DATASET,S3,SCENE_CONTROLLER,_RUN_1,212,2658,1130405,1133063,34335251,0.234585,VERTIFIED,DATA
DATA,DATASET,S3,SCENE_CONTROLLER,_RUN_1,213,2582,1137097,1139679,34535716,0.226555,VERTIFIED,DATA
DATA,DATASET,S3,SCENE_CONTROLLER,_RUN_1,214,2644,1149831,1152475,34923490,0.229419,VERTIFIED,DATA
DATA,DATASET,S3,SCENE_CONTROLLER,_RUN_1,215,2770,1162565,1165335,35313183,0.237700,VERTIFIED,DATA
DATA,DATASET,S3,SCENE_CONTROLLER,_RUN_1,216,2687,1169960,1172647,35534761,0.229140,VERTIFIED,DATA
DATA,DATASET,S3,SCENE_CONTROLLER,_RUN_1,217,2636,1175924,1178560,35713942,0.223663,VERTIFIED,DATA
DATA,DATASET,S3,SCENE_CONTROLLER,_RUN_1,218,2676,1157954,1160630,35170594,0.230564,VERTIFIED,DATA
DATA,DATASET,S3,SCENE_CONTROLLER,_RUN_1,219,2639,1132097,1134736,34385932,0.232565,VERTIFIED,DATA
DATA,DATASET,S3,SCENE_CONTROLLER,_RUN_1,220,2615,1149409,1152024,34909816,0.226992,VERTIFIED,DATA
DATA,DATASET,S3,SCENE_CONTROLLER,_RUN_1,221,2567,1139070,1141637,34595054,0.224853,VERTIFIED,DATA
DATA,DATASET,S3,SCENE_CONTROLLER,_RUN_1,222,2664,1154837,1157501,35075797,0.230151,VERTIFIED,DATA
DATA,DATASET,S3,SCENE_CONTROLLER,_RUN_1,223,2541,1148301,1150842,34874012,0.220795,VERTIFIED,DATA
DATA,DATASET,S3,SCENE_CONTROLLER,_RUN_1,224,2688,1166219,1168907,35421426,0.229958,VERTIFIED,DATA
DATA,DATASET,S3,SCENE_CONTROLLER,_RUN_1,225,2761,1133982,1136743,34446754,0.242887,VERTIFIED,DATA
DATA,DATASET,S3,SCENE_CONTROLLER,_RUN_1,226,2640,1144028,1146668,34747509,0.230232,VERTIFIED,DATA
DATA,DATASET,S3,SCENE_CONTROLLER,_RUN_1,227,2737,1163847,1166584,35351044,0.234617,VERTIFIED,DATA
DATA,DATASET,S3,SCENE_CONTROLLER,_RUN_1,228,2695,1148153,1150848,34874189,0.234175,VERTIFIED,DATA
DATA,DATASET,S3,SCENE_CONTROLLER,_RUN_1,229,2724,1181684,1184408,35891138,0.229988,VERTIFIED,DATA
DATA,DATASET,S3,SCENE_CONTROLLER,_RUN_1,230,2627,1137071,1139698,34536300,0.230500,VERTIFIED,DATA
DATA,DATASET,S3,SCENE_CONTROLLER,_RUN_1,231,2589,1129241,1131830,34297882,0.228745,VERTIFIED,DATA
DATA,DATASET,S3,SCENE_CONTROLLER,_RUN_1,232,2667,1135819,1138486,34499579,0.234258,VERTIFIED,DATA
DATA,DATASET,S3,SCENE_CONTROLLER,_RUN_1,233,2685,1127558,1130243,34249796,0.237560,VERTIFIED,DATA
DATA,DATASET,S3,SCENE_CONTROLLER,_RUN_1,234,2703,1148021,1150724,34870411,0.234896,VERTIFIED,DATA
DATA,DATASET,S3,SCENE_CONTROLLER,_RUN_1,235,2500,1166483,1168983,35423734,0.213861,VERTIFIED,DATA
DATA,DATASET,S3,SCENE_CONTROLLER,_RUN_1,236,2620,1108579,1111199,33672710,0.235781,VERTIFIED,DATA
DATA,DATASET,S3,SCENE_CONTROLLER,_RUN_1,237,2703,1144689,1147392,34769464,0.235578,VERTIFIED,DATA
DATA,DATASET,S3,SCENE_CONTROLLER,_RUN_1,238,2593,1155732,1158325,35100750,0.223858,VERTIFIED,DATA
DATA,DATASET,S3,SCENE_CONTROLLER,_RUN_1,239,2684,1168973,1171657,35504770,0.229077,VERTIFIED,DATA
DATA,DATASET,S3,SCENE_CONTROLLER,_RUN_1,240,2731,1134013,1136744,34446798,0.240248,VERTIFIED,DATA
DATA,DATASET,S3,SCENE_CONTROLLER,_RUN_1,241,2651,1152214,1154865,34995915,0.229551,VERTIFIED,DATA
DATA,DATASET,S3,SCENE_CONTROLLER,_RUN_1,242,2670,1156943,1159613,35139802,0.230249,VERTIFIED,DATA
DATA,DATASET,S3,SCENE_CONTROLLER,_RUN_1,243,2691,1166326,1169017,35424770,0.230193,VERTIFIED,DATA
DATA,DATASET,S3,SCENE_CONTROLLER,_RUN_1,244,2605,1125072,1127677,34172042,0.231006,VERTIFIED,DATA
DATA,DATASET,S3,SCENE_CONTROLLER,_RUN_1,245,2662,1125870,1128532,34197928,0.235882,VERTIFIED,DATA
DATA,DATASET,S3,SCENE_CONTROLLER,_RUN_1,246,2697,1143927,1146624,34746180,0.235212,VERTIFIED,DATA
DATA,DATASET,S3,SCENE_CONTROLLER,_RUN_1,247,2538,1125990,1128528,34197804,0.224895,VERTIFIED,DATA
DATA,DATASET,S3,SCENE_CONTROLLER,_RUN_1,248,2564,1150263,1152827,34934154,0.222410,VERTIFIED,DATA
DATA,DATASET,S3,SCENE_CONTROLLER,_RUN_1,249,2736,1155003,1157739,35083012,0.236323,VERTIFIED,DATA
DATA,DATASET,S3,SCENE_CONTROLLER,_RUN_1,250,2672,1165937,1168609,35412395,0.228648,VERTIFIED,DATA
DATA,DATASET,S3,SCENE_CONTROLLER,_RUN_1,251,2620,1166111,1168731,35416102,0.224175,VERTIFIED,DATA
DATA,DATASET,S3,SCENE_CONTROLLER,_RUN_1,252,2573,1108630,1111203,33672818,0.231551,VERTIFIED,DATA
DATA,DATASET,S3,SCENE_CONTROLLER,_RUN_1,253,2661,1132663,1135324,34403753,0.234382,VERTIFIED,DATA
DATA,DATASET,S3,SCENE_CONTROLLER,_RUN_1,254,2764,1101857,1104621,33473351,0.250222,VERTIFIED,DATA
DATA,DATASET,S3,SCENE_CONTROLLER,_RUN_1,255,2681,1131593,1134274,34371951,0.236363,VERTIFIED,DATA
DATA,DATASET,S3,SCENE_CONTROLLER,_RUN_1,256,2606,1156258,1158864,35117104,0.224875,VERTIFIED,DATA
DATA,DATASET,S3,SCENE_CONTROLLER,_RUN_1,257,2668,1124855,1127523,34167350,0.236625,VERTIFIED,DATA
DATA,DATASET,S3,SCENE_CONTROLLER,_RUN_1,258,2593,1139405,1141998,34606000,0.227058,VERTIFIED,DATA
DATA,DATASET,S3,SCENE_CONTROLLER,_RUN_1,259,2636,1118009,1120645,33958948,0.235222,VERTIFIED,DATA
DATA,DATASET,S3,SCENE_CONTROLLER,_RUN_1,260,2623,1159308,1161931,35210032,0.225745,VERTIFIED,DATA
DATA,DATASET,S3,SCENE_CONTROLLER,_RUN_1,261,2685,1144152,1146837,34752643,0.234122,VERTIFIED,DATA
DATA,DATASET,S3,SCENE_CONTROLLER,_RUN_1,262,2697,1128987,1131684,34293451,0.238317,VERTIFIED,DATA
DATA,DATASET,S3,SCENE_CONTROLLER,_RUN_1,263,2551,1182637,1185188,35914792,0.215240,VERTIFIED,DATA
DATA,DATASET,S3,SCENE_CONTROLLER,_RUN_1,264,2593,1149374,1151967,34908077,0.225093,VERTIFIED,DATA
DATA,DATASET,S3,SCENE_CONTROLLER,_RUN_1,265,2653,1138959,1141612,34594317,0.232391,VERTIFIED,DATA
DATA,DATASET,S3,SCENE_CONTROLLER,_RUN_1,266,2646,1166459,1169105,35427422,0.226327,VERTIFIED,DATA
DATA,DATASET,S3,SCENE_CONTROLLER,_RUN_1,267,2577,1115121,1117698,33869625,0.230563,VERTIFIED,DATA
DATA,DATASET,S3,SCENE_CONTROLLER,_RUN_1,268,2650,1132130,1134780,34387280,0.233525,VERTIFIED,DATA
DATA,DATASET,S3,SCENE_CONTROLLER,_RUN_1,269,2680,1132260,1134940,34392115,0.236136,VERTIFIED,DATA
DATA,DATASET,S3,SCENE_CONTROLLER,_RUN_1,270,2688,1153518,1156206,35036548,0.232485,VERTIFIED,DATA
DATA,DATASET,S3,SCENE_CONTROLLER,_RUN_1,271,2660,1139702,1142362,34617026,0.232851,VERTIFIED,DATA
DATA,DATASET,S3,SCENE_CONTROLLER,_RUN_1,272,2568,1158333,1160901,35178804,0.221207,VERTIFIED,DATA
DATA,DATASET,S3,SCENE_CONTROLLER,_RUN_1,273,2620,1110256,1112876,33723501,0.235426,VERTIFIED,DATA
DATA,DATASET,S3,SCENE_CONTROLLER,_RUN_1,274,2705,1142123,1144828,34691754,0.236280,VERTIFIED,DATA
DATA,DATASET,S3,SCENE_CONTROLLER,_RUN_1,275,2675,1142413,1145088,34699650,0.233607,VERTIFIED,DATA
DATA,DATASET,S3,SCENE_CONTROLLER,_RUN_1,276,2603,1167542,1170145,35458951,0.222451,VERTIFIED,DATA
DATA,DATASET,S3,SCENE_CONTROLLER,_RUN_1,277,2600,1123099,1125699,34112076,0.230968,VERTIFIED,DATA
DATA,DATASET,S3,SCENE_CONTROLLER,_RUN_1,278,2632,1142806,1145438,34710252,0.229781,VERTIFIED,DATA
DATA,DATASET,S3,SCENE_CONTROLLER,_RUN_1,279,2712,1130152,1132864,34329199,0.239393,VERTIFIED,DATA
DATA,DATASET,S3,SCENE_CONTROLLER,_RUN_1,280,2584,1186424,1189008,36030532,0.217324,VERTIFIED,DATA
DATA,DATASET,S3,SCENE_CONTROLLER,_RUN_1,281,2701,1129812,1132513,34318578,0.238496,VERTIFIED,DATA
DATA,DATASET,S3,SCENE_CONTROLLER,_RUN_1,282,2602,1172113,1174715,35597412,0.221501,VERTIFIED,DATA
DATA,DATASET,S3,SCENE_CONTROLLER,_RUN_1,283,2515,1150566,1153081,34941856,0.218111,VERTIFIED,DATA
DATA,DATASET,S3,SCENE_CONTROLLER,_RUN_1,284,2609,1134448,1137057,34456287,0.229452,VERTIFIED,DATA
DATA,DATASET,S3,SCENE_CONTROLLER,_RUN_1,285,2624,1140615,1143239,34643617,0.229523,VERTIFIED,DATA
DATA,DATASET,S3,SCENE_CONTROLLER,_RUN_1,286,2591,1173729,1176320,35646061,0.220263,VERTIFIED,DATA
DATA,DATASET,S3,SCENE_CONTROLLER,_RUN_1,287,2701,1158888,1161589,35199661,0.232526,VERTIFIED,DATA
DATA,DATASET,S3,SCENE_CONTROLLER,_RUN_1,288,2720,1129779,1132499,34318148,0.240177,VERTIFIED,DATA
DATA,DATASET,S3,SCENE_CONTROLLER,_RUN_1,289,2723,1142296,1145019,34697555,0.237813,VERTIFIED,DATA
DATA,DATASET,S3,SCENE_CONTROLLER,_RUN_1,290,2661,1174274,1176935,35664694,0.226096,VERTIFIED,DATA
DATA,DATASET,S3,SCENE_CONTROLLER,_RUN_1,291,2724,1122586,1125310,34100299,0.242067,VERTIFIED,DATA
DATA,DATASET,S3,SCENE_CONTROLLER,_RUN_1,292,2585,1179606,1182191,35823973,0.218662,VERTIFIED,DATA
DATA,DATASET,S3,SCENE_CONTROLLER,_RUN_1,293,2564,1173022,1175586,35623825,0.218104,VERTIFIED,DATA
DATA,DATASET,S3,SCENE_CONTROLLER,_RUN_1,294,2714,1134875,1137589,34472390,0.238575,VERTIFIED,DATA
DATA,DATASET,S3,SCENE_CONTROLLER,_RUN_1,295,2656,1134291,1136947,34452927,0.233608,VERTIFIED,DATA
DATA,DATASET,S3,SCENE_CONTROLLER,_RUN_1,296,2574,1145751,1148325,34797742,0.224153,VERTIFIED,DATA
DATA,DATASET,S3,SCENE_CONTROLLER,_RUN_1,297,2719,1136223,1138942,34513386,0.238730,VERTIFIED,DATA
DATA,DATASET,S3,SCENE_CONTROLLER,_RUN_1,298,2637,1162813,1165450,35316665,0.226265,VERTIFIED,DATA
DATA,DATASET,S3,SCENE_CONTROLLER,_RUN_1,299,2643,1154946,1157589,35078465,0.228319,VERTIFIED,DATA
DATA,DATASET,S3,SCENE_CONTROLLER,_RUN_1,300,2678,1147896,1150574,34865872,0.232753,VERTIFIED,DATA
DATA,DATASET,S4,CPU_ONLY,_RUN_1,1,1966304,588213,2554517,77409615,76.973612,VERTIFIED,DATA
DATA,DATASET,S4,CPU_ONLY,_RUN_1,2,1951920,407057,2358977,71484138,82.744342,VERTIFIED,DATA
DATA,DATASET,S4,CPU_ONLY,_RUN_1,3,1987074,569042,2556116,77458063,77.738021,VERTIFIED,DATA
DATA,DATASET,S4,CPU_ONLY,_RUN_1,4,1919639,518617,2438256,73886556,78.730002,VERTIFIED,DATA
DATA,DATASET,S4,CPU_ONLY,_RUN_1,5,2083205,443550,2526755,76568340,82.445864,VERTIFIED,DATA
DATA,DATASET,S4,CPU_ONLY,_RUN_1,6,2022933,375977,2398910,72694240,84.327174,VERTIFIED,DATA
DATA,DATASET,S4,CPU_ONLY,_RUN_1,7,1958483,463951,2422434,73407078,80.847734,VERTIFIED,DATA
DATA,DATASET,S4,CPU_ONLY,_RUN_1,8,2007477,596775,2604252,78916728,77.084591,VERTIFIED,DATA
DATA,DATASET,S4,CPU_ONLY,_RUN_1,9,2119360,410359,2529719,76658163,83.778475,VERTIFIED,DATA
DATA,DATASET,S4,CPU_ONLY,_RUN_1,10,1952574,615133,2567707,77809310,76.043489,VERTIFIED,DATA
DATA,DATASET,S4,CPU_ONLY,_RUN_1,11,1951788,647051,2598839,78752693,75.102305,VERTIFIED,DATA
DATA,DATASET,S4,CPU_ONLY,_RUN_1,12,1944981,532006,2476987,75060198,78.522051,VERTIFIED,DATA
DATA,DATASET,S4,CPU_ONLY,_RUN_1,13,1974515,459740,2434255,73765294,81.113729,VERTIFIED,DATA
DATA,DATASET,S4,CPU_ONLY,_RUN_1,14,2110707,402693,2513400,76163627,83.978157,VERTIFIED,DATA
DATA,DATASET,S4,CPU_ONLY,_RUN_1,15,1970447,583669,2554116,77397447,77.147906,VERTIFIED,DATA
DATA,DATASET,S4,CPU_ONLY,_RUN_1,16,1999286,552641,2551927,77331123,78.344169,VERTIFIED,DATA
DATA,DATASET,S4,CPU_ONLY,_RUN_1,17,1904362,622115,2526477,76559904,75.376186,VERTIFIED,DATA
DATA,DATASET,S4,CPU_ONLY,_RUN_1,18,1991579,468542,2460121,74549119,80.954514,VERTIFIED,DATA
DATA,DATASET,S4,CPU_ONLY,_RUN_1,19,2029338,493717,2523055,76456210,80.431778,VERTIFIED,DATA
DATA,DATASET,S4,CPU_ONLY,_RUN_1,20,2067318,478658,2545976,77150795,81.199430,VERTIFIED,DATA
DATA,DATASET,S4,CPU_ONLY,_RUN_1,21,2020088,374585,2394673,72565847,84.357572,VERTIFIED,DATA
DATA,DATASET,S4,CPU_ONLY,_RUN_1,22,1935805,606712,2542517,77045979,76.137347,VERTIFIED,DATA
DATA,DATASET,S4,CPU_ONLY,_RUN_1,23,1966347,607457,2573804,77994066,76.398475,VERTIFIED,DATA
DATA,DATASET,S4,CPU_ONLY,_RUN_1,24,1851667,636908,2488575,75411361,74.406719,VERTIFIED,DATA
DATA,DATASET,S4,CPU_ONLY,_RUN_1,25,1886953,544380,2431333,73676750,77.609813,VERTIFIED,DATA
DATA,DATASET,S4,CPU_ONLY,_RUN_1,26,1857263,686848,2544111,77094283,73.002436,VERTIFIED,DATA
DATA,DATASET,S4,CPU_ONLY,_RUN_1,27,1992987,454674,2447661,74171559,81.424143,VERTIFIED,DATA
DATA,DATASET,S4,CPU_ONLY,_RUN_1,28,2026509,447460,2473969,74968771,81.913274,VERTIFIED,DATA
DATA,DATASET,S4,CPU_ONLY,_RUN_1,29,1881576,444222,2325798,70478741,80.900233,VERTIFIED,DATA
DATA,DATASET,S4,CPU_ONLY,_RUN_1,30,1953190,555664,2508854,76025865,77.851880,VERTIFIED,DATA
DATA,DATASET,S4,CPU_ONLY,_RUN_1,31,1912395,548845,2461240,74583037,77.700468,VERTIFIED,DATA
DATA,DATASET,S4,CPU_ONLY,_RUN_1,32,1944025,603631,2547656,77201706,76.306417,VERTIFIED,DATA
DATA,DATASET,S4,CPU_ONLY,_RUN_1,33,2210839,406317,2617156,79307752,84.474865,VERTIFIED,DATA
DATA,DATASET,S4,CPU_ONLY,_RUN_1,34,1865822,737469,2603291,78887597,71.671665,VERTIFIED,DATA
DATA,DATASET,S4,CPU_ONLY,_RUN_1,35,1926217,524638,2450855,74268323,78.593674,VERTIFIED,DATA
DATA,DATASET,S4,CPU_ONLY,_RUN_1,36,1961269,521080,2482349,75222701,79.008592,VERTIFIED,DATA
DATA,DATASET,S4,CPU_ONLY,_RUN_1,37,1973874,559370,2533244,76764967,77.918827,VERTIFIED,DATA
DATA,DATASET,S4,CPU_ONLY,_RUN_1,38,1997624,611605,2609229,79067535,76.559934,VERTIFIED,DATA
DATA,DATASET,S4,CPU_ONLY,_RUN_1,39,1863820,658282,2522102,76427322,73.899470,VERTIFIED,DATA
DATA,DATASET,S4,CPU_ONLY,_RUN_1,40,1995983,423605,2419588,73320855,82.492681,VERTIFIED,DATA
DATA,DATASET,S4,CPU_ONLY,_RUN_1,41,1872040,533788,2405828,72903874,77.812711,VERTIFIED,DATA
DATA,DATASET,S4,CPU_ONLY,_RUN_1,42,1965577,612373,2577950,78119700,76.245738,VERTIFIED,DATA
DATA,DATASET,S4,CPU_ONLY,_RUN_1,43,1882519,721877,2604396,78921084,72.282364,VERTIFIED,DATA
DATA,DATASET,S4,CPU_ONLY,_RUN_1,44,2021059,509068,2530127,76670523,79.879745,VERTIFIED,DATA
DATA,DATASET,S4,CPU_ONLY,_RUN_1,45,2036633,436318,2472951,74937918,82.356383,VERTIFIED,DATA
DATA,DATASET,S4,CPU_ONLY,_RUN_1,46,1933566,434713,2368279,71766027,81.644350,VERTIFIED,DATA
DATA,DATASET,S4,CPU_ONLY,_RUN_1,47,1940805,558890,2499695,75748345,77.641672,VERTIFIED,DATA
DATA,DATASET,S4,CPU_ONLY,_RUN_1,48,2014245,425919,2440164,73944373,82.545476,VERTIFIED,DATA
DATA,DATASET,S4,CPU_ONLY,_RUN_1,49,2070602,382507,2453109,74336622,84.407256,VERTIFIED,DATA
DATA,DATASET,S4,CPU_ONLY,_RUN_1,50,1996010,581570,2577580,78108492,77.437364,VERTIFIED,DATA
DATA,DATASET,S4,CPU_ONLY,_RUN_1,51,2043259,420251,2463510,74651812,82.940966,VERTIFIED,DATA
DATA,DATASET,S4,CPU_ONLY,_RUN_1,52,1958548,536218,2494766,75598974,78.506281,VERTIFIED,DATA
DATA,DATASET,S4,CPU_ONLY,_RUN_1,53,1873228,581597,2454825,74388647,76.308006,VERTIFIED,DATA
DATA,DATASET,S4,CPU_ONLY,_RUN_1,54,1972841,509722,2482563,75229173,79.467913,VERTIFIED,DATA
DATA,DATASET,S4,CPU_ONLY,_RUN_1,55,2032555,418243,2450798,74266599,82.934416,VERTIFIED,DATA
DATA,DATASET,S4,CPU_ONLY,_RUN_1,56,2134539,328120,2462659,74626043,86.676190,VERTIFIED,DATA
DATA,DATASET,S4,CPU_ONLY,_RUN_1,57,2000416,476028,2476444,75043756,80.777760,VERTIFIED,DATA
DATA,DATASET,S4,CPU_ONLY,_RUN_1,58,1975613,548408,2524021,76485483,78.272447,VERTIFIED,DATA
DATA,DATASET,S4,CPU_ONLY,_RUN_1,59,1964469,617948,2582417,78255047,76.070944,VERTIFIED,DATA
DATA,DATASET,S4,CPU_ONLY,_RUN_1,60,1894145,567661,2461806,74600174,76.941278,VERTIFIED,DATA
DATA,DATASET,S4,CPU_ONLY,_RUN_1,61,2010812,432896,2443708,74051755,82.285281,VERTIFIED,DATA
DATA,DATASET,S4,CPU_ONLY,_RUN_1,62,1876194,682291,2558485,77529836,73.332226,VERTIFIED,DATA
DATA,DATASET,S4,CPU_ONLY,_RUN_1,63,1945896,573955,2519851,76359129,77.222661,VERTIFIED,DATA
DATA,DATASET,S4,CPU_ONLY,_RUN_1,64,1973856,528088,2501944,75816481,78.892893,VERTIFIED,DATA
DATA,DATASET,S4,CPU_ONLY,_RUN_1,65,1960134,563590,2523724,76476500,77.668319,VERTIFIED,DATA
DATA,DATASET,S4,CPU_ONLY,_RUN_1,66,1972896,632030,2604926,78937155,75.737123,VERTIFIED,DATA
DATA,DATASET,S4,CPU_ONLY,_RUN_1,67,1885068,508797,2393865,72541351,78.745794,VERTIFIED,DATA
DATA,DATASET,S4,CPU_ONLY,_RUN_1,68,1853467,630213,2483680,75263027,74.625837,VERTIFIED,DATA
DATA,DATASET,S4,CPU_ONLY,_RUN_1,69,2017961,407466,2425427,73497799,83.200236,VERTIFIED,DATA
DATA,DATASET,S4,CPU_ONLY,_RUN_1,70,2039006,365703,2404709,72869973,84.792214,VERTIFIED,DATA
DATA,DATASET,S4,CPU_ONLY,_RUN_1,71,2022397,470688,2493085,75548035,81.120259,VERTIFIED,DATA
DATA,DATASET,S4,CPU_ONLY,_RUN_1,72,1997025,451191,2448216,74188368,81.570621,VERTIFIED,DATA
DATA,DATASET,S4,CPU_ONLY,_RUN_1,73,2067764,417755,2485519,75318755,83.192444,VERTIFIED,DATA
DATA,DATASET,S4,CPU_ONLY,_RUN_1,74,2122385,286831,2409216,73006549,88.094426,VERTIFIED,DATA
DATA,DATASET,S4,CPU_ONLY,_RUN_1,75,1927199,617781,2544980,77120611,75.725507,VERTIFIED,DATA
DATA,DATASET,S4,CPU_ONLY,_RUN_1,76,1981596,565104,2546700,77172726,77.810343,VERTIFIED,DATA
DATA,DATASET,S4,CPU_ONLY,_RUN_1,77,1901349,578660,2480009,75151796,76.667020,VERTIFIED,DATA
DATA,DATASET,S4,CPU_ONLY,_RUN_1,78,2035664,401336,2437000,73848480,83.531555,VERTIFIED,DATA
DATA,DATASET,S4,CPU_ONLY,_RUN_1,79,1891033,587735,2478768,75114182,76.289229,VERTIFIED,DATA
DATA,DATASET,S4,CPU_ONLY,_RUN_1,80,2117638,464073,2581711,78233662,82.024595,VERTIFIED,DATA
DATA,DATASET,S4,CPU_ONLY,_RUN_1,81,1965078,533673,2498751,75719720,78.642410,VERTIFIED,DATA
DATA,DATASET,S4,CPU_ONLY,_RUN_1,82,1999424,548999,2548423,77224927,78.457305,VERTIFIED,DATA
DATA,DATASET,S4,CPU_ONLY,_RUN_1,83,1922527,536138,2458665,74504996,78.193939,VERTIFIED,DATA
DATA,DATASET,S4,CPU_ONLY,_RUN_1,84,2052062,536648,2588710,78445763,79.269675,VERTIFIED,DATA
DATA,DATASET,S4,CPU_ONLY,_RUN_1,85,2005445,449726,2455171,74399131,81.682498,VERTIFIED,DATA
DATA,DATASET,S4,CPU_ONLY,_RUN_1,86,1927419,529661,2457080,74456971,78.443478,VERTIFIED,DATA
DATA,DATASET,S4,CPU_ONLY,_RUN_1,87,1917701,523479,2441180,73975153,78.556313,VERTIFIED,DATA
DATA,DATASET,S4,CPU_ONLY,_RUN_1,88,2072097,494136,2566233,77764640,80.744695,VERTIFIED,DATA
DATA,DATASET,S4,CPU_ONLY,_RUN_1,89,1878511,746348,2624859,79541184,71.566168,VERTIFIED,DATA
DATA,DATASET,S4,CPU_ONLY,_RUN_1,90,2004111,525081,2529192,76642176,79.239180,VERTIFIED,DATA
DATA,DATASET,S4,CPU_ONLY,_RUN_1,91,1930086,616444,2546530,77167566,75.792785,VERTIFIED,DATA
DATA,DATASET,S4,CPU_ONLY,_RUN_1,92,2006419,615328,2621747,79446877,76.529848,VERTIFIED,DATA
DATA,DATASET,S4,CPU_ONLY,_RUN_1,93,2015876,446725,2462601,74624285,81.859627,VERTIFIED,DATA
DATA,DATASET,S4,CPU_ONLY,_RUN_1,94,2062788,387844,2450632,74261581,84.173715,VERTIFIED,DATA
DATA,DATASET,S4,CPU_ONLY,_RUN_1,95,1965389,517968,2483357,75253233,79.142427,VERTIFIED,DATA
DATA,DATASET,S4,CPU_ONLY,_RUN_1,96,2017860,367720,2385580,72290316,84.585719,VERTIFIED,DATA
DATA,DATASET,S4,CPU_ONLY,_RUN_1,97,2110897,421670,2532567,76744452,83.350095,VERTIFIED,DATA
DATA,DATASET,S4,CPU_ONLY,_RUN_1,98,2040363,398217,2438580,73896352,83.670128,VERTIFIED,DATA
DATA,DATASET,S4,CPU_ONLY,_RUN_1,99,1903342,530762,2434104,73760725,78.194769,VERTIFIED,DATA
DATA,DATASET,S4,CPU_ONLY,_RUN_1,100,2069229,569103,2638332,79949455,78.429440,VERTIFIED,DATA
DATA,DATASET,S4,CPU_ONLY,_RUN_1,101,2011215,547869,2559084,77547998,78.591207,VERTIFIED,DATA
DATA,DATASET,S4,CPU_ONLY,_RUN_1,102,2143407,406681,2550088,77275404,84.052276,VERTIFIED,DATA
DATA,DATASET,S4,CPU_ONLY,_RUN_1,103,1907655,519235,2426890,73542135,78.604922,VERTIFIED,DATA
DATA,DATASET,S4,CPU_ONLY,_RUN_1,104,1966855,487809,2454664,74383761,80.127260,VERTIFIED,DATA
DATA,DATASET,S4,CPU_ONLY,_RUN_1,105,2073839,433398,2507237,75976889,82.714119,VERTIFIED,DATA
DATA,DATASET,S4,CPU_ONLY,_RUN_1,106,1982519,524216,2506735,75961666,79.087698,VERTIFIED,DATA
DATA,DATASET,S4,CPU_ONLY,_RUN_1,107,1880972,617869,2498841,75722468,75.273777,VERTIFIED,DATA
DATA,DATASET,S4,CPU_ONLY,_RUN_1,108,1984884,567536,2552420,77346060,77.764788,VERTIFIED,DATA
DATA,DATASET,S4,CPU_ONLY,_RUN_1,109,1947017,581190,2528207,76612346,77.011772,VERTIFIED,DATA
DATA,DATASET,S4,CPU_ONLY,_RUN_1,110,2006682,531701,2538383,76920708,79.053555,VERTIFIED,DATA
DATA,DATASET,S4,CPU_ONLY,_RUN_1,111,1870076,653388,2523464,76468603,74.107497,VERTIFIED,DATA
DATA,DATASET,S4,CPU_ONLY,_RUN_1,112,1810804,760397,2571201,77915180,70.426388,VERTIFIED,DATA
DATA,DATASET,S4,CPU_ONLY,_RUN_1,113,1991085,592797,2583882,78299457,77.057892,VERTIFIED,DATA
DATA,DATASET,S4,CPU_ONLY,_RUN_1,114,2172772,296350,2469122,74821890,87.997758,VERTIFIED,DATA
DATA,DATASET,S4,CPU_ONLY,_RUN_1,115,2010777,499129,2509906,76057750,80.113638,VERTIFIED,DATA
DATA,DATASET,S4,CPU_ONLY,_RUN_1,116,1960899,582882,2543781,77084258,77.085999,VERTIFIED,DATA
DATA,DATASET,S4,CPU_ONLY,_RUN_1,117,2068571,406126,2474697,74990808,83.588860,VERTIFIED,DATA
DATA,DATASET,S4,CPU_ONLY,_RUN_1,118,1849078,663154,2512232,76128237,73.602995,VERTIFIED,DATA
DATA,DATASET,S4,CPU_ONLY,_RUN_1,119,1987513,486188,2473701,74960649,80.345725,VERTIFIED,DATA
DATA,DATASET,S4,CPU_ONLY,_RUN_1,120,1957583,488037,2445620,74109703,80.044447,VERTIFIED,DATA
DATA,DATASET,S4,CPU_ONLY,_RUN_1,121,1945482,532506,2477988,75090534,78.510550,VERTIFIED,DATA
DATA,DATASET,S4,CPU_ONLY,_RUN_1,122,2028081,464420,2492501,75530335,81.367309,VERTIFIED,DATA
DATA,DATASET,S4,CPU_ONLY,_RUN_1,123,2037708,506214,2543922,77088548,80.101041,VERTIFIED,DATA
DATA,DATASET,S4,CPU_ONLY,_RUN_1,124,1948861,488557,2437418,73861140,79.955962,VERTIFIED,DATA
DATA,DATASET,S4,CPU_ONLY,_RUN_1,125,1941673,477460,2419133,73307066,80.263177,VERTIFIED,DATA
DATA,DATASET,S4,CPU_ONLY,_RUN_1,126,1809251,793777,2603028,78879640,69.505630,VERTIFIED,DATA
DATA,DATASET,S4,CPU_ONLY,_RUN_1,127,2040144,528738,2568882,77844919,79.417583,VERTIFIED,DATA
DATA,DATASET,S4,CPU_ONLY,_RUN_1,128,1932597,512014,2444611,74079111,79.055400,VERTIFIED,DATA
DATA,DATASET,S4,CPU_ONLY,_RUN_1,129,1894159,657973,2552132,77337331,74.218692,VERTIFIED,DATA
DATA,DATASET,S4,CPU_ONLY,_RUN_1,130,1937861,662462,2600323,78797665,74.523857,VERTIFIED,DATA
DATA,DATASET,S4,CPU_ONLY,_RUN_1,131,2055816,474736,2530552,76683388,81.239824,VERTIFIED,DATA
DATA,DATASET,S4,CPU_ONLY,_RUN_1,132,1880666,770028,2650694,80324073,70.949947,VERTIFIED,DATA
DATA,DATASET,S4,CPU_ONLY,_RUN_1,133,1893958,535878,2429836,73631395,77.945919,VERTIFIED,DATA
DATA,DATASET,S4,CPU_ONLY,_RUN_1,134,2099309,422393,2521702,76415223,83.249686,VERTIFIED,DATA
DATA,DATASET,S4,CPU_ONLY,_RUN_1,135,1981524,477896,2459420,74527883,80.568752,VERTIFIED,DATA
DATA,DATASET,S4,CPU_ONLY,_RUN_1,136,2072239,453902,2526141,76549733,82.031803,VERTIFIED,DATA
DATA,DATASET,S4,CPU_ONLY,_RUN_1,137,2062777,352216,2414993,73181614,85.415444,VERTIFIED,DATA
DATA,DATASET,S4,CPU_ONLY,_RUN_1,138,1915591,763155,2678746,81174128,71.510737,VERTIFIED,DATA
DATA,DATASET,S4,CPU_ONLY,_RUN_1,139,2098190,403684,2501874,75814355,83.864735,VERTIFIED,DATA
DATA,DATASET,S4,CPU_ONLY,_RUN_1,140,2009322,557930,2567252,77795522,78.267424,VERTIFIED,DATA
DATA,DATASET,S4,CPU_ONLY,_RUN_1,141,1945135,580398,2525533,76531318,77.018792,VERTIFIED,DATA
DATA,DATASET,S4,CPU_ONLY,_RUN_1,142,2014341,535919,2550260,77280610,78.985711,VERTIFIED,DATA
DATA,DATASET,S4,CPU_ONLY,_RUN_1,143,1998708,514602,2513310,76160913,79.524929,VERTIFIED,DATA
DATA,DATASET,S4,CPU_ONLY,_RUN_1,144,2064897,291853,2356750,71416658,87.616294,VERTIFIED,DATA
DATA,DATASET,S4,CPU_ONLY,_RUN_1,145,1865802,590197,2455999,74424204,75.969168,VERTIFIED,DATA
DATA,DATASET,S4,CPU_ONLY,_RUN_1,146,2014952,566313,2581265,78220150,78.060641,VERTIFIED,DATA
DATA,DATASET,S4,CPU_ONLY,_RUN_1,147,1918244,679711,2597955,78725923,73.836691,VERTIFIED,DATA
DATA,DATASET,S4,CPU_ONLY,_RUN_1,148,2031851,355349,2387200,72339381,85.114402,VERTIFIED,DATA
DATA,DATASET,S4,CPU_ONLY,_RUN_1,149,1891722,766371,2658093,80548272,71.168390,VERTIFIED,DATA
DATA,DATASET,S4,CPU_ONLY,_RUN_1,150,1897533,626371,2523904,76481943,75.182455,VERTIFIED,DATA
DATA,DATASET,S4,CPU_ONLY,_RUN_1,151,2067644,387416,2455060,74395743,84.219693,VERTIFIED,DATA
DATA,DATASET,S4,CPU_ONLY,_RUN_1,152,1978679,646807,2625486,79560187,75.364294,VERTIFIED,DATA
DATA,DATASET,S4,CPU_ONLY,_RUN_1,153,1892914,680331,2573245,77977111,73.561359,VERTIFIED,DATA
DATA,DATASET,S4,CPU_ONLY,_RUN_1,154,1966140,477613,2443753,74053113,80.455758,VERTIFIED,DATA
DATA,DATASET,S4,CPU_ONLY,_RUN_1,155,1858897,659196,2518093,76305840,73.821618,VERTIFIED,DATA
DATA,DATASET,S4,CPU_ONLY,_RUN_1,156,1956843,682671,2639514,79985285,74.136489,VERTIFIED,DATA
DATA,DATASET,S4,CPU_ONLY,_RUN_1,157,1868782,561619,2430401,73648526,76.891920,VERTIFIED,DATA
DATA,DATASET,S4,CPU_ONLY,_RUN_1,158,1987342,607120,2594462,78620048,76.599387,VERTIFIED,DATA
DATA,DATASET,S4,CPU_ONLY,_RUN_1,159,2032870,584065,2616935,79301069,77.681333,VERTIFIED,DATA
DATA,DATASET,S4,CPU_ONLY,_RUN_1,160,1930602,652798,2583400,78284847,74.731052,VERTIFIED,DATA
DATA,DATASET,S4,CPU_ONLY,_RUN_1,161,2009443,517825,2527268,76583874,79.510483,VERTIFIED,DATA
DATA,DATASET,S4,CPU_ONLY,_RUN_1,162,1937485,623079,2560564,77592835,75.666338,VERTIFIED,DATA
DATA,DATASET,S4,CPU_ONLY,_RUN_1,163,1982973,536209,2519182,76338846,78.714956,VERTIFIED,DATA
DATA,DATASET,S4,CPU_ONLY,_RUN_1,164,2085670,459474,2545144,77125583,81.947033,VERTIFIED,DATA
DATA,DATASET,S4,CPU_ONLY,_RUN_1,165,2014501,519413,2533914,76785262,79.501554,VERTIFIED,DATA
DATA,DATASET,S4,CPU_ONLY,_RUN_1,166,1950867,549449,2500316,75767150,78.024818,VERTIFIED,DATA
DATA,DATASET,S4,CPU_ONLY,_RUN_1,167,1902582,692695,2595277,78644758,73.309400,VERTIFIED,DATA
DATA,DATASET,S4,CPU_ONLY,_RUN_1,168,1881999,664732,2546731,77173652,73.898617,VERTIFIED,DATA
DATA,DATASET,S4,CPU_ONLY,_RUN_1,169,1876803,637548,2514351,76192461,74.643636,VERTIFIED,DATA
DATA,DATASET,S4,CPU_ONLY,_RUN_1,170,1808723,666776,2475499,75015136,73.064986,VERTIFIED,DATA
DATA,DATASET,S4,CPU_ONLY,_RUN_1,171,2042427,364788,2407215,72945924,84.846057,VERTIFIED,DATA
DATA,DATASET,S4,CPU_ONLY,_RUN_1,172,2052762,421236,2473998,74969640,82.973470,VERTIFIED,DATA
DATA,DATASET,S4,CPU_ONLY,_RUN_1,173,1898865,510268,2409133,73004032,78.819434,VERTIFIED,DATA
DATA,DATASET,S4,CPU_ONLY,_RUN_1,174,2169271,434862,2604133,78913121,83.301083,VERTIFIED,DATA
DATA,DATASET,S4,CPU_ONLY,_RUN_1,175,1860954,665873,2526827,76570529,73.647860,VERTIFIED,DATA
DATA,DATASET,S4,CPU_ONLY,_RUN_1,176,1894376,657056,2551432,77316136,74.247560,VERTIFIED,DATA
DATA,DATASET,S4,CPU_ONLY,_RUN_1,177,1938839,575401,2514240,76189101,77.114317,VERTIFIED,DATA
DATA,DATASET,S4,CPU_ONLY,_RUN_1,178,1893463,613501,2506964,75968616,75.528129,VERTIFIED,DATA
DATA,DATASET,S4,CPU_ONLY,_RUN_1,179,2017801,457196,2474997,74999899,81.527412,VERTIFIED,DATA
DATA,DATASET,S4,CPU_ONLY,_RUN_1,180,1985191,666125,2651316,80342920,74.875684,VERTIFIED,DATA
DATA,DATASET,S4,CPU_ONLY,_RUN_1,181,1969253,496924,2466177,74732639,79.850432,VERTIFIED,DATA
DATA,DATASET,S4,CPU_ONLY,_RUN_1,182,1943092,605880,2548972,77241566,76.230418,VERTIFIED,DATA
DATA,DATASET,S4,CPU_ONLY,_RUN_1,183,1972872,507614,2480486,75166241,79.535704,VERTIFIED,DATA
DATA,DATASET,S4,CPU_ONLY,_RUN_1,184,2103657,440919,2544576,77108372,82.672202,VERTIFIED,DATA
DATA,DATASET,S4,CPU_ONLY,_RUN_1,185,1924068,457706,2381774,72174976,80.782979,VERTIFIED,DATA
DATA,DATASET,S4,CPU_ONLY,_RUN_1,186,1838237,636026,2474263,74977679,74.294325,VERTIFIED,DATA
DATA,DATASET,S4,CPU_ONLY,_RUN_1,187,1854944,679705,2534649,76807546,73.183466,VERTIFIED,DATA
DATA,DATASET,S4,CPU_ONLY,_RUN_1,188,1959599,538416,2498015,75697438,78.446246,VERTIFIED,DATA
DATA,DATASET,S4,CPU_ONLY,_RUN_1,189,1887101,673864,2560965,77604995,73.687106,VERTIFIED,DATA
DATA,DATASET,S4,CPU_ONLY,_RUN_1,190,1842755,648358,2491113,75488287,73.973160,VERTIFIED,DATA
DATA,DATASET,S4,CPU_ONLY,_RUN_1,191,1886812,633764,2520576,76381097,74.856382,VERTIFIED,DATA
DATA,DATASET,S4,CPU_ONLY,_RUN_1,192,1797872,636964,2434836,73782911,73.839552,VERTIFIED,DATA
DATA,DATASET,S4,CPU_ONLY,_RUN_1,193,2003587,461239,2464826,74691682,81.287158,VERTIFIED,DATA
DATA,DATASET,S4,CPU_ONLY,_RUN_1,194,2025283,439893,2465176,74702293,82.155716,VERTIFIED,DATA
DATA,DATASET,S4,CPU_ONLY,_RUN_1,195,1970507,636882,2607389,79011779,75.573955,VERTIFIED,DATA
DATA,DATASET,S4,CPU_ONLY,_RUN_1,196,2075373,454958,2530331,76676708,82.019823,VERTIFIED,DATA
DATA,DATASET,S4,CPU_ONLY,_RUN_1,197,2038468,505149,2543617,77079310,80.140524,VERTIFIED,DATA
DATA,DATASET,S4,CPU_ONLY,_RUN_1,198,1913363,554503,2467866,74783827,77.531073,VERTIFIED,DATA
DATA,DATASET,S4,CPU_ONLY,_RUN_1,199,1939980,531477,2471457,74892643,78.495398,VERTIFIED,DATA
DATA,DATASET,S4,CPU_ONLY,_RUN_1,200,1856162,581046,2437208,73854796,76.159359,VERTIFIED,DATA
DATA,DATASET,S4,CPU_ONLY,_RUN_1,201,2068776,371753,2440529,73955431,84.767524,VERTIFIED,DATA
DATA,DATASET,S4,CPU_ONLY,_RUN_1,202,1931779,554427,2486206,75339579,77.699877,VERTIFIED,DATA
DATA,DATASET,S4,CPU_ONLY,_RUN_1,203,1978898,458868,2437766,73871687,81.176700,VERTIFIED,DATA
DATA,DATASET,S4,CPU_ONLY,_RUN_1,204,1985367,604154,2589521,78470338,76.669276,VERTIFIED,DATA
DATA,DATASET,S4,CPU_ONLY,_RUN_1,205,2056129,468101,2524230,76491805,81.455691,VERTIFIED,DATA
DATA,DATASET,S4,CPU_ONLY,_RUN_1,206,2000743,518308,2519051,76334893,79.424474,VERTIFIED,DATA
DATA,DATASET,S4,CPU_ONLY,_RUN_1,207,1916717,630931,2547648,77201469,75.234766,VERTIFIED,DATA
DATA,DATASET,S4,CPU_ONLY,_RUN_1,208,1892182,580563,2472745,74931675,76.521518,VERTIFIED,DATA
DATA,DATASET,S4,CPU_ONLY,_RUN_1,209,1999140,483393,2482533,75228267,80.528235,VERTIFIED,DATA
DATA,DATASET,S4,CPU_ONLY,_RUN_1,210,1915061,636015,2551076,77305324,75.068755,VERTIFIED,DATA
DATA,DATASET,S4,CPU_ONLY,_RUN_1,211,1862915,669651,2532566,76744432,73.558399,VERTIFIED,DATA
DATA,DATASET,S4,CPU_ONLY,_RUN_1,212,1988116,561925,2550041,77273964,77.964080,VERTIFIED,DATA
DATA,DATASET,S4,CPU_ONLY,_RUN_1,213,1976658,561811,2538469,76923315,77.868117,VERTIFIED,DATA
DATA,DATASET,S4,CPU_ONLY,_RUN_1,214,1891152,520784,2411936,73088975,78.408051,VERTIFIED,DATA
DATA,DATASET,S4,CPU_ONLY,_RUN_1,215,1913291,629079,2542370,77041512,75.256198,VERTIFIED,DATA
DATA,DATASET,S4,CPU_ONLY,_RUN_1,216,2065253,437237,2502490,75833026,82.527922,VERTIFIED,DATA
DATA,DATASET,S4,CPU_ONLY,_RUN_1,217,1935668,573495,2509163,76035253,77.143972,VERTIFIED,DATA
DATA,DATASET,S4,CPU_ONLY,_RUN_1,218,1959492,536985,2496477,75650821,78.490289,VERTIFIED,DATA
DATA,DATASET,S4,CPU_ONLY,_RUN_1,219,1913238,662585,2575823,78055251,74.276765,VERTIFIED,DATA
DATA,DATASET,S4,CPU_ONLY,_RUN_1,220,1941362,575353,2516715,76264082,77.138730,VERTIFIED,DATA
DATA,DATASET,S4,CPU_ONLY,_RUN_1,221,2126592,335223,2461815,74600464,86.383095,VERTIFIED,DATA
DATA,DATASET,S4,CPU_ONLY,_RUN_1,222,1888930,675780,2564710,77718473,73.650822,VERTIFIED,DATA
DATA,DATASET,S4,CPU_ONLY,_RUN_1,223,2032286,342906,2375192,71975519,85.563020,VERTIFIED,DATA
DATA,DATASET,S4,CPU_ONLY,_RUN_1,224,1960305,609394,2569699,77869659,76.285394,VERTIFIED,DATA
DATA,DATASET,S4,CPU_ONLY,_RUN_1,225,1887799,631092,2518891,76330039,74.945641,VERTIFIED,DATA
DATA,DATASET,S4,CPU_ONLY,_RUN_1,226,2121847,413131,2534978,76817510,83.702778,VERTIFIED,DATA
DATA,DATASET,S4,CPU_ONLY,_RUN_1,227,1877708,734087,2611795,79145309,71.893391,VERTIFIED,DATA
DATA,DATASET,S4,CPU_ONLY,_RUN_1,228,1926888,563054,2489942,75452800,77.386863,VERTIFIED,DATA
DATA,DATASET,S4,CPU_ONLY,_RUN_1,229,2046723,326262,2372985,71908625,86.250988,VERTIFIED,DATA
DATA,DATASET,S4,CPU_ONLY,_RUN_1,230,1951428,608103,2559531,77561551,76.241624,VERTIFIED,DATA
DATA,DATASET,S4,CPU_ONLY,_RUN_1,231,1963898,537920,2501818,75812654,78.498836,VERTIFIED,DATA
DATA,DATASET,S4,CPU_ONLY,_RUN_1,232,1828671,665340,2494011,75576088,73.322491,VERTIFIED,DATA
DATA,DATASET,S4,CPU_ONLY,_RUN_1,233,1929955,616644,2546599,77169661,75.785587,VERTIFIED,DATA
DATA,DATASET,S4,CPU_ONLY,_RUN_1,234,1931765,526720,2458485,74499551,78.575423,VERTIFIED,DATA
DATA,DATASET,S4,CPU_ONLY,_RUN_1,235,1952588,590237,2542825,77055308,76.788139,VERTIFIED,DATA
DATA,DATASET,S4,CPU_ONLY,_RUN_1,236,2028812,298870,2327682,70535812,87.160188,VERTIFIED,DATA
DATA,DATASET,S4,CPU_ONLY,_RUN_1,237,1902913,516356,2419269,73311196,78.656528,VERTIFIED,DATA
DATA,DATASET,S4,CPU_ONLY,_RUN_1,238,2140908,354006,2494914,75603457,85.810894,VERTIFIED,DATA
DATA,DATASET,S4,CPU_ONLY,_RUN_1,239,1849125,610493,2459618,74533881,75.179357,VERTIFIED,DATA
DATA,DATASET,S4,CPU_ONLY,_RUN_1,240,2129986,423565,2553551,77380327,83.412706,VERTIFIED,DATA
DATA,DATASET,S4,CPU_ONLY,_RUN_1,241,2030312,460364,2490676,75475042,81.516504,VERTIFIED,DATA
DATA,DATASET,S4,CPU_ONLY,_RUN_1,242,1888017,595982,2483999,75272694,76.007156,VERTIFIED,DATA
DATA,DATASET,S4,CPU_ONLY,_RUN_1,243,1997187,527116,2524303,76494018,79.118355,VERTIFIED,DATA
DATA,DATASET,S4,CPU_ONLY,_RUN_1,244,1954882,497000,2451882,74299445,79.729856,VERTIFIED,DATA
DATA,DATASET,S4,CPU_ONLY,_RUN_1,245,1948412,536896,2485308,75312356,78.397205,VERTIFIED,DATA
DATA,DATASET,S4,CPU_ONLY,_RUN_1,246,1868266,674231,2542497,77045376,73.481542,VERTIFIED,DATA
DATA,DATASET,S4,CPU_ONLY,_RUN_1,247,1959388,644687,2604075,78911360,75.243148,VERTIFIED,DATA
DATA,DATASET,S4,CPU_ONLY,_RUN_1,248,1929408,667829,2597237,78704161,74.286944,VERTIFIED,DATA
DATA,DATASET,S4,CPU_ONLY,_RUN_1,249,1859936,714704,2574640,78019403,72.240624,VERTIFIED,DATA
DATA,DATASET,S4,CPU_ONLY,_RUN_1,250,1880457,653267,2533724,76779502,74.217121,VERTIFIED,DATA
DATA,DATASET,S4,CPU_ONLY,_RUN_1,251,2188061,274917,2462978,74635710,88.838025,VERTIFIED,DATA
DATA,DATASET,S4,CPU_ONLY,_RUN_1,252,1968042,598860,2566902,77784923,76.669931,VERTIFIED,DATA
DATA,DATASET,S4,CPU_ONLY,_RUN_1,253,2052028,375316,2427344,73555870,84.537997,VERTIFIED,DATA
DATA,DATASET,S4,CPU_ONLY,_RUN_1,254,1915544,619151,2534695,76808945,75.572958,VERTIFIED,DATA
DATA,DATASET,S4,CPU_ONLY,_RUN_1,255,1901775,458623,2360398,71527205,80.570099,VERTIFIED,DATA
DATA,DATASET,S4,CPU_ONLY,_RUN_1,256,2006990,522997,2529987,76666274,79.328076,VERTIFIED,DATA
DATA,DATASET,S4,CPU_ONLY,_RUN_1,257,1942977,434834,2377811,72054867,81.712844,VERTIFIED,DATA
DATA,DATASET,S4,CPU_ONLY,_RUN_1,258,1736026,799048,2535074,76820431,68.480289,VERTIFIED,DATA
DATA,DATASET,S4,CPU_ONLY,_RUN_1,259,2074645,375797,2450442,74255827,84.664114,VERTIFIED,DATA
DATA,DATASET,S4,CPU_ONLY,_RUN_1,260,2107238,337535,2444773,74084024,86.193606,VERTIFIED,DATA
DATA,DATASET,S4,CPU_ONLY,_RUN_1,261,1805461,757360,2562821,77661249,70.448190,VERTIFIED,DATA
DATA,DATASET,S4,CPU_ONLY,_RUN_1,262,1942958,594882,2537840,76904252,76.559515,VERTIFIED,DATA
DATA,DATASET,S4,CPU_ONLY,_RUN_1,263,1921881,659266,2581147,78216583,74.458409,VERTIFIED,DATA
DATA,DATASET,S4,CPU_ONLY,_RUN_1,264,1957959,588666,2546625,77170454,76.884465,VERTIFIED,DATA
DATA,DATASET,S4,CPU_ONLY,_RUN_1,265,2028920,478970,2507890,75996677,80.901475,VERTIFIED,DATA
DATA,DATASET,S4,CPU_ONLY,_RUN_1,266,2044128,477835,2521963,76423135,81.053053,VERTIFIED,DATA
DATA,DATASET,S4,CPU_ONLY,_RUN_1,267,1816832,627150,2443982,74060054,74.339009,VERTIFIED,DATA
DATA,DATASET,S4,CPU_ONLY,_RUN_1,268,2027327,463786,2491113,75488271,81.382378,VERTIFIED,DATA
DATA,DATASET,S4,CPU_ONLY,_RUN_1,269,1934008,564008,2498016,75697469,77.421762,VERTIFIED,DATA
DATA,DATASET,S4,CPU_ONLY,_RUN_1,270,2019102,439388,2458490,74499698,82.127729,VERTIFIED,DATA
DATA,DATASET,S4,CPU_ONLY,_RUN_1,271,1999064,512456,2511520,76106654,79.595783,VERTIFIED,DATA
DATA,DATASET,S4,CPU_ONLY,_RUN_1,272,2017784,342615,2360399,71527251,85.484869,VERTIFIED,DATA
DATA,DATASET,S4,CPU_ONLY,_RUN_1,273,2030023,527087,2557110,77488196,79.387394,VERTIFIED,DATA
DATA,DATASET,S4,CPU_ONLY,_RUN_1,274,2061143,391909,2453052,74334904,84.023616,VERTIFIED,DATA
DATA,DATASET,S4,CPU_ONLY,_RUN_1,275,2081177,283315,2364492,71651275,88.017934,VERTIFIED,DATA
DATA,DATASET,S4,CPU_ONLY,_RUN_1,276,1918153,622420,2540573,76987071,75.500802,VERTIFIED,DATA
DATA,DATASET,S4,CPU_ONLY,_RUN_1,277,1922224,443122,2365346,71677164,81.266081,VERTIFIED,DATA
DATA,DATASET,S4,CPU_ONLY,_RUN_1,278,1836931,612070,2449001,74212153,75.007360,VERTIFIED,DATA
DATA,DATASET,S4,CPU_ONLY,_RUN_1,279,1966706,508359,2475065,75001968,79.460782,VERTIFIED,DATA
DATA,DATASET,S4,CPU_ONLY,_RUN_1,280,2029444,497939,2527383,76587351,80.298237,VERTIFIED,DATA
DATA,DATASET,S4,CPU_ONLY,_RUN_1,281,1956848,505497,2462345,74616501,79.470911,VERTIFIED,DATA
DATA,DATASET,S4,CPU_ONLY,_RUN_1,282,2030998,477045,2508043,76001290,80.979393,VERTIFIED,DATA
DATA,DATASET,S4,CPU_ONLY,_RUN_1,283,1878033,697968,2576001,78060623,72.904979,VERTIFIED,DATA
DATA,DATASET,S4,CPU_ONLY,_RUN_1,284,1928954,644798,2573752,77992491,74.947159,VERTIFIED,DATA
DATA,DATASET,S4,CPU_ONLY,_RUN_1,285,1946730,581624,2528354,76616781,76.995943,VERTIFIED,DATA
DATA,DATASET,S4,CPU_ONLY,_RUN_1,286,2012923,542936,2555859,77450275,78.757201,VERTIFIED,DATA
DATA,DATASET,S4,CPU_ONLY,_RUN_1,287,1917710,639862,2557572,77502190,74.981662,VERTIFIED,DATA
DATA,DATASET,S4,CPU_ONLY,_RUN_1,288,1959097,543720,2502817,75842933,78.275679,VERTIFIED,DATA
DATA,DATASET,S4,CPU_ONLY,_RUN_1,289,1937215,562595,2499810,75751823,77.494490,VERTIFIED,DATA
DATA,DATASET,S4,CPU_ONLY,_RUN_1,290,1953995,491760,2445755,74113786,79.893325,VERTIFIED,DATA
DATA,DATASET,S4,CPU_ONLY,_RUN_1,291,1994259,439776,2434035,73758641,81.932224,VERTIFIED,DATA
DATA,DATASET,S4,CPU_ONLY,_RUN_1,292,1929572,479193,2408765,72992871,80.106279,VERTIFIED,DATA
DATA,DATASET,S4,CPU_ONLY,_RUN_1,293,1998428,481644,2480072,75153687,80.579435,VERTIFIED,DATA
DATA,DATASET,S4,CPU_ONLY,_RUN_1,294,1959859,578381,2538240,76916351,77.213305,VERTIFIED,DATA
DATA,DATASET,S4,CPU_ONLY,_RUN_1,295,1944067,549820,2493887,75572340,77.953291,VERTIFIED,DATA
DATA,DATASET,S4,CPU_ONLY,_RUN_1,296,1992697,449274,2441971,73999121,81.601993,VERTIFIED,DATA
DATA,DATASET,S4,CPU_ONLY,_RUN_1,297,1868808,580212,2449020,74212728,76.308401,VERTIFIED,DATA
DATA,DATASET,S4,CPU_ONLY,_RUN_1,298,1897968,668199,2566167,77762648,73.961204,VERTIFIED,DATA
DATA,DATASET,S4,CPU_ONLY,_RUN_1,299,1751558,682171,2433729,73749363,71.970133,VERTIFIED,DATA
DATA,DATASET,S4,CPU_ONLY,_RUN_1,300,1896995,632129,2529124,76640112,75.006010,VERTIFIED,DATA
DATA,DATASET,S4,CPU_MATMUL,_RUN_1,1,1912914,480364,2393278,72523561,79.928617,VERTIFIED,DATA
DATA,DATASET,S4,CPU_MATMUL,_RUN_1,2,1763800,642778,2406578,72926614,73.290789,VERTIFIED,DATA
DATA,DATASET,S4,CPU_MATMUL,_RUN_1,3,1909540,478096,2387636,72352601,79.976177,VERTIFIED,DATA
DATA,DATASET,S4,CPU_MATMUL,_RUN_1,4,1856125,594290,2450415,74255015,75.747373,VERTIFIED,DATA
DATA,DATASET,S4,CPU_MATMUL,_RUN_1,5,1863050,714744,2577794,78114965,72.273037,VERTIFIED,DATA
DATA,DATASET,S4,CPU_MATMUL,_RUN_1,6,1959500,507888,2467388,74769336,79.415965,VERTIFIED,DATA
DATA,DATASET,S4,CPU_MATMUL,_RUN_1,7,1872362,539377,2411739,73082991,77.635349,VERTIFIED,DATA
DATA,DATASET,S4,CPU_MATMUL,_RUN_1,8,1770702,671730,2442432,74013079,72.497494,VERTIFIED,DATA
DATA,DATASET,S4,CPU_MATMUL,_RUN_1,9,1922112,527061,2449173,74217359,78.480042,VERTIFIED,DATA
DATA,DATASET,S4,CPU_MATMUL,_RUN_1,10,1796710,586960,2383670,72232417,75.375786,VERTIFIED,DATA
DATA,DATASET,S4,CPU_MATMUL,_RUN_1,11,1852629,535406,2388035,72364702,77.579642,VERTIFIED,DATA
DATA,DATASET,S4,CPU_MATMUL,_RUN_1,12,1733148,652201,2385349,72283304,72.658047,VERTIFIED,DATA
DATA,DATASET,S4,CPU_MATMUL,_RUN_1,13,1886346,523362,2409708,73021447,78.281103,VERTIFIED,DATA
DATA,DATASET,S4,CPU_MATMUL,_RUN_1,14,1870277,656975,2527252,76583388,74.004373,VERTIFIED,DATA
DATA,DATASET,S4,CPU_MATMUL,_RUN_1,15,1860111,502787,2362898,71602971,78.721595,VERTIFIED,DATA
DATA,DATASET,S4,CPU_MATMUL,_RUN_1,16,1877050,570387,2447437,74164746,76.694518,VERTIFIED,DATA
DATA,DATASET,S4,CPU_MATMUL,_RUN_1,17,1697380,729231,2426611,73533674,69.948583,VERTIFIED,DATA
DATA,DATASET,S4,CPU_MATMUL,_RUN_1,18,1943363,513528,2456891,74451257,79.098462,VERTIFIED,DATA
DATA,DATASET,S4,CPU_MATMUL,_RUN_1,19,1883329,719859,2603188,78884478,72.347022,VERTIFIED,DATA
DATA,DATASET,S4,CPU_MATMUL,_RUN_1,20,1889123,634519,2523642,76473996,74.857012,VERTIFIED,DATA
DATA,DATASET,S4,CPU_MATMUL,_RUN_1,21,2018720,349895,2368615,71776210,85.227865,VERTIFIED,DATA
DATA,DATASET,S4,CPU_MATMUL,_RUN_1,22,1909188,516003,2425191,73490623,78.723202,VERTIFIED,DATA
DATA,DATASET,S4,CPU_MATMUL,_RUN_1,23,1958800,536498,2495298,75615092,78.499642,VERTIFIED,DATA
DATA,DATASET,S4,CPU_MATMUL,_RUN_1,24,1889824,607013,2496837,75661736,75.688721,VERTIFIED,DATA
DATA,DATASET,S4,CPU_MATMUL,_RUN_1,25,1709514,629285,2338799,70872708,73.093669,VERTIFIED,DATA
DATA,DATASET,S4,CPU_MATMUL,_RUN_1,26,1770642,761465,2532107,76730508,69.927614,VERTIFIED,DATA
DATA,DATASET,S4,CPU_MATMUL,_RUN_1,27,1880686,521500,2402186,72793501,78.290607,VERTIFIED,DATA
DATA,DATASET,S4,CPU_MATMUL,_RUN_1,28,1850300,540594,2390894,72451329,77.389462,VERTIFIED,DATA
DATA,DATASET,S4,CPU_MATMUL,_RUN_1,29,2003580,495341,2498921,75724885,80.177805,VERTIFIED,DATA
DATA,DATASET,S4,CPU_MATMUL,_RUN_1,30,1855630,588812,2444442,74073992,75.912212,VERTIFIED,DATA
DATA,DATASET,S4,CPU_MATMUL,_RUN_1,31,1975627,476689,2452316,74312614,80.561681,VERTIFIED,DATA
DATA,DATASET,S4,CPU_MATMUL,_RUN_1,32,1882488,492795,2375283,71978272,79.253209,VERTIFIED,DATA
DATA,DATASET,S4,CPU_MATMUL,_RUN_1,33,1755663,692995,2448658,74201751,71.698988,VERTIFIED,DATA
DATA,DATASET,S4,CPU_MATMUL,_RUN_1,34,1825864,560113,2385977,72302339,76.524795,VERTIFIED,DATA
DATA,DATASET,S4,CPU_MATMUL,_RUN_1,35,1906106,620105,2526211,76551853,75.453159,VERTIFIED,DATA
DATA,DATASET,S4,CPU_MATMUL,_RUN_1,36,1976211,558208,2534419,76800566,77.974913,VERTIFIED,DATA
DATA,DATASET,S4,CPU_MATMUL,_RUN_1,37,2016753,383383,2400136,72731381,84.026613,VERTIFIED,DATA
DATA,DATASET,S4,CPU_MATMUL,_RUN_1,38,1925970,519018,2444988,74090547,78.772166,VERTIFIED,DATA
DATA,DATASET,S4,CPU_MATMUL,_RUN_1,39,1736605,710081,2446686,74141988,70.977845,VERTIFIED,DATA
DATA,DATASET,S4,CPU_MATMUL,_RUN_1,40,1920599,513462,2434061,73759434,78.905130,VERTIFIED,DATA
DATA,DATASET,S4,CPU_MATMUL,_RUN_1,41,1948511,494834,2443345,74040760,79.747682,VERTIFIED,DATA
DATA,DATASET,S4,CPU_MATMUL,_RUN_1,42,1785735,685306,2471041,74880035,72.266506,VERTIFIED,DATA
DATA,DATASET,S4,CPU_MATMUL,_RUN_1,43,1832712,640776,2473488,74954179,74.094235,VERTIFIED,DATA
DATA,DATASET,S4,CPU_MATMUL,_RUN_1,44,1927621,456418,2384039,72243616,80.855263,VERTIFIED,DATA
DATA,DATASET,S4,CPU_MATMUL,_RUN_1,45,1848510,515183,2363693,71627070,78.204318,VERTIFIED,DATA
DATA,DATASET,S4,CPU_MATMUL,_RUN_1,46,1817356,590798,2408154,72974363,75.466768,VERTIFIED,DATA
DATA,DATASET,S4,CPU_MATMUL,_RUN_1,47,1772687,781719,2554406,77406254,69.397230,VERTIFIED,DATA
DATA,DATASET,S4,CPU_MATMUL,_RUN_1,48,1872084,591457,2463541,74652762,75.991591,VERTIFIED,DATA
DATA,DATASET,S4,CPU_MATMUL,_RUN_1,49,1858712,512802,2371514,71864068,78.376598,VERTIFIED,DATA
DATA,DATASET,S4,CPU_MATMUL,_RUN_1,50,1896714,578829,2475543,75016457,76.618100,VERTIFIED,DATA
DATA,DATASET,S4,CPU_MATMUL,_RUN_1,51,1853452,498128,2351580,71260003,78.817306,VERTIFIED,DATA
DATA,DATASET,S4,CPU_MATMUL,_RUN_1,52,1854715,501910,2356625,71412865,78.702169,VERTIFIED,DATA
DATA,DATASET,S4,CPU_MATMUL,_RUN_1,53,1837012,604150,2441162,73974591,75.251540,VERTIFIED,DATA
DATA,DATASET,S4,CPU_MATMUL,_RUN_1,54,2012822,461601,2474423,74982516,81.345106,VERTIFIED,DATA
DATA,DATASET,S4,CPU_MATMUL,_RUN_1,55,1823765,588228,2411993,73090698,75.612367,VERTIFIED,DATA
DATA,DATASET,S4,CPU_MATMUL,_RUN_1,56,1899515,560671,2460186,74551100,77.210219,VERTIFIED,DATA
DATA,DATASET,S4,CPU_MATMUL,_RUN_1,57,2000554,423191,2423745,73446831,82.539789,VERTIFIED,DATA
DATA,DATASET,S4,CPU_MATMUL,_RUN_1,58,1916875,553124,2469999,74848448,77.606307,VERTIFIED,DATA
DATA,DATASET,S4,CPU_MATMUL,_RUN_1,59,1684807,784620,2469427,74831132,68.226637,VERTIFIED,DATA
DATA,DATASET,S4,CPU_MATMUL,_RUN_1,60,1810795,607515,2418310,73282113,74.878531,VERTIFIED,DATA
DATA,DATASET,S4,CPU_MATMUL,_RUN_1,61,1872201,591176,2463377,74647795,76.001400,VERTIFIED,DATA
DATA,DATASET,S4,CPU_MATMUL,_RUN_1,62,1878179,667617,2545796,77145320,73.775707,VERTIFIED,DATA
DATA,DATASET,S4,CPU_MATMUL,_RUN_1,63,1921924,425420,2347344,71131625,81.876538,VERTIFIED,DATA
DATA,DATASET,S4,CPU_MATMUL,_RUN_1,64,2002428,431629,2434057,73759300,82.267096,VERTIFIED,DATA
DATA,DATASET,S4,CPU_MATMUL,_RUN_1,65,1859642,624758,2484400,75284862,74.852761,VERTIFIED,DATA
DATA,DATASET,S4,CPU_MATMUL,_RUN_1,66,1985892,380482,2366374,71708311,83.921307,VERTIFIED,DATA
DATA,DATASET,S4,CPU_MATMUL,_RUN_1,67,1874751,553390,2428141,73580034,77.209314,VERTIFIED,DATA
DATA,DATASET,S4,CPU_MATMUL,_RUN_1,68,1875641,571410,2447051,74153059,76.649036,VERTIFIED,DATA
DATA,DATASET,S4,CPU_MATMUL,_RUN_1,69,1876916,584622,2461538,74592057,76.249727,VERTIFIED,DATA
DATA,DATASET,S4,CPU_MATMUL,_RUN_1,70,1965396,434711,2400107,72730505,81.887849,VERTIFIED,DATA
DATA,DATASET,S4,CPU_MATMUL,_RUN_1,71,1917516,611596,2529112,76639747,75.817757,VERTIFIED,DATA
DATA,DATASET,S4,CPU_MATMUL,_RUN_1,72,1931896,509991,2441887,73996587,79.114881,VERTIFIED,DATA
DATA,DATASET,S4,CPU_MATMUL,_RUN_1,73,1839954,632988,2472942,74937631,74.403443,VERTIFIED,DATA
DATA,DATASET,S4,CPU_MATMUL,_RUN_1,74,1764793,629548,2394341,72555798,73.706836,VERTIFIED,DATA
DATA,DATASET,S4,CPU_MATMUL,_RUN_1,75,1848721,633540,2482261,75220045,74.477301,VERTIFIED,DATA
DATA,DATASET,S4,CPU_MATMUL,_RUN_1,76,1813487,635875,2449362,74223101,74.039158,VERTIFIED,DATA
DATA,DATASET,S4,CPU_MATMUL,_RUN_1,77,1919446,530428,2449874,74238611,78.348764,VERTIFIED,DATA
DATA,DATASET,S4,CPU_MATMUL,_RUN_1,78,1812443,630302,2442745,74022561,74.196979,VERTIFIED,DATA
DATA,DATASET,S4,CPU_MATMUL,_RUN_1,79,1973960,428198,2402158,72792654,82.174445,VERTIFIED,DATA
DATA,DATASET,S4,CPU_MATMUL,_RUN_1,80,1953586,492910,2446496,74136255,79.852409,VERTIFIED,DATA
DATA,DATASET,S4,CPU_MATMUL,_RUN_1,81,1880570,448402,2328972,70574905,80.746784,VERTIFIED,DATA
DATA,DATASET,S4,CPU_MATMUL,_RUN_1,82,1861432,526992,2388424,72376500,77.935576,VERTIFIED,DATA
DATA,DATASET,S4,CPU_MATMUL,_RUN_1,83,1898418,578382,2476800,75054537,76.648014,VERTIFIED,DATA
DATA,DATASET,S4,CPU_MATMUL,_RUN_1,84,1909396,590361,2499757,75750225,76.383264,VERTIFIED,DATA
DATA,DATASET,S4,CPU_MATMUL,_RUN_1,85,1938389,361496,2299885,69693486,84.281997,VERTIFIED,DATA
DATA,DATASET,S4,CPU_MATMUL,_RUN_1,86,1731625,637379,2369004,71788012,73.095064,VERTIFIED,DATA
DATA,DATASET,S4,CPU_MATMUL,_RUN_1,87,1938314,466333,2404647,72868084,80.607008,VERTIFIED,DATA
DATA,DATASET,S4,CPU_MATMUL,_RUN_1,88,1919796,636839,2556635,77473785,75.090735,VERTIFIED,DATA
DATA,DATASET,S4,CPU_MATMUL,_RUN_1,89,1901060,505524,2406584,72926793,78.994126,VERTIFIED,DATA
DATA,DATASET,S4,CPU_MATMUL,_RUN_1,90,1944195,480794,2424989,73484509,80.173353,VERTIFIED,DATA
DATA,DATASET,S4,CPU_MATMUL,_RUN_1,91,1842404,643786,2486190,75339090,74.105519,VERTIFIED,DATA
DATA,DATASET,S4,CPU_MATMUL,_RUN_1,92,1854656,539093,2393749,72537853,77.479134,VERTIFIED,DATA
DATA,DATASET,S4,CPU_MATMUL,_RUN_1,93,1816704,590965,2407669,72959663,75.454890,VERTIFIED,DATA
DATA,DATASET,S4,CPU_MATMUL,_RUN_1,94,1740035,739801,2479836,75146557,70.167342,VERTIFIED,DATA
DATA,DATASET,S4,CPU_MATMUL,_RUN_1,95,1912678,491000,2403678,72838727,79.572971,VERTIFIED,DATA
DATA,DATASET,S4,CPU_MATMUL,_RUN_1,96,1898192,593003,2491195,75490744,76.196042,VERTIFIED,DATA
DATA,DATASET,S4,CPU_MATMUL,_RUN_1,97,1923126,544509,2467635,74776816,77.933973,VERTIFIED,DATA
DATA,DATASET,S4,CPU_MATMUL,_RUN_1,98,1763000,643349,2406349,72919668,73.264518,VERTIFIED,DATA
DATA,DATASET,S4,CPU_MATMUL,_RUN_1,99,1839710,600042,2439752,73931876,75.405615,VERTIFIED,DATA
DATA,DATASET,S4,CPU_MATMUL,_RUN_1,100,1830310,608884,2439194,73914978,75.037492,VERTIFIED,DATA
DATA,DATASET,S4,CPU_MATMUL,_RUN_1,101,1829010,510875,2339885,70905603,78.166662,VERTIFIED,DATA
DATA,DATASET,S4,CPU_MATMUL,_RUN_1,102,1895140,558616,2453756,74356233,77.234248,VERTIFIED,DATA
DATA,DATASET,S4,CPU_MATMUL,_RUN_1,103,1963967,537985,2501952,75816734,78.497389,VERTIFIED,DATA
DATA,DATASET,S4,CPU_MATMUL,_RUN_1,104,1760240,697575,2457815,74479249,71.618084,VERTIFIED,DATA
DATA,DATASET,S4,CPU_MATMUL,_RUN_1,105,1867966,575237,2443203,74036445,76.455620,VERTIFIED,DATA
DATA,DATASET,S4,CPU_MATMUL,_RUN_1,106,1833025,734620,2567645,77807420,71.389347,VERTIFIED,DATA
DATA,DATASET,S4,CPU_MATMUL,_RUN_1,107,1826790,581142,2407932,72967624,75.865514,VERTIFIED,DATA
DATA,DATASET,S4,CPU_MATMUL,_RUN_1,108,1860961,610731,2471692,74899759,75.290975,VERTIFIED,DATA
DATA,DATASET,S4,CPU_MATMUL,_RUN_1,109,1916449,622828,2539277,76947792,75.472231,VERTIFIED,DATA
DATA,DATASET,S4,CPU_MATMUL,_RUN_1,110,1833869,581659,2415528,73197833,75.920006,VERTIFIED,DATA
DATA,DATASET,S4,CPU_MATMUL,_RUN_1,111,1825991,550405,2376396,72011985,76.838667,VERTIFIED,DATA
DATA,DATASET,S4,CPU_MATMUL,_RUN_1,112,1899959,561107,2461066,74577766,77.200652,VERTIFIED,DATA
DATA,DATASET,S4,CPU_MATMUL,_RUN_1,113,1992060,453608,2445668,74111145,81.452593,VERTIFIED,DATA
DATA,DATASET,S4,CPU_MATMUL,_RUN_1,114,2004931,419713,2424644,73474061,82.689706,VERTIFIED,DATA
DATA,DATASET,S4,CPU_MATMUL,_RUN_1,115,1911149,651074,2562223,77643134,74.589487,VERTIFIED,DATA
DATA,DATASET,S4,CPU_MATMUL,_RUN_1,116,2060877,342970,2403847,72843839,85.732453,VERTIFIED,DATA
DATA,DATASET,S4,CPU_MATMUL,_RUN_1,117,1981637,446076,2427713,73567048,81.625670,VERTIFIED,DATA
DATA,DATASET,S4,CPU_MATMUL,_RUN_1,118,1900245,586820,2487065,75365603,76.405120,VERTIFIED,DATA
DATA,DATASET,S4,CPU_MATMUL,_RUN_1,119,1884230,458364,2342594,70987701,80.433485,VERTIFIED,DATA
DATA,DATASET,S4,CPU_MATMUL,_RUN_1,120,1869213,555519,2424732,73476728,77.089468,VERTIFIED,DATA
DATA,DATASET,S4,CPU_MATMUL,_RUN_1,121,1820301,550259,2370560,71835139,76.787805,VERTIFIED,DATA
DATA,DATASET,S4,CPU_MATMUL,_RUN_1,122,1774484,744415,2518899,76330284,70.446810,VERTIFIED,DATA
DATA,DATASET,S4,CPU_MATMUL,_RUN_1,123,1995796,436547,2432343,73707372,82.052408,VERTIFIED,DATA
DATA,DATASET,S4,CPU_MATMUL,_RUN_1,124,1929974,537919,2467893,74784643,78.203309,VERTIFIED,DATA
DATA,DATASET,S4,CPU_MATMUL,_RUN_1,125,1909850,572908,2482758,75235090,76.924533,VERTIFIED,DATA
DATA,DATASET,S4,CPU_MATMUL,_RUN_1,126,1870802,426765,2297567,69623238,81.425351,VERTIFIED,DATA
DATA,DATASET,S4,CPU_MATMUL,_RUN_1,127,1808951,604445,2413396,73133212,74.954587,VERTIFIED,DATA
DATA,DATASET,S4,CPU_MATMUL,_RUN_1,128,1973931,402439,2376370,72011208,83.064969,VERTIFIED,DATA
DATA,DATASET,S4,CPU_MATMUL,_RUN_1,129,1900983,539470,2440453,73953126,77.894678,VERTIFIED,DATA
DATA,DATASET,S4,CPU_MATMUL,_RUN_1,130,1817233,675437,2492670,75535448,72.903072,VERTIFIED,DATA
DATA,DATASET,S4,CPU_MATMUL,_RUN_1,131,1858634,553273,2411907,73088099,77.060766,VERTIFIED,DATA
DATA,DATASET,S4,CPU_MATMUL,_RUN_1,132,1895833,487440,2383273,72220386,79.547454,VERTIFIED,DATA
DATA,DATASET,S4,CPU_MATMUL,_RUN_1,133,1846889,537104,2383993,72242224,77.470404,VERTIFIED,DATA
DATA,DATASET,S4,CPU_MATMUL,_RUN_1,134,1735022,695713,2430735,73658648,71.378493,VERTIFIED,DATA
DATA,DATASET,S4,CPU_MATMUL,_RUN_1,135,1870992,661994,2532986,76757139,73.865075,VERTIFIED,DATA
DATA,DATASET,S4,CPU_MATMUL,_RUN_1,136,1741100,697633,2438733,73900997,71.393629,VERTIFIED,DATA
DATA,DATASET,S4,CPU_MATMUL,_RUN_1,137,1766422,656514,2422936,73422301,72.904196,VERTIFIED,DATA
DATA,DATASET,S4,CPU_MATMUL,_RUN_1,138,1931126,517177,2448303,74191007,78.876103,VERTIFIED,DATA
DATA,DATASET,S4,CPU_MATMUL,_RUN_1,139,1831255,600128,2431383,73678280,75.317422,VERTIFIED,DATA
DATA,DATASET,S4,CPU_MATMUL,_RUN_1,140,1945975,501617,2447592,74169450,79.505694,VERTIFIED,DATA
DATA,DATASET,S4,CPU_MATMUL,_RUN_1,141,2016747,365381,2382128,72185710,84.661572,VERTIFIED,DATA
DATA,DATASET,S4,CPU_MATMUL,_RUN_1,142,1835134,654724,2489858,75450232,73.704364,VERTIFIED,DATA
DATA,DATASET,S4,CPU_MATMUL,_RUN_1,143,1957915,462735,2420650,73353033,80.883854,VERTIFIED,DATA
DATA,DATASET,S4,CPU_MATMUL,_RUN_1,144,1844777,607365,2452142,74307341,75.231247,VERTIFIED,DATA
DATA,DATASET,S4,CPU_MATMUL,_RUN_1,145,1980654,496732,2477386,75072295,79.949350,VERTIFIED,DATA
DATA,DATASET,S4,CPU_MATMUL,_RUN_1,146,1791768,562977,2354745,71355912,76.091806,VERTIFIED,DATA
DATA,DATASET,S4,CPU_MATMUL,_RUN_1,147,1898841,539480,2438321,73888508,77.874939,VERTIFIED,DATA
DATA,DATASET,S4,CPU_MATMUL,_RUN_1,148,1871807,470394,2342201,70975784,79.916583,VERTIFIED,DATA
DATA,DATASET,S4,CPU_MATMUL,_RUN_1,149,1867440,616334,2483774,75265893,75.185585,VERTIFIED,DATA
DATA,DATASET,S4,CPU_MATMUL,_RUN_1,150,1741601,699794,2441395,73981668,71.336306,VERTIFIED,DATA
DATA,DATASET,S4,CPU_MATMUL,_RUN_1,151,1956994,543559,2500553,75774340,78.262448,VERTIFIED,DATA
DATA,DATASET,S4,CPU_MATMUL,_RUN_1,152,1909087,492138,2401225,72764390,79.504711,VERTIFIED,DATA
DATA,DATASET,S4,CPU_MATMUL,_RUN_1,153,1847522,619210,2466732,74749454,74.897557,VERTIFIED,DATA
DATA,DATASET,S4,CPU_MATMUL,_RUN_1,154,1855196,605978,2461174,74581031,75.378498,VERTIFIED,DATA
DATA,DATASET,S4,CPU_MATMUL,_RUN_1,155,1855749,575006,2430755,73659248,76.344551,VERTIFIED,DATA
DATA,DATASET,S4,CPU_MATMUL,_RUN_1,156,1730079,618553,2348632,71170672,73.663264,VERTIFIED,DATA
DATA,DATASET,S4,CPU_MATMUL,_RUN_1,157,1873215,530480,2403695,72839253,77.930644,VERTIFIED,DATA
DATA,DATASET,S4,CPU_MATMUL,_RUN_1,158,1785411,549096,2334507,70742642,76.479145,VERTIFIED,DATA
DATA,DATASET,S4,CPU_MATMUL,_RUN_1,159,1815832,534279,2350111,71215471,77.265797,VERTIFIED,DATA
DATA,DATASET,S4,CPU_MATMUL,_RUN_1,160,1942594,473917,2416511,73227603,80.388378,VERTIFIED,DATA
DATA,DATASET,S4,CPU_MATMUL,_RUN_1,161,1850955,492900,2343855,71025900,78.970542,VERTIFIED,DATA
DATA,DATASET,S4,CPU_MATMUL,_RUN_1,162,1820194,648466,2468660,74807874,73.732065,VERTIFIED,DATA
DATA,DATASET,S4,CPU_MATMUL,_RUN_1,163,2004652,515726,2520378,76375079,79.537752,VERTIFIED,DATA
DATA,DATASET,S4,CPU_MATMUL,_RUN_1,164,2007697,479931,2487628,75382673,80.707284,VERTIFIED,DATA
DATA,DATASET,S4,CPU_MATMUL,_RUN_1,165,1848496,625546,2474042,74970961,74.715627,VERTIFIED,DATA
DATA,DATASET,S4,CPU_MATMUL,_RUN_1,166,1934173,511076,2445249,74098465,79.099225,VERTIFIED,DATA
DATA,DATASET,S4,CPU_MATMUL,_RUN_1,167,1912307,518506,2430813,73661008,78.669441,VERTIFIED,DATA
DATA,DATASET,S4,CPU_MATMUL,_RUN_1,168,1938690,480756,2419446,73316532,80.129501,VERTIFIED,DATA
DATA,DATASET,S4,CPU_MATMUL,_RUN_1,169,1853927,533814,2387741,72355789,77.643555,VERTIFIED,DATA
DATA,DATASET,S4,CPU_MATMUL,_RUN_1,170,1898183,398383,2296566,69592920,82.653100,VERTIFIED,DATA
DATA,DATASET,S4,CPU_MATMUL,_RUN_1,171,1726322,724252,2450574,74259809,70.445618,VERTIFIED,DATA
DATA,DATASET,S4,CPU_MATMUL,_RUN_1,172,1739539,629424,2368963,71786751,73.430400,VERTIFIED,DATA
DATA,DATASET,S4,CPU_MATMUL,_RUN_1,173,1927706,440665,2368371,71768825,81.393751,VERTIFIED,DATA
DATA,DATASET,S4,CPU_MATMUL,_RUN_1,174,1823716,648918,2472634,74928302,73.756003,VERTIFIED,DATA
DATA,DATASET,S4,CPU_MATMUL,_RUN_1,175,1862701,614132,2476833,75055534,75.204949,VERTIFIED,DATA
DATA,DATASET,S4,CPU_MATMUL,_RUN_1,176,2020844,333983,2354827,71358409,85.817090,VERTIFIED,DATA
DATA,DATASET,S4,CPU_MATMUL,_RUN_1,177,2030707,281747,2312454,70074362,87.816104,VERTIFIED,DATA
DATA,DATASET,S4,CPU_MATMUL,_RUN_1,178,1928454,505165,2433619,73746032,79.242231,VERTIFIED,DATA
DATA,DATASET,S4,CPU_MATMUL,_RUN_1,179,1860695,485786,2346481,71105481,79.297254,VERTIFIED,DATA
DATA,DATASET,S4,CPU_MATMUL,_RUN_1,180,1950536,488064,2438600,73896958,79.985894,VERTIFIED,DATA
DATA,DATASET,S4,CPU_MATMUL,_RUN_1,181,1846075,564574,2410649,73049968,76.580000,VERTIFIED,DATA
DATA,DATASET,S4,CPU_MATMUL,_RUN_1,182,1904445,550936,2455381,74405489,77.562097,VERTIFIED,DATA
DATA,DATASET,S4,CPU_MATMUL,_RUN_1,183,1761094,615997,2377091,72033054,74.086099,VERTIFIED,DATA
DATA,DATASET,S4,CPU_MATMUL,_RUN_1,184,1730612,584349,2314961,70150341,74.757717,VERTIFIED,DATA
DATA,DATASET,S4,CPU_MATMUL,_RUN_1,185,1817230,644566,2461796,74599874,73.817246,VERTIFIED,DATA
DATA,DATASET,S4,CPU_MATMUL,_RUN_1,186,1861769,597364,2459133,74519195,75.708349,VERTIFIED,DATA
DATA,DATASET,S4,CPU_MATMUL,_RUN_1,187,1970301,477607,2447908,74179043,80.489177,VERTIFIED,DATA
DATA,DATASET,S4,CPU_MATMUL,_RUN_1,188,1955873,421410,2377283,72038889,82.273461,VERTIFIED,DATA
DATA,DATASET,S4,CPU_MATMUL,_RUN_1,189,1881916,635463,2517379,76284204,74.756960,VERTIFIED,DATA
DATA,DATASET,S4,CPU_MATMUL,_RUN_1,190,2091214,383933,2475147,75004455,84.488477,VERTIFIED,DATA
DATA,DATASET,S4,CPU_MATMUL,_RUN_1,191,1936475,469253,2405728,72900862,80.494345,VERTIFIED,DATA
DATA,DATASET,S4,CPU_MATMUL,_RUN_1,192,1883123,565492,2448615,74200446,76.905638,VERTIFIED,DATA
DATA,DATASET,S4,CPU_MATMUL,_RUN_1,193,2017592,456014,2473606,74957758,81.564809,VERTIFIED,DATA
DATA,DATASET,S4,CPU_MATMUL,_RUN_1,194,1884441,598002,2482443,75225545,75.910746,VERTIFIED,DATA
DATA,DATASET,S4,CPU_MATMUL,_RUN_1,195,1854365,506903,2361268,71553590,78.532594,VERTIFIED,DATA
DATA,DATASET,S4,CPU_MATMUL,_RUN_1,196,1765326,575990,2341316,70948967,75.398878,VERTIFIED,DATA
DATA,DATASET,S4,CPU_MATMUL,_RUN_1,197,1761268,549025,2310293,70008883,76.235698,VERTIFIED,DATA
DATA,DATASET,S4,CPU_MATMUL,_RUN_1,198,1822025,582090,2404115,72851962,75.787764,VERTIFIED,DATA
DATA,DATASET,S4,CPU_MATMUL,_RUN_1,199,2025437,425952,2451389,74284524,82.624055,VERTIFIED,DATA
DATA,DATASET,S4,CPU_MATMUL,_RUN_1,200,1854007,588330,2442337,74010213,75.911187,VERTIFIED,DATA
DATA,DATASET,S4,CPU_MATMUL,_RUN_1,201,1885251,503319,2388570,72380896,78.928020,VERTIFIED,DATA
DATA,DATASET,S4,CPU_MATMUL,_RUN_1,202,1875728,591317,2467045,74758940,76.031365,VERTIFIED,DATA
DATA,DATASET,S4,CPU_MATMUL,_RUN_1,203,1939747,450242,2389989,72423923,81.161336,VERTIFIED,DATA
DATA,DATASET,S4,CPU_MATMUL,_RUN_1,204,1782103,530625,2312728,70082679,77.056316,VERTIFIED,DATA
DATA,DATASET,S4,CPU_MATMUL,_RUN_1,205,1843264,534945,2378209,72066945,77.506392,VERTIFIED,DATA
DATA,DATASET,S4,CPU_MATMUL,_RUN_1,206,1827043,618013,2445056,74092608,74.723974,VERTIFIED,DATA
DATA,DATASET,S4,CPU_MATMUL,_RUN_1,207,1861935,579376,2441311,73979114,76.267833,VERTIFIED,DATA
DATA,DATASET,S4,CPU_MATMUL,_RUN_1,208,1922357,528974,2451331,74282756,78.420948,VERTIFIED,DATA
DATA,DATASET,S4,CPU_MATMUL,_RUN_1,209,1889455,547704,2437159,73853297,77.526948,VERTIFIED,DATA
DATA,DATASET,S4,CPU_MATMUL,_RUN_1,210,1815729,628701,2444430,74073630,74.280262,VERTIFIED,DATA
DATA,DATASET,S4,CPU_MATMUL,_RUN_1,211,1990979,352978,2343957,71028986,84.940935,VERTIFIED,DATA
DATA,DATASET,S4,CPU_MATMUL,_RUN_1,212,1869936,655162,2525098,76518114,74.053997,VERTIFIED,DATA
DATA,DATASET,S4,CPU_MATMUL,_RUN_1,213,1823747,615526,2439273,73917377,74.766006,VERTIFIED,DATA
DATA,DATASET,S4,CPU_MATMUL,_RUN_1,214,1957749,502894,2460643,74564953,79.562496,VERTIFIED,DATA
DATA,DATASET,S4,CPU_MATMUL,_RUN_1,215,1693040,650005,2343045,71001351,72.258109,VERTIFIED,DATA
DATA,DATASET,S4,CPU_MATMUL,_RUN_1,216,1831932,570157,2402089,72790587,76.264118,VERTIFIED,DATA
DATA,DATASET,S4,CPU_MATMUL,_RUN_1,217,1878689,472712,2351401,71254580,79.896581,VERTIFIED,DATA
DATA,DATASET,S4,CPU_MATMUL,_RUN_1,218,1913740,389928,2303668,69808114,83.073603,VERTIFIED,DATA
DATA,DATASET,S4,CPU_MATMUL,_RUN_1,219,1798425,533714,2332139,70670882,77.114829,VERTIFIED,DATA
DATA,DATASET,S4,CPU_MATMUL,_RUN_1,220,1767128,664556,2431684,73687409,72.670956,VERTIFIED,DATA
DATA,DATASET,S4,CPU_MATMUL,_RUN_1,221,1678137,815714,2493851,75571250,67.290989,VERTIFIED,DATA
DATA,DATASET,S4,CPU_MATMUL,_RUN_1,222,1749467,673462,2422929,73422106,72.204633,VERTIFIED,DATA
DATA,DATASET,S4,CPU_MATMUL,_RUN_1,223,1878349,665009,2543358,77071440,73.853111,VERTIFIED,DATA
DATA,DATASET,S4,CPU_MATMUL,_RUN_1,224,1737416,661979,2399395,72708930,72.410587,VERTIFIED,DATA
DATA,DATASET,S4,CPU_MATMUL,_RUN_1,225,1938306,396148,2334454,70741022,83.030379,VERTIFIED,DATA
DATA,DATASET,S4,CPU_MATMUL,_RUN_1,226,1693412,742280,2435692,73808852,69.524882,VERTIFIED,DATA
DATA,DATASET,S4,CPU_MATMUL,_RUN_1,227,1787296,550982,2338278,70856907,76.436420,VERTIFIED,DATA
DATA,DATASET,S4,CPU_MATMUL,_RUN_1,228,1773445,526837,2300282,69705506,77.096852,VERTIFIED,DATA
DATA,DATASET,S4,CPU_MATMUL,_RUN_1,229,1829029,498076,2327105,70518330,78.596754,VERTIFIED,DATA
DATA,DATASET,S4,CPU_MATMUL,_RUN_1,230,1886887,493540,2380427,72134157,79.266745,VERTIFIED,DATA
DATA,DATASET,S4,CPU_MATMUL,_RUN_1,231,1959281,501813,2461094,74578596,79.610165,VERTIFIED,DATA
DATA,DATASET,S4,CPU_MATMUL,_RUN_1,232,1839084,608284,2447368,74162663,75.145381,VERTIFIED,DATA
DATA,DATASET,S4,CPU_MATMUL,_RUN_1,233,1752597,667981,2420578,73350852,72.404070,VERTIFIED,DATA
DATA,DATASET,S4,CPU_MATMUL,_RUN_1,234,1795769,476045,2271814,68842836,79.045600,VERTIFIED,DATA
DATA,DATASET,S4,CPU_MATMUL,_RUN_1,235,1807667,617990,2425657,73504747,74.522779,VERTIFIED,DATA
DATA,DATASET,S4,CPU_MATMUL,_RUN_1,236,1982938,399293,2382231,72188830,83.238695,VERTIFIED,DATA
DATA,DATASET,S4,CPU_MATMUL,_RUN_1,237,1919226,526413,2445639,74110272,78.475441,VERTIFIED,DATA
DATA,DATASET,S4,CPU_MATMUL,_RUN_1,238,2012513,436402,2448915,74209557,82.179782,VERTIFIED,DATA
DATA,DATASET,S4,CPU_MATMUL,_RUN_1,239,1839237,546514,2385751,72295487,77.092580,VERTIFIED,DATA
DATA,DATASET,S4,CPU_MATMUL,_RUN_1,240,1898321,465332,2363653,71625847,80.313015,VERTIFIED,DATA
DATA,DATASET,S4,CPU_MATMUL,_RUN_1,241,1940310,476899,2417209,73248769,80.270676,VERTIFIED,DATA
DATA,DATASET,S4,CPU_MATMUL,_RUN_1,242,1864787,471736,2336523,70803734,79.810342,VERTIFIED,DATA
DATA,DATASET,S4,CPU_MATMUL,_RUN_1,243,1925738,448467,2374205,71945594,81.110856,VERTIFIED,DATA
DATA,DATASET,S4,CPU_MATMUL,_RUN_1,244,1837164,483164,2320328,70312980,79.176909,VERTIFIED,DATA
DATA,DATASET,S4,CPU_MATMUL,_RUN_1,245,1881502,643376,2524878,76511449,74.518531,VERTIFIED,DATA
DATA,DATASET,S4,CPU_MATMUL,_RUN_1,246,1807789,547883,2355672,71384010,76.741966,VERTIFIED,DATA
DATA,DATASET,S4,CPU_MATMUL,_RUN_1,247,1797503,529735,2327238,70522351,77.237610,VERTIFIED,DATA
DATA,DATASET,S4,CPU_MATMUL,_RUN_1,248,1786818,597408,2384226,72249279,74.943315,VERTIFIED,DATA
DATA,DATASET,S4,CPU_MATMUL,_RUN_1,249,1743679,720478,2464157,74671437,70.761684,VERTIFIED,DATA
DATA,DATASET,S4,CPU_MATMUL,_RUN_1,250,1804043,622447,2426490,73530001,74.347844,VERTIFIED,DATA
DATA,DATASET,S4,CPU_MATMUL,_RUN_1,251,1867925,619271,2487196,75369565,75.101641,VERTIFIED,DATA
DATA,DATASET,S4,CPU_MATMUL,_RUN_1,252,1935957,504349,2440306,73948667,79.332551,VERTIFIED,DATA
DATA,DATASET,S4,CPU_MATMUL,_RUN_1,253,1937675,416818,2354493,71348273,82.296911,VERTIFIED,DATA
DATA,DATASET,S4,CPU_MATMUL,_RUN_1,254,1917288,514328,2431616,73685324,78.848305,VERTIFIED,DATA
DATA,DATASET,S4,CPU_MATMUL,_RUN_1,255,1817718,661988,2479706,75142614,73.303771,VERTIFIED,DATA
DATA,DATASET,S4,CPU_MATMUL,_RUN_1,256,1881073,534758,2415831,73206994,77.864428,VERTIFIED,DATA
DATA,DATASET,S4,CPU_MATMUL,_RUN_1,257,1821432,560204,2381636,72170788,76.478186,VERTIFIED,DATA
DATA,DATASET,S4,CPU_MATMUL,_RUN_1,258,1924387,481013,2405400,72890905,80.002785,VERTIFIED,DATA
DATA,DATASET,S4,CPU_MATMUL,_RUN_1,259,1815950,551908,2367858,71753262,76.691677,VERTIFIED,DATA
DATA,DATASET,S4,CPU_MATMUL,_RUN_1,260,1768714,506816,2275530,68955440,77.727562,VERTIFIED,DATA
DATA,DATASET,S4,CPU_MATMUL,_RUN_1,261,1990015,357404,2347419,71133918,84.774597,VERTIFIED,DATA
DATA,DATASET,S4,CPU_MATMUL,_RUN_1,262,1819176,592721,2411897,73087802,75.425111,VERTIFIED,DATA
DATA,DATASET,S4,CPU_MATMUL,_RUN_1,263,1914371,500575,2414946,73180191,79.271793,VERTIFIED,DATA
DATA,DATASET,S4,CPU_MATMUL,_RUN_1,264,1898355,514128,2412483,73105531,78.688845,VERTIFIED,DATA
DATA,DATASET,S4,CPU_MATMUL,_RUN_1,265,1852432,581697,2434129,73761493,76.102458,VERTIFIED,DATA
DATA,DATASET,S4,CPU_MATMUL,_RUN_1,266,1845025,524417,2369442,71801266,77.867489,VERTIFIED,DATA
DATA,DATASET,S4,CPU_MATMUL,_RUN_1,267,1896286,616031,2512317,76130820,75.479567,VERTIFIED,DATA
DATA,DATASET,S4,CPU_MATMUL,_RUN_1,268,1957839,461070,2418909,73300277,80.938927,VERTIFIED,DATA
DATA,DATASET,S4,CPU_MATMUL,_RUN_1,269,1818143,632725,2450868,74268737,74.183636,VERTIFIED,DATA
DATA,DATASET,S4,CPU_MATMUL,_RUN_1,270,1804074,613378,2417452,73256118,74.627087,VERTIFIED,DATA
DATA,DATASET,S4,CPU_MATMUL,_RUN_1,271,1822761,622382,2445143,74095239,74.546192,VERTIFIED,DATA
DATA,DATASET,S4,CPU_MATMUL,_RUN_1,272,1879362,516435,2395797,72599912,78.444125,VERTIFIED,DATA
DATA,DATASET,S4,CPU_MATMUL,_RUN_1,273,1853875,722221,2576096,78063517,71.964515,VERTIFIED,DATA
DATA,DATASET,S4,CPU_MATMUL,_RUN_1,274,1865342,699957,2565299,77736341,72.714409,VERTIFIED,DATA
DATA,DATASET,S4,CPU_MATMUL,_RUN_1,275,1927070,416158,2343228,71006909,82.239970,VERTIFIED,DATA
DATA,DATASET,S4,CPU_MATMUL,_RUN_1,276,1779685,605390,2385075,72275012,74.617570,VERTIFIED,DATA
DATA,DATASET,S4,CPU_MATMUL,_RUN_1,277,1809719,665525,2475244,75007382,73.112752,VERTIFIED,DATA
DATA,DATASET,S4,CPU_MATMUL,_RUN_1,278,1971847,453493,2425340,73495161,81.301879,VERTIFIED,DATA
DATA,DATASET,S4,CPU_MATMUL,_RUN_1,279,1868648,503150,2371798,71872657,78.786136,VERTIFIED,DATA
DATA,DATASET,S4,CPU_MATMUL,_RUN_1,280,1909057,602572,2511629,76109980,76.008718,VERTIFIED,DATA
DATA,DATASET,S4,CPU_MATMUL,_RUN_1,281,1873292,653365,2526657,76565349,74.141128,VERTIFIED,DATA
DATA,DATASET,S4,CPU_MATMUL,_RUN_1,282,1850284,592905,2443189,74036038,75.732332,VERTIFIED,DATA
DATA,DATASET,S4,CPU_MATMUL,_RUN_1,283,1911049,665796,2576845,78086204,74.162357,VERTIFIED,DATA
DATA,DATASET,S4,CPU_MATMUL,_RUN_1,284,1973102,605663,2578765,78144391,76.513447,VERTIFIED,DATA
DATA,DATASET,S4,CPU_MATMUL,_RUN_1,285,1902904,585311,2488215,75400448,76.476671,VERTIFIED,DATA
DATA,DATASET,S4,CPU_MATMUL,_RUN_1,286,1863219,519118,2382337,72192038,78.209716,VERTIFIED,DATA
DATA,DATASET,S4,CPU_MATMUL,_RUN_1,287,1908437,562480,2470917,74876258,77.235982,VERTIFIED,DATA
DATA,DATASET,S4,CPU_MATMUL,_RUN_1,288,1840198,595422,2435620,73806658,75.553576,VERTIFIED,DATA
DATA,DATASET,S4,CPU_MATMUL,_RUN_1,289,1906258,579205,2485463,75317049,76.696294,VERTIFIED,DATA
DATA,DATASET,S4,CPU_MATMUL,_RUN_1,290,1807322,502814,2310136,70004117,78.234442,VERTIFIED,DATA
DATA,DATASET,S4,CPU_MATMUL,_RUN_1,291,1945272,416349,2361621,71564261,82.370203,VERTIFIED,DATA
DATA,DATASET,S4,CPU_MATMUL,_RUN_1,292,1783253,724417,2507670,75989993,71.111949,VERTIFIED,DATA
DATA,DATASET,S4,CPU_MATMUL,_RUN_1,293,1914984,500450,2415434,73194958,79.281156,VERTIFIED,DATA
DATA,DATASET,S4,CPU_MATMUL,_RUN_1,294,1922231,509969,2432200,73703040,79.032604,VERTIFIED,DATA
DATA,DATASET,S4,CPU_MATMUL,_RUN_1,295,1974209,396587,2370796,71842289,83.271990,VERTIFIED,DATA
DATA,DATASET,S4,CPU_MATMUL,_RUN_1,296,1887600,626729,2514329,76191797,75.073708,VERTIFIED,DATA
DATA,DATASET,S4,CPU_MATMUL,_RUN_1,297,1983525,469835,2453360,74344236,80.849325,VERTIFIED,DATA
DATA,DATASET,S4,CPU_MATMUL,_RUN_1,298,1781937,738178,2520115,76367109,70.708559,VERTIFIED,DATA
DATA,DATASET,S4,CPU_MATMUL,_RUN_1,299,1968601,469135,2437736,73870778,80.755299,VERTIFIED,DATA
DATA,DATASET,S4,CPU_MATMUL,_RUN_1,300,1956423,426585,2383008,72212360,82.098885,VERTIFIED,DATA
DATA,DATASET,S4,SCENE_CONTROLLER,_RUN_1,1,3396,1167727,1171123,35488590,0.289978,VERTIFIED,DATA
DATA,DATASET,S4,SCENE_CONTROLLER,_RUN_1,2,3374,1153004,1156378,35041758,0.291773,VERTIFIED,DATA
DATA,DATASET,S4,SCENE_CONTROLLER,_RUN_1,3,3560,1150383,1153943,34967984,0.308507,VERTIFIED,DATA
DATA,DATASET,S4,SCENE_CONTROLLER,_RUN_1,4,3439,1166064,1169503,35439493,0.294057,VERTIFIED,DATA
DATA,DATASET,S4,SCENE_CONTROLLER,_RUN_1,5,3377,1147922,1151299,34887848,0.293321,VERTIFIED,DATA
DATA,DATASET,S4,SCENE_CONTROLLER,_RUN_1,6,3370,1154478,1157848,35086306,0.291057,VERTIFIED,DATA
DATA,DATASET,S4,SCENE_CONTROLLER,_RUN_1,7,3406,1134864,1138270,34493041,0.299226,VERTIFIED,DATA
DATA,DATASET,S4,SCENE_CONTROLLER,_RUN_1,8,3267,1145942,1149209,34824519,0.284282,VERTIFIED,DATA
DATA,DATASET,S4,SCENE_CONTROLLER,_RUN_1,9,3405,1134199,1137604,34472850,0.299313,VERTIFIED,DATA
DATA,DATASET,S4,SCENE_CONTROLLER,_RUN_1,10,3225,1145703,1148928,34815995,0.280696,VERTIFIED,DATA
DATA,DATASET,S4,SCENE_CONTROLLER,_RUN_1,11,3475,1139068,1142543,34622509,0.304146,VERTIFIED,DATA
DATA,DATASET,S4,SCENE_CONTROLLER,_RUN_1,12,3290,1143690,1146980,34756976,0.286840,VERTIFIED,DATA
DATA,DATASET,S4,SCENE_CONTROLLER,_RUN_1,13,3350,1162998,1166348,35343890,0.287221,VERTIFIED,DATA
DATA,DATASET,S4,SCENE_CONTROLLER,_RUN_1,14,3510,1183660,1187170,35974856,0.295661,VERTIFIED,DATA
DATA,DATASET,S4,SCENE_CONTROLLER,_RUN_1,15,3340,1126448,1129788,34235989,0.295631,VERTIFIED,DATA
DATA,DATASET,S4,SCENE_CONTROLLER,_RUN_1,16,3423,1151234,1154657,34989606,0.296452,VERTIFIED,DATA
DATA,DATASET,S4,SCENE_CONTROLLER,_RUN_1,17,3491,1178496,1181987,35817784,0.295350,VERTIFIED,DATA
DATA,DATASET,S4,SCENE_CONTROLLER,_RUN_1,18,3460,1154075,1157535,35076814,0.298911,VERTIFIED,DATA
DATA,DATASET,S4,SCENE_CONTROLLER,_RUN_1,19,3405,1133507,1136912,34451883,0.299495,VERTIFIED,DATA
DATA,DATASET,S4,SCENE_CONTROLLER,_RUN_1,20,3482,1154898,1158380,35102432,0.300592,VERTIFIED,DATA
DATA,DATASET,S4,SCENE_CONTROLLER,_RUN_1,21,3434,1140538,1143972,34665819,0.300182,VERTIFIED,DATA
DATA,DATASET,S4,SCENE_CONTROLLER,_RUN_1,22,3317,1154906,1158223,35097674,0.286387,VERTIFIED,DATA
DATA,DATASET,S4,SCENE_CONTROLLER,_RUN_1,23,3406,1196405,1199811,36357921,0.283878,VERTIFIED,DATA
DATA,DATASET,S4,SCENE_CONTROLLER,_RUN_1,24,3359,1116020,1119379,33920580,0.300077,VERTIFIED,DATA
DATA,DATASET,S4,SCENE_CONTROLLER,_RUN_1,25,3399,1110908,1114307,33766884,0.305033,VERTIFIED,DATA
DATA,DATASET,S4,SCENE_CONTROLLER,_RUN_1,26,3386,1153283,1156669,35050570,0.292737,VERTIFIED,DATA
DATA,DATASET,S4,SCENE_CONTROLLER,_RUN_1,27,3346,1130020,1133366,34344437,0.295227,VERTIFIED,DATA
DATA,DATASET,S4,SCENE_CONTROLLER,_RUN_1,28,3427,1119820,1123247,34037792,0.305098,VERTIFIED,DATA
DATA,DATASET,S4,SCENE_CONTROLLER,_RUN_1,29,3420,1169211,1172631,35534278,0.291652,VERTIFIED,DATA
DATA,DATASET,S4,SCENE_CONTROLLER,_RUN_1,30,3482,1125669,1129151,34216684,0.308373,VERTIFIED,DATA
DATA,DATASET,S4,SCENE_CONTROLLER,_RUN_1,31,3294,1107192,1110486,33651083,0.296627,VERTIFIED,DATA
DATA,DATASET,S4,SCENE_CONTROLLER,_RUN_1,32,3343,1110525,1113868,33753581,0.300125,VERTIFIED,DATA
DATA,DATASET,S4,SCENE_CONTROLLER,_RUN_1,33,3438,1115443,1118881,33905499,0.307271,VERTIFIED,DATA
DATA,DATASET,S4,SCENE_CONTROLLER,_RUN_1,34,3395,1157456,1160851,35177306,0.292458,VERTIFIED,DATA
DATA,DATASET,S4,SCENE_CONTROLLER,_RUN_1,35,3342,1175396,1178738,35719343,0.283524,VERTIFIED,DATA
DATA,DATASET,S4,SCENE_CONTROLLER,_RUN_1,36,3461,1133420,1136881,34450935,0.304429,VERTIFIED,DATA
DATA,DATASET,S4,SCENE_CONTROLLER,_RUN_1,37,3356,1134564,1137920,34482434,0.294924,VERTIFIED,DATA
DATA,DATASET,S4,SCENE_CONTROLLER,_RUN_1,38,3506,1141155,1144661,34686699,0.306292,VERTIFIED,DATA
DATA,DATASET,S4,SCENE_CONTROLLER,_RUN_1,39,3425,1131604,1135029,34394804,0.301754,VERTIFIED,DATA
DATA,DATASET,S4,SCENE_CONTROLLER,_RUN_1,40,3383,1162589,1165972,35332484,0.290144,VERTIFIED,DATA
DATA,DATASET,S4,SCENE_CONTROLLER,_RUN_1,41,3423,1138756,1142179,34611486,0.299690,VERTIFIED,DATA
DATA,DATASET,S4,SCENE_CONTROLLER,_RUN_1,42,3497,1121301,1124798,34084791,0.310900,VERTIFIED,DATA
DATA,DATASET,S4,SCENE_CONTROLLER,_RUN_1,43,3323,1132807,1136130,34428179,0.292484,VERTIFIED,DATA
DATA,DATASET,S4,SCENE_CONTROLLER,_RUN_1,44,3366,1132370,1135736,34416250,0.296372,VERTIFIED,DATA
DATA,DATASET,S4,SCENE_CONTROLLER,_RUN_1,45,3396,1150842,1154238,34976904,0.294220,VERTIFIED,DATA
DATA,DATASET,S4,SCENE_CONTROLLER,_RUN_1,46,3371,1128943,1132314,34312543,0.297709,VERTIFIED,DATA
DATA,DATASET,S4,SCENE_CONTROLLER,_RUN_1,47,3403,1152580,1155983,35029787,0.294381,VERTIFIED,DATA
DATA,DATASET,S4,SCENE_CONTROLLER,_RUN_1,48,3476,1143903,1147379,34769054,0.302951,VERTIFIED,DATA
DATA,DATASET,S4,SCENE_CONTROLLER,_RUN_1,49,3391,1130523,1133914,34361025,0.299053,VERTIFIED,DATA
DATA,DATASET,S4,SCENE_CONTROLLER,_RUN_1,50,3402,1133477,1136879,34450883,0.299240,VERTIFIED,DATA
DATA,DATASET,S4,SCENE_CONTROLLER,_RUN_1,51,3380,1157945,1161325,35191673,0.291047,VERTIFIED,DATA
DATA,DATASET,S4,SCENE_CONTROLLER,_RUN_1,52,3420,1140556,1143976,34665928,0.298957,VERTIFIED,DATA
DATA,DATASET,S4,SCENE_CONTROLLER,_RUN_1,53,3389,1129868,1133257,34341114,0.299050,VERTIFIED,DATA
DATA,DATASET,S4,SCENE_CONTROLLER,_RUN_1,54,3285,1130019,1133304,34342540,0.289860,VERTIFIED,DATA
DATA,DATASET,S4,SCENE_CONTROLLER,_RUN_1,55,3544,1171538,1175082,35608533,0.301596,VERTIFIED,DATA
DATA,DATASET,S4,SCENE_CONTROLLER,_RUN_1,56,3351,1131924,1135275,34402276,0.295171,VERTIFIED,DATA
DATA,DATASET,S4,SCENE_CONTROLLER,_RUN_1,57,3355,1115590,1118945,33907438,0.299836,VERTIFIED,DATA
DATA,DATASET,S4,SCENE_CONTROLLER,_RUN_1,58,3412,1161512,1164924,35300740,0.292895,VERTIFIED,DATA
DATA,DATASET,S4,SCENE_CONTROLLER,_RUN_1,59,3366,1134144,1137510,34470010,0.295909,VERTIFIED,DATA
DATA,DATASET,S4,SCENE_CONTROLLER,_RUN_1,60,3334,1100800,1104134,33458605,0.301956,VERTIFIED,DATA
DATA,DATASET,S4,SCENE_CONTROLLER,_RUN_1,61,3347,1151964,1155311,35009416,0.289706,VERTIFIED,DATA
DATA,DATASET,S4,SCENE_CONTROLLER,_RUN_1,62,3468,1121924,1125392,34102799,0.308159,VERTIFIED,DATA
DATA,DATASET,S4,SCENE_CONTROLLER,_RUN_1,63,3357,1154572,1157929,35088751,0.289914,VERTIFIED,DATA
DATA,DATASET,S4,SCENE_CONTROLLER,_RUN_1,64,3412,1100546,1103958,33453286,0.309070,VERTIFIED,DATA
DATA,DATASET,S4,SCENE_CONTROLLER,_RUN_1,65,3455,1149770,1153225,34946207,0.299595,VERTIFIED,DATA
DATA,DATASET,S4,SCENE_CONTROLLER,_RUN_1,66,3522,1160953,1164475,35287123,0.302454,VERTIFIED,DATA
DATA,DATASET,S4,SCENE_CONTROLLER,_RUN_1,67,3431,1176062,1179493,35742223,0.290888,VERTIFIED,DATA
DATA,DATASET,S4,SCENE_CONTROLLER,_RUN_1,68,3454,1160730,1164184,35278305,0.296688,VERTIFIED,DATA
DATA,DATASET,S4,SCENE_CONTROLLER,_RUN_1,69,3426,1149075,1152501,34924287,0.297267,VERTIFIED,DATA
DATA,DATASET,S4,SCENE_CONTROLLER,_RUN_1,70,3443,1143243,1146686,34748048,0.300257,VERTIFIED,DATA
DATA,DATASET,S4,SCENE_CONTROLLER,_RUN_1,71,3392,1158819,1162211,35218512,0.291858,VERTIFIED,DATA
DATA,DATASET,S4,SCENE_CONTROLLER,_RUN_1,72,3327,1145621,1148948,34816608,0.289569,VERTIFIED,DATA
DATA,DATASET,S4,SCENE_CONTROLLER,_RUN_1,73,3386,1131639,1135025,34394696,0.298319,VERTIFIED,DATA
DATA,DATASET,S4,SCENE_CONTROLLER,_RUN_1,74,3380,1174139,1177519,35682407,0.287044,VERTIFIED,DATA
DATA,DATASET,S4,SCENE_CONTROLLER,_RUN_1,75,3353,1110090,1113443,33740684,0.301138,VERTIFIED,DATA
DATA,DATASET,S4,SCENE_CONTROLLER,_RUN_1,76,3326,1177851,1181177,35793248,0.281584,VERTIFIED,DATA
DATA,DATASET,S4,SCENE_CONTROLLER,_RUN_1,77,3423,1156413,1159836,35146554,0.295128,VERTIFIED,DATA
DATA,DATASET,S4,SCENE_CONTROLLER,_RUN_1,78,3290,1159150,1162440,35225453,0.283025,VERTIFIED,DATA
DATA,DATASET,S4,SCENE_CONTROLLER,_RUN_1,79,3331,1130955,1134286,34372294,0.293665,VERTIFIED,DATA
DATA,DATASET,S4,SCENE_CONTROLLER,_RUN_1,80,3310,1106088,1109398,33618130,0.298360,VERTIFIED,DATA
DATA,DATASET,S4,SCENE_CONTROLLER,_RUN_1,81,3484,1113272,1116756,33841078,0.311975,VERTIFIED,DATA
DATA,DATASET,S4,SCENE_CONTROLLER,_RUN_1,82,3300,1115837,1119137,33913251,0.294870,VERTIFIED,DATA
DATA,DATASET,S4,SCENE_CONTROLLER,_RUN_1,83,3452,1128117,1131569,34289969,0.305063,VERTIFIED,DATA
DATA,DATASET,S4,SCENE_CONTROLLER,_RUN_1,84,3321,1112287,1115608,33806298,0.297685,VERTIFIED,DATA
DATA,DATASET,S4,SCENE_CONTROLLER,_RUN_1,85,3430,1131947,1135377,34405374,0.302102,VERTIFIED,DATA
DATA,DATASET,S4,SCENE_CONTROLLER,_RUN_1,86,3501,1140351,1143852,34662195,0.306071,VERTIFIED,DATA
DATA,DATASET,S4,SCENE_CONTROLLER,_RUN_1,87,3374,1150968,1154342,34980048,0.292288,VERTIFIED,DATA
DATA,DATASET,S4,SCENE_CONTROLLER,_RUN_1,88,3394,1173534,1176928,35664490,0.288378,VERTIFIED,DATA
DATA,DATASET,S4,SCENE_CONTROLLER,_RUN_1,89,3466,1157064,1160530,35167581,0.298657,VERTIFIED,DATA
DATA,DATASET,S4,SCENE_CONTROLLER,_RUN_1,90,3355,1144002,1147357,34768380,0.292411,VERTIFIED,DATA
DATA,DATASET,S4,SCENE_CONTROLLER,_RUN_1,91,3481,1138539,1142020,34606659,0.304811,VERTIFIED,DATA
DATA,DATASET,S4,SCENE_CONTROLLER,_RUN_1,92,3417,1109017,1112434,33710109,0.307164,VERTIFIED,DATA
DATA,DATASET,S4,SCENE_CONTROLLER,_RUN_1,93,3379,1130400,1133779,34356931,0.298030,VERTIFIED,DATA
DATA,DATASET,S4,SCENE_CONTROLLER,_RUN_1,94,3432,1138784,1142216,34612598,0.300469,VERTIFIED,DATA
DATA,DATASET,S4,SCENE_CONTROLLER,_RUN_1,95,3492,1162540,1166032,35334303,0.299477,VERTIFIED,DATA
DATA,DATASET,S4,SCENE_CONTROLLER,_RUN_1,96,3442,1128255,1131697,34293852,0.304145,VERTIFIED,DATA
DATA,DATASET,S4,SCENE_CONTROLLER,_RUN_1,97,3532,1149078,1152610,34927563,0.306435,VERTIFIED,DATA
DATA,DATASET,S4,SCENE_CONTROLLER,_RUN_1,98,3463,1132684,1136147,34428692,0.304802,VERTIFIED,DATA
DATA,DATASET,S4,SCENE_CONTROLLER,_RUN_1,99,3516,1161378,1164894,35299830,0.301830,VERTIFIED,DATA
DATA,DATASET,S4,SCENE_CONTROLLER,_RUN_1,100,3317,1152082,1155399,35012094,0.287087,VERTIFIED,DATA
DATA,DATASET,S4,SCENE_CONTROLLER,_RUN_1,101,3450,1152467,1155917,35027785,0.298464,VERTIFIED,DATA
DATA,DATASET,S4,SCENE_CONTROLLER,_RUN_1,102,3317,1139112,1142429,34619056,0.290346,VERTIFIED,DATA
DATA,DATASET,S4,SCENE_CONTROLLER,_RUN_1,103,3358,1153749,1157107,35063846,0.290207,VERTIFIED,DATA
DATA,DATASET,S4,SCENE_CONTROLLER,_RUN_1,104,3318,1207727,1211045,36698329,0.273978,VERTIFIED,DATA
DATA,DATASET,S4,SCENE_CONTROLLER,_RUN_1,105,3372,1139184,1142556,34622897,0.295128,VERTIFIED,DATA
DATA,DATASET,S4,SCENE_CONTROLLER,_RUN_1,106,3437,1153689,1157126,35064412,0.297029,VERTIFIED,DATA
DATA,DATASET,S4,SCENE_CONTROLLER,_RUN_1,107,3445,1188124,1191569,36108142,0.289115,VERTIFIED,DATA
DATA,DATASET,S4,SCENE_CONTROLLER,_RUN_1,108,3351,1140456,1143807,34660833,0.292969,VERTIFIED,DATA
DATA,DATASET,S4,SCENE_CONTROLLER,_RUN_1,109,3472,1152929,1156401,35042442,0.300242,VERTIFIED,DATA
DATA,DATASET,S4,SCENE_CONTROLLER,_RUN_1,110,3469,1142113,1145582,34714599,0.302816,VERTIFIED,DATA
DATA,DATASET,S4,SCENE_CONTROLLER,_RUN_1,111,3260,1163506,1166766,35356552,0.279405,VERTIFIED,DATA
DATA,DATASET,S4,SCENE_CONTROLLER,_RUN_1,112,3473,1135879,1139352,34525810,0.304822,VERTIFIED,DATA
DATA,DATASET,S4,SCENE_CONTROLLER,_RUN_1,113,3357,1166010,1169367,35435367,0.287078,VERTIFIED,DATA
DATA,DATASET,S4,SCENE_CONTROLLER,_RUN_1,114,3516,1157012,1160528,35167507,0.302966,VERTIFIED,DATA
DATA,DATASET,S4,SCENE_CONTROLLER,_RUN_1,115,3407,1174101,1177508,35682065,0.289340,VERTIFIED,DATA
DATA,DATASET,S4,SCENE_CONTROLLER,_RUN_1,116,3354,1133833,1137187,34460226,0.294938,VERTIFIED,DATA
DATA,DATASET,S4,SCENE_CONTROLLER,_RUN_1,117,3344,1111377,1114721,33779416,0.299985,VERTIFIED,DATA
DATA,DATASET,S4,SCENE_CONTROLLER,_RUN_1,118,3515,1122959,1126474,34135582,0.312036,VERTIFIED,DATA
DATA,DATASET,S4,SCENE_CONTROLLER,_RUN_1,119,3404,1157962,1161366,35192919,0.293103,VERTIFIED,DATA
DATA,DATASET,S4,SCENE_CONTROLLER,_RUN_1,120,3379,1185921,1189300,36039397,0.284117,VERTIFIED,DATA
DATA,DATASET,S4,SCENE_CONTROLLER,_RUN_1,121,3412,1144377,1147789,34781472,0.297267,VERTIFIED,DATA
DATA,DATASET,S4,SCENE_CONTROLLER,_RUN_1,122,3309,1143163,1146472,34741585,0.288625,VERTIFIED,DATA
DATA,DATASET,S4,SCENE_CONTROLLER,_RUN_1,123,3362,1152605,1155967,35029317,0.290839,VERTIFIED,DATA
DATA,DATASET,S4,SCENE_CONTROLLER,_RUN_1,124,3355,1185085,1188440,36013320,0.282303,VERTIFIED,DATA
DATA,DATASET,S4,SCENE_CONTROLLER,_RUN_1,125,3337,1156820,1160157,35156261,0.287633,VERTIFIED,DATA
DATA,DATASET,S4,SCENE_CONTROLLER,_RUN_1,126,3405,1156042,1159447,35134743,0.293674,VERTIFIED,DATA
DATA,DATASET,S4,SCENE_CONTROLLER,_RUN_1,127,3305,1169183,1172488,35529932,0.281879,VERTIFIED,DATA
DATA,DATASET,S4,SCENE_CONTROLLER,_RUN_1,128,3393,1157543,1160936,35179885,0.292264,VERTIFIED,DATA
DATA,DATASET,S4,SCENE_CONTROLLER,_RUN_1,129,3411,1099968,1103379,33435721,0.309141,VERTIFIED,DATA
DATA,DATASET,S4,SCENE_CONTROLLER,_RUN_1,130,3465,1137344,1140809,34569976,0.303732,VERTIFIED,DATA
DATA,DATASET,S4,SCENE_CONTROLLER,_RUN_1,131,3280,1142355,1145635,34716213,0.286304,VERTIFIED,DATA
DATA,DATASET,S4,SCENE_CONTROLLER,_RUN_1,132,3464,1175949,1179413,35739792,0.293705,VERTIFIED,DATA
DATA,DATASET,S4,SCENE_CONTROLLER,_RUN_1,133,3370,1138973,1142343,34616443,0.295008,VERTIFIED,DATA
DATA,DATASET,S4,SCENE_CONTROLLER,_RUN_1,134,3505,1147341,1150846,34874121,0.304559,VERTIFIED,DATA
DATA,DATASET,S4,SCENE_CONTROLLER,_RUN_1,135,3307,1140521,1143828,34661468,0.289117,VERTIFIED,DATA
DATA,DATASET,S4,SCENE_CONTROLLER,_RUN_1,136,3390,1115785,1119175,33914399,0.302902,VERTIFIED,DATA
DATA,DATASET,S4,SCENE_CONTROLLER,_RUN_1,137,3386,1103436,1106822,33540050,0.305921,VERTIFIED,DATA
DATA,DATASET,S4,SCENE_CONTROLLER,_RUN_1,138,3438,1106794,1110232,33643394,0.309665,VERTIFIED,DATA
DATA,DATASET,S4,SCENE_CONTROLLER,_RUN_1,139,3435,1146743,1150178,34853874,0.298649,VERTIFIED,DATA
DATA,DATASET,S4,SCENE_CONTROLLER,_RUN_1,140,3477,1122823,1126300,34130292,0.308710,VERTIFIED,DATA
DATA,DATASET,S4,SCENE_CONTROLLER,_RUN_1,141,3414,1127535,1130949,34271187,0.301870,VERTIFIED,DATA
DATA,DATASET,S4,SCENE_CONTROLLER,_RUN_1,142,3360,1116151,1119511,33924586,0.300131,VERTIFIED,DATA
DATA,DATASET,S4,SCENE_CONTROLLER,_RUN_1,143,3401,1135317,1138718,34506616,0.298669,VERTIFIED,DATA
DATA,DATASET,S4,SCENE_CONTROLLER,_RUN_1,144,3421,1152651,1156072,35032472,0.295916,VERTIFIED,DATA
DATA,DATASET,S4,SCENE_CONTROLLER,_RUN_1,145,3436,1124090,1127526,34167444,0.304738,VERTIFIED,DATA
DATA,DATASET,S4,SCENE_CONTROLLER,_RUN_1,146,3328,1161289,1164617,35291431,0.285759,VERTIFIED,DATA
DATA,DATASET,S4,SCENE_CONTROLLER,_RUN_1,147,3495,1148374,1151869,34905129,0.303420,VERTIFIED,DATA
DATA,DATASET,S4,SCENE_CONTROLLER,_RUN_1,148,3407,1172762,1176169,35641499,0.289669,VERTIFIED,DATA
DATA,DATASET,S4,SCENE_CONTROLLER,_RUN_1,149,3399,1169110,1172509,35530566,0.289891,VERTIFIED,DATA
DATA,DATASET,S4,SCENE_CONTROLLER,_RUN_1,150,3420,1123397,1126817,34145969,0.303510,VERTIFIED,DATA
DATA,DATASET,S4,SCENE_CONTROLLER,_RUN_1,151,3411,1136510,1139921,34543053,0.299231,VERTIFIED,DATA
DATA,DATASET,S4,SCENE_CONTROLLER,_RUN_1,152,3446,1136755,1140201,34551534,0.302227,VERTIFIED,DATA
DATA,DATASET,S4,SCENE_CONTROLLER,_RUN_1,153,3378,1166333,1169711,35445774,0.288789,VERTIFIED,DATA
DATA,DATASET,S4,SCENE_CONTROLLER,_RUN_1,154,3404,1137302,1140706,34566839,0.298412,VERTIFIED,DATA
DATA,DATASET,S4,SCENE_CONTROLLER,_RUN_1,155,3427,1133174,1136601,34442446,0.301513,VERTIFIED,DATA
DATA,DATASET,S4,SCENE_CONTROLLER,_RUN_1,156,3455,1136687,1140142,34549772,0.303032,VERTIFIED,DATA
DATA,DATASET,S4,SCENE_CONTROLLER,_RUN_1,157,3462,1129117,1132579,34320569,0.305674,VERTIFIED,DATA
DATA,DATASET,S4,SCENE_CONTROLLER,_RUN_1,158,3399,1129122,1132521,34318818,0.300127,VERTIFIED,DATA
DATA,DATASET,S4,SCENE_CONTROLLER,_RUN_1,159,3520,1152254,1155774,35023449,0.304558,VERTIFIED,DATA
DATA,DATASET,S4,SCENE_CONTROLLER,_RUN_1,160,3363,1121382,1124745,34083175,0.299001,VERTIFIED,DATA
DATA,DATASET,S4,SCENE_CONTROLLER,_RUN_1,161,3482,1154756,1158238,35098112,0.300629,VERTIFIED,DATA
DATA,DATASET,S4,SCENE_CONTROLLER,_RUN_1,162,3348,1124833,1128181,34187317,0.296761,VERTIFIED,DATA
DATA,DATASET,S4,SCENE_CONTROLLER,_RUN_1,163,3454,1092147,1095601,33200028,0.315261,VERTIFIED,DATA
DATA,DATASET,S4,SCENE_CONTROLLER,_RUN_1,164,3372,1139123,1142495,34621059,0.295144,VERTIFIED,DATA
DATA,DATASET,S4,SCENE_CONTROLLER,_RUN_1,165,3468,1158035,1161503,35197052,0.298579,VERTIFIED,DATA
DATA,DATASET,S4,SCENE_CONTROLLER,_RUN_1,166,3471,1145934,1149405,34830468,0.301982,VERTIFIED,DATA
DATA,DATASET,S4,SCENE_CONTROLLER,_RUN_1,167,3489,1163811,1167300,35372717,0.298895,VERTIFIED,DATA
DATA,DATASET,S4,SCENE_CONTROLLER,_RUN_1,168,3454,1108608,1112062,33698858,0.310594,VERTIFIED,DATA
DATA,DATASET,S4,SCENE_CONTROLLER,_RUN_1,169,3358,1160325,1163683,35263130,0.288567,VERTIFIED,DATA
DATA,DATASET,S4,SCENE_CONTROLLER,_RUN_1,170,3416,1152397,1155813,35024622,0.295550,VERTIFIED,DATA
DATA,DATASET,S4,SCENE_CONTROLLER,_RUN_1,171,3537,1136796,1140333,34555532,0.310173,VERTIFIED,DATA
DATA,DATASET,S4,SCENE_CONTROLLER,_RUN_1,172,3368,1128762,1132130,34306983,0.297492,VERTIFIED,DATA
DATA,DATASET,S4,SCENE_CONTROLLER,_RUN_1,173,3581,1130090,1133671,34353664,0.315876,VERTIFIED,DATA
DATA,DATASET,S4,SCENE_CONTROLLER,_RUN_1,174,3344,1132769,1136113,34427664,0.294337,VERTIFIED,DATA
DATA,DATASET,S4,SCENE_CONTROLLER,_RUN_1,175,3240,1113586,1116826,33843218,0.290108,VERTIFIED,DATA
DATA,DATASET,S4,SCENE_CONTROLLER,_RUN_1,176,3349,1179444,1182793,35842198,0.283143,VERTIFIED,DATA
DATA,DATASET,S4,SCENE_CONTROLLER,_RUN_1,177,3266,1146115,1149381,34829720,0.284153,VERTIFIED,DATA
DATA,DATASET,S4,SCENE_CONTROLLER,_RUN_1,178,3365,1131179,1134544,34380116,0.296595,VERTIFIED,DATA
DATA,DATASET,S4,SCENE_CONTROLLER,_RUN_1,179,3422,1135654,1139076,34517443,0.300419,VERTIFIED,DATA
DATA,DATASET,S4,SCENE_CONTROLLER,_RUN_1,180,3385,1147609,1150994,34878604,0.294094,VERTIFIED,DATA
DATA,DATASET,S4,SCENE_CONTROLLER,_RUN_1,181,3359,1154795,1158154,35095564,0.290031,VERTIFIED,DATA
DATA,DATASET,S4,SCENE_CONTROLLER,_RUN_1,182,3370,1122424,1125794,34114961,0.299344,VERTIFIED,DATA
DATA,DATASET,S4,SCENE_CONTROLLER,_RUN_1,183,3471,1136621,1140092,34548231,0.304449,VERTIFIED,DATA
DATA,DATASET,S4,SCENE_CONTROLLER,_RUN_1,184,3418,1136050,1139468,34529348,0.299965,VERTIFIED,DATA
DATA,DATASET,S4,SCENE_CONTROLLER,_RUN_1,185,3512,1201419,1204931,36513065,0.291469,VERTIFIED,DATA
DATA,DATASET,S4,SCENE_CONTROLLER,_RUN_1,186,3330,1146312,1149642,34837644,0.289655,VERTIFIED,DATA
DATA,DATASET,S4,SCENE_CONTROLLER,_RUN_1,187,3335,1131930,1135265,34401959,0.293764,VERTIFIED,DATA
DATA,DATASET,S4,SCENE_CONTROLLER,_RUN_1,188,3425,1140607,1144032,34667644,0.299380,VERTIFIED,DATA
DATA,DATASET,S4,SCENE_CONTROLLER,_RUN_1,189,3377,1146435,1149812,34842802,0.293700,VERTIFIED,DATA
DATA,DATASET,S4,SCENE_CONTROLLER,_RUN_1,190,3380,1148094,1151474,34893157,0.293537,VERTIFIED,DATA
DATA,DATASET,S4,SCENE_CONTROLLER,_RUN_1,191,3447,1153004,1156451,35043971,0.298067,VERTIFIED,DATA
DATA,DATASET,S4,SCENE_CONTROLLER,_RUN_1,192,3472,1119125,1122597,34018077,0.309283,VERTIFIED,DATA
DATA,DATASET,S4,SCENE_CONTROLLER,_RUN_1,193,3305,1138599,1141904,34603155,0.289429,VERTIFIED,DATA
DATA,DATASET,S4,SCENE_CONTROLLER,_RUN_1,194,3501,1141435,1144936,34695036,0.305781,VERTIFIED,DATA
DATA,DATASET,S4,SCENE_CONTROLLER,_RUN_1,195,3326,1158445,1161771,35205190,0.286287,VERTIFIED,DATA
DATA,DATASET,S4,SCENE_CONTROLLER,_RUN_1,196,3539,1148831,1152370,34920312,0.307106,VERTIFIED,DATA
DATA,DATASET,S4,SCENE_CONTROLLER,_RUN_1,197,3415,1119381,1122796,34024125,0.304151,VERTIFIED,DATA
DATA,DATASET,S4,SCENE_CONTROLLER,_RUN_1,198,3438,1143841,1147279,34766045,0.299666,VERTIFIED,DATA
DATA,DATASET,S4,SCENE_CONTROLLER,_RUN_1,199,3473,1159603,1163076,35244714,0.298605,VERTIFIED,DATA
DATA,DATASET,S4,SCENE_CONTROLLER,_RUN_1,200,3492,1167018,1170510,35469999,0.298331,VERTIFIED,DATA
DATA,DATASET,S4,SCENE_CONTROLLER,_RUN_1,201,3265,1180396,1183661,35868506,0.275839,VERTIFIED,DATA
DATA,DATASET,S4,SCENE_CONTROLLER,_RUN_1,202,3432,1134144,1137576,34471994,0.301694,VERTIFIED,DATA
DATA,DATASET,S4,SCENE_CONTROLLER,_RUN_1,203,3459,1153611,1157070,35062725,0.298945,VERTIFIED,DATA
DATA,DATASET,S4,SCENE_CONTROLLER,_RUN_1,204,3540,1136861,1140401,34557614,0.310417,VERTIFIED,DATA
DATA,DATASET,S4,SCENE_CONTROLLER,_RUN_1,205,3370,1166725,1170095,35457437,0.288011,VERTIFIED,DATA
DATA,DATASET,S4,SCENE_CONTROLLER,_RUN_1,206,3472,1133031,1136503,34439478,0.305499,VERTIFIED,DATA
DATA,DATASET,S4,SCENE_CONTROLLER,_RUN_1,207,3475,1130184,1133659,34353317,0.306530,VERTIFIED,DATA
DATA,DATASET,S4,SCENE_CONTROLLER,_RUN_1,208,3435,1118842,1122277,34008393,0.306074,VERTIFIED,DATA
DATA,DATASET,S4,SCENE_CONTROLLER,_RUN_1,209,3447,1159370,1162817,35236869,0.296435,VERTIFIED,DATA
DATA,DATASET,S4,SCENE_CONTROLLER,_RUN_1,210,3387,1126425,1129812,34236713,0.299784,VERTIFIED,DATA
DATA,DATASET,S4,SCENE_CONTROLLER,_RUN_1,211,3385,1164440,1167825,35388649,0.289855,VERTIFIED,DATA
DATA,DATASET,S4,SCENE_CONTROLLER,_RUN_1,212,3439,1158814,1162253,35219780,0.295891,VERTIFIED,DATA
DATA,DATASET,S4,SCENE_CONTROLLER,_RUN_1,213,3457,1139676,1143133,34640404,0.302415,VERTIFIED,DATA
DATA,DATASET,S4,SCENE_CONTROLLER,_RUN_1,214,3315,1148456,1151771,34902162,0.287818,VERTIFIED,DATA
DATA,DATASET,S4,SCENE_CONTROLLER,_RUN_1,215,3401,1135168,1138569,34502094,0.298708,VERTIFIED,DATA
DATA,DATASET,S4,SCENE_CONTROLLER,_RUN_1,216,3367,1178139,1181506,35803221,0.284975,VERTIFIED,DATA
DATA,DATASET,S4,SCENE_CONTROLLER,_RUN_1,217,3511,1133814,1137325,34464391,0.308707,VERTIFIED,DATA
DATA,DATASET,S4,SCENE_CONTROLLER,_RUN_1,218,3541,1161566,1165107,35306278,0.303921,VERTIFIED,DATA
DATA,DATASET,S4,SCENE_CONTROLLER,_RUN_1,219,3414,1135506,1138920,34512725,0.299758,VERTIFIED,DATA
DATA,DATASET,S4,SCENE_CONTROLLER,_RUN_1,220,3417,1132127,1135544,34410415,0.300913,VERTIFIED,DATA
DATA,DATASET,S4,SCENE_CONTROLLER,_RUN_1,221,3514,1159747,1163261,35250347,0.302082,VERTIFIED,DATA
DATA,DATASET,S4,SCENE_CONTROLLER,_RUN_1,222,3550,1130403,1133953,34362206,0.313064,VERTIFIED,DATA
DATA,DATASET,S4,SCENE_CONTROLLER,_RUN_1,223,3450,1139480,1142930,34634234,0.301856,VERTIFIED,DATA
DATA,DATASET,S4,SCENE_CONTROLLER,_RUN_1,224,3386,1125734,1129120,34215770,0.299880,VERTIFIED,DATA
DATA,DATASET,S4,SCENE_CONTROLLER,_RUN_1,225,3358,1107122,1110480,33650917,0.302392,VERTIFIED,DATA
DATA,DATASET,S4,SCENE_CONTROLLER,_RUN_1,226,3321,1143081,1146402,34739453,0.289689,VERTIFIED,DATA
DATA,DATASET,S4,SCENE_CONTROLLER,_RUN_1,227,3375,1149558,1152933,34937365,0.292732,VERTIFIED,DATA
DATA,DATASET,S4,SCENE_CONTROLLER,_RUN_1,228,3379,1149454,1152833,34934339,0.293104,VERTIFIED,DATA
DATA,DATASET,S4,SCENE_CONTROLLER,_RUN_1,229,3400,1146290,1149690,34839086,0.295732,VERTIFIED,DATA
DATA,DATASET,S4,SCENE_CONTROLLER,_RUN_1,230,3407,1123449,1126856,34147152,0.302346,VERTIFIED,DATA
DATA,DATASET,S4,SCENE_CONTROLLER,_RUN_1,231,3367,1162348,1165715,35324706,0.288836,VERTIFIED,DATA
DATA,DATASET,S4,SCENE_CONTROLLER,_RUN_1,232,3279,1143458,1146737,34749599,0.285942,VERTIFIED,DATA
DATA,DATASET,S4,SCENE_CONTROLLER,_RUN_1,233,3463,1138793,1142256,34613827,0.303172,VERTIFIED,DATA
DATA,DATASET,S4,SCENE_CONTROLLER,_RUN_1,234,3482,1124259,1127741,34173981,0.308759,VERTIFIED,DATA
DATA,DATASET,S4,SCENE_CONTROLLER,_RUN_1,235,3399,1146901,1150300,34857579,0.295488,VERTIFIED,DATA
DATA,DATASET,S4,SCENE_CONTROLLER,_RUN_1,236,3385,1134358,1137743,34477066,0.297519,VERTIFIED,DATA
DATA,DATASET,S4,SCENE_CONTROLLER,_RUN_1,237,3334,1142004,1145338,34707222,0.291093,VERTIFIED,DATA
DATA,DATASET,S4,SCENE_CONTROLLER,_RUN_1,238,3368,1125309,1128677,34202339,0.298402,VERTIFIED,DATA
DATA,DATASET,S4,SCENE_CONTROLLER,_RUN_1,239,3518,1141011,1144529,34682695,0.307375,VERTIFIED,DATA
DATA,DATASET,S4,SCENE_CONTROLLER,_RUN_1,240,3457,1155378,1158835,35116222,0.298317,VERTIFIED,DATA
DATA,DATASET,S4,SCENE_CONTROLLER,_RUN_1,241,3352,1143298,1146650,34746968,0.292330,VERTIFIED,DATA
DATA,DATASET,S4,SCENE_CONTROLLER,_RUN_1,242,3442,1173056,1176498,35651451,0.292563,VERTIFIED,DATA
DATA,DATASET,S4,SCENE_CONTROLLER,_RUN_1,243,3545,1133723,1137268,34462662,0.311712,VERTIFIED,DATA
DATA,DATASET,S4,SCENE_CONTROLLER,_RUN_1,244,3428,1155251,1158679,35111475,0.295854,VERTIFIED,DATA
DATA,DATASET,S4,SCENE_CONTROLLER,_RUN_1,245,3379,1136897,1140276,34553830,0.296332,VERTIFIED,DATA
DATA,DATASET,S4,SCENE_CONTROLLER,_RUN_1,246,3448,1177520,1180968,35786898,0.291964,VERTIFIED,DATA
DATA,DATASET,S4,SCENE_CONTROLLER,_RUN_1,247,3334,1100152,1103486,33438973,0.302133,VERTIFIED,DATA
DATA,DATASET,S4,SCENE_CONTROLLER,_RUN_1,248,3389,1174367,1177756,35689567,0.287751,VERTIFIED,DATA
DATA,DATASET,S4,SCENE_CONTROLLER,_RUN_1,249,3369,1134201,1137570,34471818,0.296158,VERTIFIED,DATA
DATA,DATASET,S4,SCENE_CONTROLLER,_RUN_1,250,3388,1134140,1137528,34470534,0.297839,VERTIFIED,DATA
DATA,DATASET,S4,SCENE_CONTROLLER,_RUN_1,251,3349,1133662,1137011,34454872,0.294544,VERTIFIED,DATA
DATA,DATASET,S4,SCENE_CONTROLLER,_RUN_1,252,3378,1185256,1188634,36019207,0.284192,VERTIFIED,DATA
DATA,DATASET,S4,SCENE_CONTROLLER,_RUN_1,253,3344,1133789,1137133,34458571,0.294073,VERTIFIED,DATA
DATA,DATASET,S4,SCENE_CONTROLLER,_RUN_1,254,3375,1157502,1160877,35178088,0.290728,VERTIFIED,DATA
DATA,DATASET,S4,SCENE_CONTROLLER,_RUN_1,255,3376,1153653,1157029,35061488,0.291782,VERTIFIED,DATA
DATA,DATASET,S4,SCENE_CONTROLLER,_RUN_1,256,3498,1165125,1168623,35412809,0.299327,VERTIFIED,DATA
DATA,DATASET,S4,SCENE_CONTROLLER,_RUN_1,257,3475,1150016,1153491,34954282,0.301259,VERTIFIED,DATA
DATA,DATASET,S4,SCENE_CONTROLLER,_RUN_1,258,3277,1154229,1157506,35075951,0.283109,VERTIFIED,DATA
DATA,DATASET,S4,SCENE_CONTROLLER,_RUN_1,259,3471,1141818,1145289,34705737,0.303068,VERTIFIED,DATA
DATA,DATASET,S4,SCENE_CONTROLLER,_RUN_1,260,3495,1151857,1155352,35010668,0.302505,VERTIFIED,DATA
DATA,DATASET,S4,SCENE_CONTROLLER,_RUN_1,261,3352,1148151,1151503,34894026,0.291098,VERTIFIED,DATA
DATA,DATASET,S4,SCENE_CONTROLLER,_RUN_1,262,3421,1151557,1154978,34999346,0.296196,VERTIFIED,DATA
DATA,DATASET,S4,SCENE_CONTROLLER,_RUN_1,263,3412,1125361,1128773,34205232,0.302275,VERTIFIED,DATA
DATA,DATASET,S4,SCENE_CONTROLLER,_RUN_1,264,3322,1139378,1142700,34627275,0.290715,VERTIFIED,DATA
DATA,DATASET,S4,SCENE_CONTROLLER,_RUN_1,265,3368,1128694,1132062,34304922,0.297510,VERTIFIED,DATA
DATA,DATASET,S4,SCENE_CONTROLLER,_RUN_1,266,3382,1148907,1152289,34917854,0.293503,VERTIFIED,DATA
DATA,DATASET,S4,SCENE_CONTROLLER,_RUN_1,267,3476,1140422,1143898,34663564,0.303873,VERTIFIED,DATA
DATA,DATASET,S4,SCENE_CONTROLLER,_RUN_1,268,3374,1084680,1088054,32971323,0.310095,VERTIFIED,DATA
DATA,DATASET,S4,SCENE_CONTROLLER,_RUN_1,269,3474,1142087,1145561,34713984,0.303258,VERTIFIED,DATA
DATA,DATASET,S4,SCENE_CONTROLLER,_RUN_1,270,3409,1157119,1160528,35167501,0.293746,VERTIFIED,DATA
DATA,DATASET,S4,SCENE_CONTROLLER,_RUN_1,271,3400,1133320,1136720,34446054,0.299106,VERTIFIED,DATA
DATA,DATASET,S4,SCENE_CONTROLLER,_RUN_1,272,3409,1183681,1187090,35972422,0.287173,VERTIFIED,DATA
DATA,DATASET,S4,SCENE_CONTROLLER,_RUN_1,273,3444,1138431,1141875,34602265,0.301609,VERTIFIED,DATA
DATA,DATASET,S4,SCENE_CONTROLLER,_RUN_1,274,3376,1130667,1134043,34364940,0.297696,VERTIFIED,DATA
DATA,DATASET,S4,SCENE_CONTROLLER,_RUN_1,275,3439,1123666,1127105,34154693,0.305118,VERTIFIED,DATA
DATA,DATASET,S4,SCENE_CONTROLLER,_RUN_1,276,3407,1131276,1134683,34384322,0.300260,VERTIFIED,DATA
DATA,DATASET,S4,SCENE_CONTROLLER,_RUN_1,277,3425,1163945,1167370,35374851,0.293395,VERTIFIED,DATA
DATA,DATASET,S4,SCENE_CONTROLLER,_RUN_1,278,3495,1140146,1143641,34655794,0.305603,VERTIFIED,DATA
DATA,DATASET,S4,SCENE_CONTROLLER,_RUN_1,279,3452,1133932,1137384,34466193,0.303503,VERTIFIED,DATA
DATA,DATASET,S4,SCENE_CONTROLLER,_RUN_1,280,3483,1158115,1161598,35199945,0.299846,VERTIFIED,DATA
DATA,DATASET,S4,SCENE_CONTROLLER,_RUN_1,281,3315,1187700,1191015,36091349,0.278334,VERTIFIED,DATA
DATA,DATASET,S4,SCENE_CONTROLLER,_RUN_1,282,3385,1130233,1133618,34352051,0.298601,VERTIFIED,DATA
DATA,DATASET,S4,SCENE_CONTROLLER,_RUN_1,283,3399,1155154,1158553,35107666,0.293383,VERTIFIED,DATA
DATA,DATASET,S4,SCENE_CONTROLLER,_RUN_1,284,3334,1135056,1138390,34496678,0.292870,VERTIFIED,DATA
DATA,DATASET,S4,SCENE_CONTROLLER,_RUN_1,285,3500,1111257,1114757,33780510,0.313970,VERTIFIED,DATA
DATA,DATASET,S4,SCENE_CONTROLLER,_RUN_1,286,3257,1136520,1139777,34538682,0.285758,VERTIFIED,DATA
DATA,DATASET,S4,SCENE_CONTROLLER,_RUN_1,287,3313,1122235,1125548,34107511,0.294346,VERTIFIED,DATA
DATA,DATASET,S4,SCENE_CONTROLLER,_RUN_1,288,3355,1092576,1095931,33210027,0.306132,VERTIFIED,DATA
DATA,DATASET,S4,SCENE_CONTROLLER,_RUN_1,289,3370,1116285,1119655,33928932,0.300986,VERTIFIED,DATA
DATA,DATASET,S4,SCENE_CONTROLLER,_RUN_1,290,3457,1111448,1114905,33784995,0.310071,VERTIFIED,DATA
DATA,DATASET,S4,SCENE_CONTROLLER,_RUN_1,291,3487,1179420,1182907,35845681,0.294782,VERTIFIED,DATA
DATA,DATASET,S4,SCENE_CONTROLLER,_RUN_1,292,3354,1111211,1114565,33774711,0.300925,VERTIFIED,DATA
DATA,DATASET,S4,SCENE_CONTROLLER,_RUN_1,293,3523,1129405,1132928,34331154,0.310964,VERTIFIED,DATA
DATA,DATASET,S4,SCENE_CONTROLLER,_RUN_1,294,3420,1094929,1098349,33283298,0.311376,VERTIFIED,DATA
DATA,DATASET,S4,SCENE_CONTROLLER,_RUN_1,295,3362,1123441,1126803,34145531,0.298366,VERTIFIED,DATA
DATA,DATASET,S4,SCENE_CONTROLLER,_RUN_1,296,3355,1148620,1151975,34908322,0.291239,VERTIFIED,DATA
DATA,DATASET,S4,SCENE_CONTROLLER,_RUN_1,297,3397,1134913,1138310,34494245,0.298425,VERTIFIED,DATA
DATA,DATASET,S4,SCENE_CONTROLLER,_RUN_1,298,3590,1157877,1161467,35195976,0.309092,VERTIFIED,DATA
DATA,DATASET,S4,SCENE_CONTROLLER,_RUN_1,299,3371,1152408,1155779,35023618,0.291665,VERTIFIED,DATA
DATA,DATASET,S4,SCENE_CONTROLLER,_RUN_1,300,3368,1151562,1154930,34997892,0.291619,VERTIFIED,DATA
