memory_initialization_radix = 16;
memory_initialization_vector =
02800001
02800002
02800003
02800004
02800005
02800006
02800007
02800008
02800009
0280000a
0280000b
0280000c
0280000d
0280000e
0280000f
02800010
02800011
02800012
02800013
02800014
02800015
02800016
02800017
02800018
02800019
0280001a
0280001b
0280001c
0280001d
0280001e
0280001f
0015000c
0384000e
0040918d
060001a0
060005a0
060001a1
060005a1
0280058c
5fffe98e
0380200c
0380600d
040001ac
04060020
04060420
0380240c
0406002c
1540000c
0380258c
0406042c
0380400c
0380600d
040001ac
1c00014c
02b6f18c
1c00100d
02bc91ad
1c00102e
02be31ce
6c0019ae
2880018f
298001af
0280118c
028011ad
6bfff1ae
1c00102c
02bd918c
1c00102d
029d51ad
6c00118d
29800180
0280118c
6bfff98d
0380640c
0406002c
1c00102c
02b8b18c
2880018d
03801c0e
290009ae
0382000e
29000dae
0015000e
290005ae
157e41ef
039401ef
288001ef
03806c0e
5800080f
0380040e
290001ae
03800c0e
29000dae
0015000e
290011ae
1c00000c
028a118c
0400302c
0380040d
0401102d
0380100d
040001a0
04000420
1400002d
03bffdad
04001020
0400102d
1c002003
02b95063
00150004
00150005
542c2400
54004000
50000000
00000000
00000000
00000000
00000000
00000000
00000000
00000000
00000000
00000000
00000000
00000000
00000000
00000000
00000000
50000000
00000000
00000000
00000000
00000000
00000000
00000000
00000000
00000000
00000000
00000000
00000000
00000000
00000000
00000000
00000000
1c00102c
28b7718c
28800184
02bfc063
00150007
02800806
00150005
29803061
548a0800
1c001004
02b67084
5447a400
28803061
00150004
02804063
4c000020
02bff063
2980006c
00150004
0380100c
04000184
2880006c
02801063
4c000020
02bff063
2980006c
0380100c
04000184
2880006c
02801063
4c000020
28800083
5000a000
02bdf063
29800083
29800061
29801061
29802062
29803060
29804064
29805065
29806066
29807067
29808068
29809069
2980a06a
2980b06b
2980c06c
2980d06d
2980e06e
2980f06f
29810070
29811071
29812072
29813073
29814074
29815075
29816076
29817077
29818078
29819079
2981a07a
2981b07b
2981c07c
2981d07d
2981e07e
2981f07f
04000004
03401084
29820064
288000a3
50000400
28800064
04001824
28803064
0380100c
04000184
28820064
04000584
28801061
28802062
28804064
28805065
28806066
28807067
28808068
28809069
2880a06a
2880b06b
2880c06c
2880d06d
2880e06e
2880f06f
28810070
28811071
28812072
28813073
28814074
28815075
28816076
28817077
28818078
28819079
2881a07a
2881b07b
2881c07c
2881d07d
2881e07e
2881f07f
02821063
06483800
00000000
02bdf063
29801061
29802062
29803060
29804064
29805065
29806066
29807067
29808068
29809069
2980a06a
2980b06b
2980c06c
2980d06d
2980e06e
2980f06f
29810070
29811071
29812072
29813073
29814074
29815075
29816076
29817077
29818078
29819079
2981a07a
2981b07b
2981c07c
2981d07d
2981e07e
2981f07f
0400040c
2982006c
00150077
1c002003
02add063
54324c00
04001404
04001805
00150066
5400e400
54327800
001502e3
1c001037
028ac2f7
288002f9
58003b20
298002e0
04001804
29800064
1c001037
028a72f7
288002f8
29800303
1c001037
028a22f7
288002f8
28800303
28800064
04001824
28803064
0380100c
04000184
28820064
04000584
28801061
28802062
28804064
28805065
28806066
28807067
28808068
28809069
2880a06a
2880b06b
2880c06c
2880d06d
2880e06e
2880f06f
28810070
28811071
28812072
28813073
28814074
28815075
28816076
28817077
28818078
28819079
2881a07a
2881b07b
2881c07c
2881d07d
2881e07e
2881f07f
02821063
06483800
02800038
0044c08c
5c00940c
034ff08c
0044898d
001501ae
034005ce
03800414
58008dd4
001501ae
034009ce
03800814
580085d4
001501ae
034011ce
03801014
580079d4
001501ae
034021ce
03802014
58006dd4
001501ae
034041ce
03804014
580061d4
001501ae
034081ce
03808014
580055d4
001501ae
034101ce
03810014
580049d4
001501ae
034201ce
03820014
58003dd4
02800301
4c000020
028010b4
04001834
50000000
4c000020
5400fc00
53ffe7ff
53ffe3ff
53ffdfff
53ffdbff
53ffd7ff
53ffd3ff
53ffcfff
53ffcbff
50000000
03400000
03400000
03400000
03400000
03400000
03400000
03400000
03400000
03400000
1c00102d
28a5e1ad
02bfc063
288001ad
29802077
157e41f7
028fa00c
038012e4
02807c05
29803061
29801078
002131b8
5c000980
002a0007
547f6800
038022e4
02807c05
547f5c00
038032e4
02807c05
547f5000
157e41e4
02807c05
547f4400
00150305
038412e4
547f3800
038422e4
02800405
547f2c00
54267800
1c001025
28a500a5
1c001024
28a54084
54457400
28803061
28802077
28801078
02804063
50233000
03400000
03400000
03400000
02bf8063
29805078
157e41f8
03805304
29806077
29807061
547ee800
0340408c
00150097
5c002180
03403ef7
5c004ae0
28807061
28806077
28805078
02808063
4c000020
00150005
03842304
547ea400
02800405
03842304
547e9800
54248400
02804005
03803304
03403ef7
547e8400
5bffc2e0
29803077
2a003077
001502e4
54240000
28807061
28805078
001502e5
28806077
157e41e4
03803084
02808063
507e5000
03400000
03400000
03400000
02bfc063
29802077
29801078
00150097
29803061
544f6c00
280002ec
02802818
58001d80
00150184
58002998
028006f7
54905000
280002ec
5fffed80
28803061
28802077
28801078
02804063
504f6400
02803404
54902c00
028006f7
283ffee4
54902000
280002ec
5fffbd80
28803061
28802077
28801078
02804063
504f3400
1c00100c
289e718c
2880018d
02bf8063
29807061
2a0015ac
0340058c
58001d80
2a0001a4
29003c64
28003c64
28807061
02808063
4c000020
02802804
54548400
02bffc04
53ffebff
03400000
03400000
02803c0f
0280140d
6c006de5
2880108c
2880208e
28803090
0343fd8c
02800c0d
0343fdce
58005180
58004dc0
0010398c
0280098c
0343fe0d
02800c0e
00408d8c
580051ae
0280100e
580071ae
0280080e
5c0039ae
0280140d
68001cac
298000c4
1400800d
58001cad
298010c5
290020d0
0015000d
001501a4
4c000020
03400000
00150185
53ffe7ff
0280080d
53ffebff
0044a20e
0044c20f
0343fdce
0343fdef
5bffd5c0
5bffd1e0
00103dce
004089ce
0010398c
53ffa3ff
0044a20e
0343fdce
02bffdd1
004091ce
02800c0d
0010398c
6fff85f1
53ffa3ff
03400000
03400000
580120c0
2880008e
14a6966c
038d118c
0015008d
580115cc
14a666ac
03812d8c
02800404
58000dcc
4c000020
03400000
288011ac
02bfc063
288021ae
2980306c
2a403070
288031b1
5c00ba04
0044c18c
03403d8c
02803c10
02bffd92
6800b612
00409590
5c00add0
028041ce
6800a62e
03400e2e
5c009dc0
6c0098ac
004094b2
028041b0
00104a10
28800210
028051ae
028061ac
001049ce
0010498c
288001c4
2880018e
03403e0c
5c0088ac
0044a210
0280080c
0343fa12
001500cf
5800124c
0343fe10
0280100c
5c006a0c
580065c0
03400c8c
5c005d80
68005891
1400800c
68005184
0011118c
6800498e
001501e6
001501c5
001011a4
02804063
53fe27ff
02800804
02804063
4c000020
03400000
02800c04
02804063
4c000020
03400000
02800c04
4c000020
14008005
53fdf7ff
02801004
53ffd3ff
03400000
03400000
0280140c
68001d84
1c000fec
0296818c
00408884
00101184
28800084
4c000020
1c000fe4
0294b084
4c000020
03400000
02bf0063
02800805
1c001004
029c2084
2980f061
2980e077
2980d078
2980c079
2980b07a
2980a07b
2980907c
2980807d
2980707e
1c001019
029b7339
547bb400
0285c007
02802409
02807008
02803006
02804005
00150324
547be800
1c000ff8
0294d318
02807817
02814c07
03400000
001502e5
0283fc09
02800808
02805806
00150324
547cac00
02800718
28000307
02801af7
29803077
28403077
5fffd4e0
1c000ff8
02942318
02807817
02810807
1c001019
02998339
001502e5
0282d809
02800808
0280a806
00150324
547c6400
02800718
28000307
02801af7
29803077
28403077
5fffd4e0
1c00101d
02a623bd
0281201b
0015001c
1c00101a
0298635a
0280041e
2980307b
28403066
02824807
02804809
0280d808
02807005
00150344
547b2000
288003b8
02803379
29803079
28000307
0280a017
28403079
580034e0
001502e5
0283fc09
02800808
00150326
00150344
547bdc00
02800718
28000307
02801af7
29803077
28403077
5fffd4e0
2980307c
02807b79
2a00306c
29803079
28403079
5801b780
5801599e
1c000ff8
0291a318
0281ac07
0280a017
1c00101a
0295d35a
001502e5
0282d809
02800808
00150326
00150344
547b7800
02800718
28000307
02801af7
29803077
28403077
5fffd4e0
02804809
0282b808
0282a007
02812006
02832005
1c001004
0294a084
547a5000
1c001019
02947339
0283fc09
02810008
0285dc07
02810006
02830005
00150324
547a9c00
0283fc09
0283f408
0285dc07
0283f406
02830005
00150324
547a8000
0283fc09
0283f408
02830007
02810006
02830005
00150324
547a6400
0285dc07
0283fc09
0283f408
02810006
0285dc05
00150324
547a4800
1c000ff8
028e5318
02835817
0280cc07
03400000
001502e5
0283fc09
02800808
02814806
00150324
547a9c00
02800718
28000307
02801af7
29803077
28403077
5fffd4e0
2880f061
2880e077
2880d078
2880c079
2880b07a
2880a07b
2880907c
2880807d
2880707e
02810063
4c000020
03400000
1c000ff8
028c0318
0280d407
0280a017
001502e5
0282d809
02800808
00150326
00150344
547a2c00
02800718
28000307
02801af7
29803077
28403077
5fffd4e0
0280eb7b
2980307b
0280079c
028013bd
2a40307b
53fdd3ff
1c000ff8
028a5318
0281a407
0280a017
001502e5
0282d809
02800808
00150326
00150344
5479d400
02800718
28000307
02801af7
29803077
28403077
5fffd4e0
0280eb7b
2980307b
0280079c
028013bd
2a40307b
53fd7bff
02bfc063
00150007
02804006
02800405
1c000fe4
0289b084
29803061
29802077
29801078
29800079
1c001017
028d52f7
54233000
298002e4
02802809
02801808
03b00007
00150006
1c000025
02a6e0a5
1c000fe4
0288d084
544c7800
1c001018
028c7318
29800304
02802809
02801408
02980007
00150006
1c000005
028260a5
1c000fe4
02883084
544c4800
288002ec
1c001019
028b9339
29800324
58005580
2880030c
58004d80
58004880
00150184
544b8000
28800324
544b7800
1c000fe4
0287b084
543abc00
1c000fe4
0287c084
543ab000
00150004
28803061
28802077
28801078
28800079
02804063
4c000020
1c000fe4
02869084
543a8800
02bffc04
53ffdbff
03400000
03400000
03400000
02bf0063
2980807c
157e41fc
2980e076
2980c078
2980b079
2980a07a
2980907b
2980707d
2980607e
2980507f
2980f061
2980d077
1c001018
0288b318
1c00101a
0288c35a
1c001019
02884739
1c00101b
0288237b
1c000ff6
0285b2d6
02800c1f
0280081e
0280041d
0390039c
50001400
29000337
29000360
02800404
544d0400
57f263ff
28800317
29800300
57f277ff
5c006ae0
00150384
5475f800
2a00032c
03400497
5fffcd97
2a00036c
0280040d
6c00b9ac
1c00100d
028689ad
2a0001ac
5bffb997
28800344
0280100c
290001b7
29003c6c
58001080
02800406
02803c65
5422b000
001502e5
1c000fe4
0283d084
54398000
53ff87ff
001502e5
001502c4
54397000
034006ec
58001d80
28800344
29003c7d
58001080
02800406
02803c65
54227000
03400aec
58001d80
28800344
29003c7e
58001080
02800406
02803c65
54225000
034012f7
5bff4ee0
28800344
29003c7f
5bff4080
02800406
02803c65
54223000
53ff33ff
0280058c
2900036c
53ff0bff
03400000
03400000
03400000
02bfc063
29803061
29802077
29801078
1c00100d
028301ad
1c00100c
0283198c
1c001004
02834084
288001b7
2a000198
54754000
1c00100c
0282618c
28800188
00150087
00150306
1c000fe4
0280b084
001502e5
54389c00
28803061
28802077
28801078
00150004
02804063
4c000020
02bf4063
29809078
29808079
001500b8
00150099
02800805
1c001004
0281a084
2980b061
2980a077
2980707a
54753400
0285c007
02802409
02807008
02803006
02804005
1c001004
0280f084
54756400
28000327
580040e0
02807817
1c00101a
0280935a
001502e5
0283fc09
02800808
02805806
00150344
54762800
02800739
28000327
02801af7
29803077
28403077
5fffd4e0
1c000ff9
02beb339
02814c07
02806017
1c00101a
02bf735a
03400000
001502e5
0283f009
02800808
02843806
00150344
5475dc00
02800739
28000327
02801af7
29803077
28403077
5fffd4e0
28000307
580040e0
02806017
1c001019
02be5339
001502e5
0282d809
02800808
0280a806
00150324
54759800
02800718
28000307
02801af7
29803077
28403077
5fffd4e0
2880b061
2880a077
28809078
28808079
2880707a
0280c063
4c000020
02bf8063
1c000fe5
02bcd0a5
1c000fe4
02bd5084
29807061
29806077
29805078
29804079
57fe9fff
1c001019
02bc6339
02858007
02804809
02826808
02811006
02806005
00150324
54742800
1c000ff8
02bb1318
0280a817
02814807
03400000
001502e5
02807009
02800808
02817006
00150324
5474ec00
02800718
28000307
02801af7
29803077
28403077
5fffd4e0
1c000ff8
02ba6318
02811807
0280a817
1c001019
02ba8339
001502e5
0283fc09
02800808
0281e806
00150324
5474a400
02800718
28000307
02801af7
29803077
28403077
5fffd4e0
28807061
28806077
28805078
28804079
02808063
4c000020
02bf0063
2980d078
1c001018
02b85f18
2a00030c
2980e077
2980f061
2980c079
2980b07a
00150097
58001980
1c00100c
02b7c98c
2a00018c
02800404
5800b997
001500d9
001500ba
02805066
001502e5
14388004
57f57fff
5c00ec80
28806067
28805066
001502e5
1c000fe4
02b8b084
5435e000
157e800c
0380e191
29800239
28805073
28806071
03802192
03803190
29800253
0280080d
157e800f
29800211
038011ee
2980018d
288001cc
0340058d
5ffff9a0
0340a18c
0280800d
5c00bd8d
58005340
038151ef
288001ec
0044b18c
03403d8c
58003f4c
288001e5
1c000fe4
02b81084
0044b0a5
03403ca5
54356400
00150004
2880f061
2880e077
2880d078
2880c079
2880b07a
02810063
4c000020
1c00100c
02b4398c
29000197
2880f061
0280040d
2900030d
2880e077
2880d078
2880c079
2880b07a
02800404
02810063
4c000020
57f5cfff
00150085
1c000fe4
02b4b084
5434fc00
2880f061
2880e077
2880d078
2880c079
2880b07a
00150004
02810063
4c000020
288001c5
1c000fe4
02b52084
0044a0a5
29803065
2a003065
5434c000
2880f061
2880e077
2880d078
2880c079
2880b07a
00150004
02810063
4c000020
03400000
03400000
03400000
1c00100c
02b1518c
2880018c
02bf8063
29805078
29807061
29806077
29804079
1c000ff8
02b56318
5c000d80
1c000ff8
02b4c318
1c000fe5
02b580a5
1c000fe4
02b5f084
57fbcfff
1c001019
02b12339
02804809
0282b808
0282e007
02810006
0281b005
00150324
54715800
0283fc09
0280f008
02849c07
0280f006
0281a005
00150324
5471ac00
0283fc09
0283c408
02849c07
0283c406
0281a005
00150324
54719000
0283fc09
0283c408
0281a007
0280f006
0281a005
00150324
54717400
02849c07
0283fc09
0283c408
0280f006
02849c05
00150324
54715800
02806017
02813407
001502e5
0282d809
02800808
0283c806
00150324
5471b800
02800718
28000307
02801af7
29803077
28403077
5fffd4e0
1c000ff8
02b0a318
02814c07
02806017
1c001019
02adb339
03400000
001502e5
02807c09
02800808
0283f806
00150324
54716c00
02800718
28000307
02801af7
29803077
28403077
5fffd4e0
28807061
28806077
28805078
28804079
02808063
4c000020
03400000
03400000
02bf4063
29809078
2980b061
2980a077
29808079
2980707a
1c00100d
02ab05ad
2a0001ad
0280040c
1c000fe5
02b140a5
1c000ff8
02b1c318
5c0015ac
1c000fe5
02b020a5
1c000ff8
02b08318
1c000fe4
02b21084
57fa3fff
1c00101a
02aae35a
02804809
0282b808
0282e007
02810006
0281b005
00150344
546fc800
0283fc09
0280f008
02849c07
0280f006
0281a005
00150344
54701c00
0283fc09
0283c408
02849c07
0283c406
0281a005
00150344
54700000
0283fc09
0283c408
0281a007
0280f006
0281a005
00150344
546fe400
02849c07
0283fc09
0283c408
0280f006
02849c05
00150344
546fc800
1c000ff9
02af0339
02806017
02814c07
03400000
001502e5
0282d809
02800808
0283c806
00150344
54701c00
02800739
28000327
02801af7
29803077
28403077
5fffd4e0
02813407
02806017
1c001019
02a76339
001502e5
02807c09
02800808
0283f806
00150324
546fdc00
02800718
28000307
02801af7
29803077
28403077
5fffd4e0
2880b061
2880a077
28809078
28808079
2880707a
0280c063
4c000020
03400000
14012e0c
02be4063
0383218c
2980206c
1400800c
29819077
0381b18c
157e8017
29818078
29817079
2981507b
2981407c
2981307d
2981b061
2981a076
2981607a
2981207e
2981107f
1c00101c
02a4d39c
1c00101b
02a47b7b
1c001018
02a42318
1c00101d
02a3f3bd
2980306c
038012f9
02805004
2880039a
54136800
5c000880
02800404
00150087
02800406
00150344
02805c65
541b1c00
5c02c080
2a005c7a
2a000367
28800306
1c000fe4
02ab2084
00150345
5430cc00
2880030c
5c03ed80
0280040c
580c1f4c
0280080d
580c4b4d
02800c0c
580d874c
0280100c
5c027f4c
2880032c
0340058c
58001980
0280200c
298002ec
2880032c
0340058c
5ffff980
1c00101a
02a2035a
00150344
546cd400
03404084
5ffff480
02808005
1c001004
02a19084
546cfc00
1c00100c
02a09d8c
29000180
1c00100c
02a0d18c
29400180
2a00036c
0280080d
0280058c
2980030c
5810298d
0280040d
5810498d
57f8e7ff
54121000
1c00101e
02a073de
02804809
02826006
0280a805
02805008
0283e807
00150096
001503c4
546d2800
001503c4
546c7000
00150088
001502c7
1c000fe6
02a8f0c6
02808005
02808064
542f9400
28008067
0280807f
0280a81a
580034e0
00150345
02807c09
02800808
02827006
001503c4
546dcc00
028007ff
280003e7
02801b5a
2980107a
2840107a
5fffd4e0
1c000fe4
029e4084
546e2800
1c000fe4
029e1084
546c2c00
288003ac
0280040d
0280058c
298003ac
2880030c
580f7d8d
0280080d
580f6d8d
57f81bff
54114400
1c000ffe
029d43de
02804809
02826006
0280a805
02805008
0283e807
00150096
001503c4
546c5c00
001503c4
546ba400
00150088
001502c7
1c000fe6
02a5c0c6
02808005
02808064
542ec800
28008067
0280807f
0280a81a
580038e0
03400000
00150345
02807c09
02800808
02827006
001503c4
546cfc00
028007ff
280003e7
02801b5a
2980107a
2840107a
5fffd4e0
1c000fe4
029b0084
546d5800
1c000fe4
029ad084
546b5c00
288003ac
0280058c
298003ac
54108c00
1c000fec
0299898c
29000180
1c000fec
0299918c
29800184
1c000fec
0299518c
29800184
1c000fec
0298f58c
29000180
1c000fec
0298c18c
29000180
2a00036c
1c000fed
02a6e1ad
1c000fe4
02a30084
0040898c
001031ac
28800185
1c000fed
02981dad
0280040c
290001ac
542e2c00
54101800
2880030c
0015009a
5c003d80
1c000fec
0297958c
2a00018c
5c023180
1c000fec
0297618c
2880019e
0011789e
0280c804
54105400
5c000880
02800404
6c020fc4
2880030c
0280040d
5804b58d
0280080d
5804dd8d
02800c0d
5ffcbd8d
1c000fec
0296718c
2880019e
028fa004
00117b5e
54101400
5c000880
02800404
6bfc9bc4
1c000fec
0295e18c
2980019a
540f8800
02804809
02826006
0280a805
02805008
0283e807
00150096
1c000fe4
0295f084
546aa400
1c000ffe
0295c3de
001503c4
5469e400
00150088
001502c7
1c000fc6
029ec0c6
02808005
02808064
542d0800
28008067
0280807f
0280a81a
580038e0
03400000
00150345
02807c09
02800808
02827006
001503c4
546b3c00
028007ff
280003e7
02801b5a
2980107a
2840107a
5fffd4e0
1c000fe4
02940084
546b9800
1c000fe4
0293d084
54699c00
288003ac
0280058c
298003ac
53fbcfff
0280040d
5807d98d
0280080e
58095d8e
0280100c
5ffe9f4c
2880032c
0340058c
58001980
0280200c
298002ec
2880032c
0340058c
5ffff980
1c000ffa
0292835a
00150344
5468f400
03404084
5ffff480
02808005
1c000fe4
02921084
54691c00
1c000fec
02911d8c
29000180
29800300
57ed5bff
1c000fe4
02919084
546afc00
1c000fe4
02916084
54690000
288003ac
0280058c
298003ac
57ed33ff
1c000fe4
0290f084
546ad400
1c000fe4
0290c084
5468d800
1c000fec
0290318c
29400180
1c000fec
028fa18c
29800180
288003ac
2a000365
1c000fed
028f45ad
0280058c
298003ac
1c000fc4
02984084
0280040c
290001ac
542be400
53fdbbff
1c000fec
028f718c
2880018c
2880919a
1c000fec
028ed18c
0044875a
0340075a
0010699f
2a0003ec
58077580
1c000fec
028e718c
00106996
2a0002c8
2a00036c
58014988
0280e80c
001c3108
02800809
0282cc07
02805805
1c000fe4
028e1084
0281111e
0282051f
001503c6
001503c8
54690c00
001503e8
001503e6
02800809
0282cc07
02805805
1c000fe4
028d5084
5468ec00
001503e8
001503c6
02800809
02805807
02805805
1c000fe4
028cd084
5468cc00
001503e8
001503c6
02800809
0282cc07
0282cc05
1c000fe4
028c5084
5468ac00
2a00037e
0280e80c
0283f009
001c33de
0282cc07
02805805
1c000fe4
028bc084
2980107e
2a40107e
028113df
2980107f
2840107f
028207de
001503e8
001503e6
54686800
2980107e
2840107e
0283f009
0282cc07
02805805
1c000fe4
028ac084
001503c8
001503c6
54684000
0283f009
001503c8
02805807
001503e6
02805805
1c000fe4
028a2084
54682000
001503c8
001503e6
0283f009
0282cc07
0282cc05
1c000fe4
0289a084
54680000
2a00036c
290002cc
02812006
02832005
1c000fe4
02893084
02804809
0282b808
0282a007
54676800
14013e0c
0384718c
038072ed
298001ac
038082ec
29800180
1400900c
0383218c
0380b2ed
298001ac
14015c0c
0382a18c
0380c2ed
298001ac
0380d2ec
02800c0d
2980018d
038092ec
0280300d
2980018d
0380a2ec
0280480d
2980018d
00150006
1c000fec
0286818c
00150005
00150004
2a00019e
57f373ff
5804ac80
038052ec
2980019e
1402000d
038062ec
2980018d
0280100c
298002ec
2880032c
0340058d
5ffff9a0
0340318c
0280100d
5c045d8d
1c000fe4
02861084
54681c00
1c000fe4
0285e084
54662000
1c000fed
0284e1ad
1c000fec
0284c58c
29000180
2a0001ac
0280058c
03403d8c
290001ac
288003ac
0280058c
298003ac
540b2c00
1c000fec
0284218c
29800184
53f81fff
1c000fec
0284018c
2880019e
0280c804
00117b5e
540b7400
5c000880
02800404
6c003fc4
2880030c
0280080d
5ffb2d8d
1c000fec
0283418c
2880019e
0280c804
00117b5e
540b4400
5c000880
02800404
6c016fc4
2880030c
53fb03ff
157e41e4
1c000fec
0282818c
03900084
2980019a
5464d800
0015009e
57f5a3ff
2880206d
038072ec
02804809
2980018d
2880306d
038082ec
29800180
0380b2ec
2980018d
14015c0c
0382e18c
0380c2ed
298001ac
0380d2ec
0280040d
2980018d
0282b808
0282e007
02810006
0281b005
1c000fe4
02817084
54658400
1c000fec
0280658c
2a00018c
5c058580
038092ec
0280300d
2980018d
0380a2ec
0280480d
2980018d
1c000fec
02bfcd8c
2a000196
00150006
1c000fec
02bf898c
00150005
00150004
2a00019f
57f1b7ff
5bfefc80
0040c3ec
0015598c
038052ed
298001ac
038062ec
1402000d
2980018d
0280100c
298002ec
2880032c
0340058d
5ffff9a0
0340318c
0280100d
5c05858d
1c000fe4
02bf0084
54665800
1c000fe4
02bed084
54645c00
288003ac
1c000fee
02bdbdce
2a0001cd
0280058c
298003ac
0040fbcc
0048fd8c
0340398c
0280058c
0010358c
03403d8c
290001cc
2880030c
53fe73ff
1c000fec
02bd118c
2980019a
57f2d3ff
2880206d
038072ec
0280041e
2980018d
2880306d
038082ec
29800180
0380b2ec
2980018d
14015c0c
0382e18c
0380c2ed
298001ac
0380d2ec
02810006
0281b005
1c000fe4
02bc7084
2980019e
02804809
0282b808
0282e007
54643400
02800406
02801405
02800804
57f0a7ff
5bfe1c80
1c000fec
02bad18c
2a000196
1c000fed
02ba91ad
038152ec
28800185
288001af
028022cc
1c000fce
0287c1ce
03403d8c
03403ecd
001031cc
001035ce
0044c0a5
2a00018c
2a0001ce
5c04dde0
0040a18d
0040c18f
001535cc
00153d8c
0040e1ce
0015398c
29808060
2980606c
00150006
29007060
29009060
1c000fc4
02872084
1c000fd4
0286d294
02806073
02808072
00150011
1402001f
038152ef
0380f2fe
038102e1
038112eb
038122ea
038132e9
02800408
02940007
2a400290
2a00026d
2a00024c
2a40008e
001040d0
29801070
004091ad
0040a18c
0343fdad
037c018c
0040c1ce
2a401070
001531ad
001545ce
00157dad
038009ce
03400000
288001ec
0340058c
5bfff980
298003ce
29800030
2980016d
29800140
02840231
29800128
02800884
02800a94
02800673
02800652
5fff8a27
038152ed
03400000
288001ac
0340058c
5bfff980
0380f2ec
02800c0d
2980018d
038102ec
29800180
038112ec
29800180
038122ec
29800180
038132ed
0280040c
298001ac
038142ed
298001ac
038152ed
50001400
03400000
2880032c
0340218c
5c042d80
288001ac
0044c18c
5bffecac
028006d6
1c000fec
02b4318c
03403ed6
29000196
2880030c
53f763ff
28800325
1c000fc4
02bfc084
0044a0a5
29801065
2a001065
54251400
1c000fec
02b3e18c
0010699a
29000340
53f3f3ff
5802e34c
0280080c
5803074c
02800c0c
5803e74c
0280100c
5ff6bf4c
2880032c
0340058c
58001980
0280200c
298002ec
2880032c
0340058c
5ffff980
1c000ffa
02b3035a
00150344
54611400
03404084
5ffff480
53f823ff
03400000
2a00036c
5bf67580
02bffd8c
2980106c
2a001065
1c000fed
02b165ad
1c000fc4
02ba8084
290001ba
29000365
54247400
53f64bff
2a000365
028004a5
6bf63f45
1c000fed
02b0b5ad
1c000fc4
02b9d084
290001ac
29000365
54244800
53f61fff
57e533ff
2a00037e
0280e80c
0283f009
001c33de
0282cc07
02805805
1c000fe4
02b09084
2980107e
2a40107e
028113d6
29801076
28401076
028207de
001502c8
001502c6
54619c00
2980107e
2840107e
0283f009
0282cc07
02805805
1c000fe4
02af9084
001503c8
001503c6
54617400
0283f009
001503c8
02805807
001502c6
02805805
1c000fe4
02aef084
54615400
001503c8
001502c6
0283f009
0282cc07
0282cc05
1c000fe4
02ae7084
54613400
2a00036d
1c000fec
02ade18c
0010698c
2900018d
0280040c
290003ec
53f923ff
5800634d
0280100c
5ff5434c
2880032c
0340058c
58001980
0280200c
298002ec
2880032c
0340058c
5ffff980
1c000ffa
02ad135a
00150344
545f9800
03404084
5ffff480
53f6a7ff
2a000365
1c000fc4
02b56084
54231c00
53f4f3ff
03400000
1c000fec
02ab618c
29000180
1c000fee
02ab21ce
1c000fec
02ab518c
29800180
288001cc
1c000fc5
02b320a5
0240058d
298001cd
5c000d80
1c000fc5
02b2f0a5
1c000fc4
02b60084
5422c800
53f49fff
038092ec
0280300d
2980018d
0380a2ec
0280480d
2980018d
1c000fec
02a9cd8c
2a000196
00150006
1c000fec
02a9898c
00150005
02800404
2a00019f
57ec37ff
5bf97c80
0040c3ec
0015598c
038052ed
298001ac
038062ec
1402000d
2980018d
0280100c
298002ec
2880032c
0340058d
5ffff9a0
0340318c
0280100d
5bfa858d
28800325
1c000fc4
02b41084
0044a0a5
29801065
2a001065
54222800
2880030c
53f44bff
1c000fec
02a7998c
2a000185
1c000fc4
02b24084
028004a5
03403ca5
29000185
5421fc00
53f3d3ff
03400000
1c000fec
02a6e98c
2a000185
1c000fc4
02b19084
02803ca5
03403ca5
29000185
5421d000
53f3a7ff
001737de
1400014d
03a289ad
0014b7cd
5c01e1a0
1400002d
038105ad
0014b7de
00150006
00150010
0015000f
5c0017c0
140001e6
03bff0c6
02803810
0280080f
0040a18d
15fe01f1
001535cd
03bffe31
0040c18c
0014c5ad
001531ad
0040a1ec
0015320c
0014c58c
0040c210
0015418c
1401fff0
03bffe10
0040e1ce
0040e1ef
0014c1ad
0014c18c
001539ad
00153d8c
2980606d
2980806c
53fab7ff
28800325
1c000fc4
02b03084
0044a0a5
29801065
2a001065
54211400
2880030c
53f33fff
2880032c
0340058c
58001d80
0280200c
298002ec
03400000
2880032c
0340058c
5ffff980
1c000ffa
02a3935a
00150344
545d3800
03404084
5ffff480
02808005
1c000fe4
02a32084
545d6000
1c000fec
02a22d8c
29000180
1c000fec
02a1e98c
29000180
1c000fec
02a1b18c
29000180
1c000ffa
02a1875a
1c000fec
02a1518c
29800180
2a00034c
1c000fed
02a12dad
0240058c
2900034c
0280040c
290001ac
57ed5bff
1c000fe4
02a19084
545efc00
1c000fe4
02a16084
545d0000
1c000fec
02a0918c
29800180
288003ac
2a00034d
1c000fc5
02a800a5
0280058c
298003ac
0280040c
58000dac
1c000fc5
02a7d0a5
1c000fc4
02aac084
54201000
53f1e7ff
1c000fcc
029f318c
29800180
57eb6fff
53f06bff
03400000
57eb63ff
53f12fff
57ecdbff
53f127ff
57ecd3ff
53f04fff
140001e6
03bff8c6
02803c10
0280040f
53fe43ff
03400000
02bfc063
157e2005
1c000fc4
029ee084
29803061
29802077
29801078
545be400
157e41e4
1c000fce
029e29ce
1c000fcd
029dd1ad
1c000fcc
029df18c
03900084
290001c0
298001a0
29800180
545b9400
1c000fd0
029d5610
1c000fcf
029d31ef
1c000fce
029cb5ce
1c000fd1
029cfa31
1c000fcd
029c71ad
1c000fcc
029c618c
02800418
03400484
29000204
290001d8
29000224
290001e0
290001b8
29800180
57e013ff
1c000fc4
029c7084
545db400
1c000fc4
029c4084
545bb800
1c000fd7
029b82f7
288002ec
0280058c
298002ec
57dfe3ff
1c000fc4
029bb084
545d8400
1c000fc4
029b8084
545b8800
288002ec
1c000fcd
029ae1ad
294001a0
0280058c
02800404
298002ec
545ae800
1c000fd0
0299f610
1c000fcf
0299ddef
1c000fce
0299b9ce
1c000fcd
029991ad
29000200
290001f8
290001c0
290001a0
28803061
1c000fcc
0299118c
29800180
28802077
28801078
02804063
4c000020
03400000
02bfc063
29801078
1c000fd8
02992318
28800306
29802077
03403c97
001502e5
1c000fc4
02a4f084
29803061
541e3400
2880030c
28803061
001532f7
29800317
28802077
28801078
02804063
4c000020
1c000fcc
0298518c
28800184
4c000020
1c000fcd
029811ad
288001ac
02bfc063
29803061
0280058c
298001ac
542e8400
2881208c
02bffd8c
2981208c
58001580
28803061
02804063
50354800
03400000
2881108c
2981208c
54302800
28803061
02804063
50352c00
03400000
03400000
60004080
028fa00c
0020b08d
5c000980
002a0007
001c31ad
0020308e
5c000980
002a0007
001c31ce
028f9dad
002031a4
5c000980
002a0007
00103884
4c000020
02bffc04
4c000020
03400000
03400000
00150004
4c000020
03400000
03400000
02bfc063
29801078
29803061
29802077
1c0000f8
02b26318
1c0000ec
02b2718c
6c00330c
02bffd8c
0011618c
0044898c
0280058c
0040898c
00150317
00103318
288002ec
028012f7
4c000181
5ffff6f8
28803061
28802077
28801078
02804063
53d513ff
03400000
03400000
03400000
00150004
4c000020
03400000
03400000
00150004
4c000020
03400000
03400000
00150004
4c000020
03400000
03400000
02bfc063
29801078
29803061
29802077
1c0000f8
02afd318
1c0000ec
02afc18c
6c00330c
02bffd8c
0011618c
0044898c
0280058c
0040898c
00150317
00103318
288002ec
028012f7
4c000181
5ffff6f8
28803061
28802077
28801078
02804063
4c000020
03400000
03400000
03400000
02bfc063
29803061
57d49bff
57d897ff
541c8000
54348c00
54269800
02805009
02800808
02900007
00150006
1c000005
02bb10a5
1c000fa4
029da084
542d4400
542ca000
54347c00
54014800
54271400
28803061
00150004
02804063
4c000020
02bf8063
29805078
1c000fd8
28881318
2880030c
29807061
29806077
29804079
2980307a
2980207b
5800a198
0280041b
50006800
28800317
288002ed
288012ec
02bfb2f9
298011ac
2980018d
298012f7
298002f7
5428cc00
288192ec
00150324
58000980
4c000181
00150324
5425d400
5800789b
5428dc00
00150344
57d3e7ff
288052e4
5420cc00
00150324
54256400
2880030c
58003598
57d3abff
2880030c
0015009a
5fff9198
28807061
28806077
28805078
28804079
2880307a
2880207b
02808063
53d39fff
28807061
28806077
28805078
28804079
2880307a
2880207b
02808063
4c000020
00150324
54237400
54286000
28807061
28806077
28805078
28804079
2880207b
00150344
2880307a
02808063
53d34fff
03400000
03400000
02bfc063
29803061
57fedbff
53ffffff
02bfc063
0280800b
02801c0a
02900009
1c000fc8
028a6108
00150007
1c000006
02bf50c6
1c000fa5
0297c0a5
1c000fc4
0299f084
29803061
5429f800
28803061
1c000fc4
0299a084
02804063
502b0400
02bfc063
29802077
29801078
29800079
00150097
001500d9
001500f8
001500a6
02800805
29803061
54218800
290026f8
28803061
028052ec
294072f9
298062ec
298052ec
28801078
28802077
28800079
00150004
02804063
4c000020
03400000
02bf4063
2980a077
2980b061
00150097
29809078
29808079
2980707a
2980607b
29803065
57d23fff
2a4072ec
5c00e980
2880306c
58011180
0015009b
542a5400
2980c080
2a0026fa
00150098
028052f9
542d9000
58008340
0280040c
5c00334c
288052ec
5800732c
2a00d70e
2a00858d
6c005dcd
2880118e
0280530d
298001cd
2980630e
2980118d
2980530c
2880306c
6000640c
00150364
57d1ebff
5424d400
2880c304
2880b061
2880a077
28809078
28808079
2880707a
2880607b
0280c063
4c000020
2a00858d
6bffadcd
2880018c
5ffff72c
288062ed
0280530c
298001ac
2980630d
298062ec
2880306c
29805319
67ffa40c
02813317
02803066
00150005
001502e4
542ffc00
001502e4
542ea400
53ff87ff
02bffd8c
294072ec
57d167ff
2880b061
2880a077
28809078
28808079
2880707a
2880607b
00150004
0280c063
4c000020
57d13fff
02bff804
53ff5bff
02bfc063
29802077
29803061
00150097
29801078
57d0ffff
288052ec
028052ed
5800358d
00150098
02bfb184
542ce400
00150304
57d0ffff
5423e800
28803061
28802077
28801078
00150004
02804063
4c000020
2a4072ec
0280058c
294072ec
57d0d3ff
28803061
28802077
28801078
00150004
02804063
4c000020
03400000
02bf4063
29809078
001500b8
00150085
02801804
2980a077
29808079
2980707a
2980b061
001500d9
001500fa
5420d400
00150097
5800a080
02800f0c
02bff00e
29803079
0014b98c
2a40306d
2980306c
2a40306c
02805098
2900249a
29806098
29805098
29408899
02801184
001c3484
294082ec
541afc00
298072e4
58007880
2a408af1
2980a2e0
2980b2e0
2980c2e0
58004220
2a4082f0
0015008c
0015000e
0015000d
02801210
0015018f
2980018e
028005ad
0010418c
001501ee
5fffedb1
02bffdad
001c41ad
0010348d
2980c2ed
294092e0
2880b061
001502e4
2880a077
28809078
28808079
2880707a
0280c063
4c000020
288052ec
5800370c
02bffc1a
57cf93ff
00150099
288052e4
2980709a
02bfb084
542b7c00
00150324
57cf97ff
288052ec
5fffdf0c
288072e4
541c7400
001502e4
00150017
54210800
53ff9bff
2a40808c
6800f586
02bf8063
29806077
00150097
29805078
29804079
2980307a
29807061
001500ba
001500d9
57cf27ff
2880c2f8
5800cf00
2880030c
2980c2ec
57cf33ff
00150326
00150345
29800300
02801304
540c4c00
57cefbff
2880b2ec
00150099
58000980
29800198
2880a2ec
2980b2f8
58007d80
2a4092ec
288052e4
028052ed
0280058c
294092ec
5800388d
02bfb084
542abc00
00150324
57ced7ff
5421c000
00150004
28807061
28806077
28805078
28804079
2880307a
02808063
4c000020
00150324
57ceabff
28807061
28806077
28805078
28804079
2880307a
00150004
02808063
4c000020
03400000
2980a2f8
53ff87ff
02bffc04
4c000020
57ce73ff
02bff404
53ffa3ff
03400000
02bf0063
2980f061
2980d077
2980c078
2980b079
2980507f
00150098
29802065
001500df
29803067
2980e076
2980a07a
2980907b
2980807c
2980707d
2980607e
54263000
00150097
57cdfbff
2a40930c
00150099
58008d80
2880a317
2880b30d
288002ee
2980a30e
58020db7
02bffd8c
00150324
2940930c
57cdebff
2a408306
6801cbe6
28802064
028012e5
540b0400
57cdb3ff
2880c30c
298002ec
2980c317
57cdc3ff
00150004
2880f061
2880e076
2880d077
2880c078
2880b079
2880a07a
2880907b
2880807c
2880707d
2880607e
2880507f
02810063
4c000020
03400000
2880306c
5801b180
2980c2e0
0015001b
0280531a
028052fc
0280041d
028132fe
2a002716
001502e4
5428b800
580036c0
5c0046dd
2880530c
58002b4c
2a00d6ee
2a00858d
6c0015cd
50010800
03400000
2a00858d
6800fdcd
2880018c
5ffff74c
2880630c
2980019c
298062ec
2980631c
298052fa
2880306c
6400240c
57f667ff
0015009b
02803066
00150005
001503c4
542b7000
001503c4
542a1800
00150324
57cce3ff
541fcc00
2880c2e4
5c003c80
57ccb3ff
2880306c
00150099
6000640c
2a40930c
5ffeb580
2880306c
2980c2e0
5fff5180
00150324
57ccabff
02bff80c
02bff804
2980c2ec
2880f061
2880e076
2880d077
2880c078
2880b079
2880a07a
2880907b
2880807c
2880707d
2880607e
2880507f
02810063
4c000020
03400000
57f5c3ff
2880306c
00116c8d
0010337b
00111364
60001080
29803064
001501bb
53ff83ff
29803060
001501bb
53ff77ff
2880118d
298001bc
298062ed
2980119c
298052ec
53ff13ff
28802064
001503e6
028012e5
54093c00
57cbebff
2880c30c
298002ec
2980c317
57cbfbff
00150004
53fe3bff
02bffd8c
2980b300
00150324
2940930c
57cbdfff
2a408306
6ffdfbe6
53ffbbff
57cbcfff
02bff804
53ff2fff
02bf8063
29807061
57cb9bff
1c000fcd
28a531ad
2a0001ac
28807061
0280058c
2980306c
2a00306c
290001ac
02808063
53cb93ff
03400000
03400000
03400000
02bf8063
29807061
57cb5bff
1c000fcd
28a431ad
2a0001ac
28807061
02bffd8c
2980306c
2a00306c
290001ac
02808063
53cb53ff
03400000
03400000
03400000
0341014e
02bfc063
0015008c
1c000fad
028001ad
58000dc0
1c000fad
028021ad
03404153
58009660
02bff80e
0014b94a
0340094e
00150271
02808010
58009dc0
600168c0
0340114e
0280ac04
5c0091c0
0340214a
0012a804
00409484
5c0084c0
0280c00d
02800407
2900006d
001500f2
640008e9
00150132
00114908
02bffd0f
5c018a20
58013c80
64055008
0280040d
02bff90f
5c01310d
02bff80f
03400000
6c000985
29000184
001501e8
0280058c
02bffdef
50015800
03400550
02bfc00e
02bffe10
0014ba10
0340094e
03404551
0280c210
5fff6dc0
00150004
5bff84c0
0280280e
58031cee
03403ccf
00103daf
2a0001ef
004490ce
2900006f
5804edc0
03403dce
001039ae
2a0001ce
0044a0cf
2900046e
5804ede0
03403def
00103daf
2a0001ef
0044b0ce
2900086f
5804edc0
03403dce
001039ae
2a0001ce
0044c0cf
29000c6e
5804c9e0
03403def
00103daf
2a0001ef
0044d0ce
2900106f
5804c9c0
03403dce
001039ae
2a0001ce
0044e0cf
2900146e
5804bde0
03403def
00103daf
2a0001ee
0044f0c6
2900186e
5804b0c0
001019ad
2a0001ad
02801c06
02802007
29001c6d
53fecbff
0280280e
00111806
0280b404
5fff34ee
50024800
03400000
64048808
02800591
0015018d
02808014
00103e31
6c0009a5
290001b4
028005ad
0011362e
63fff00e
00143c0d
0048fdad
02bffde8
0014b5ef
00113d08
028005ef
00103d8c
02bffd0f
5ffe9880
5c004a60
00103d91
0015018d
02800631
6403d808
6c0009a5
290001b0
028005ad
0011362e
63fff00e
00143c0d
0048fdad
02bffde8
0014b5ef
00113d08
028005ef
00103d8c
02bffd0f
00111e44
0280c00d
00101184
640380f2
6c000985
2900018d
0280058c
5ffff584
58014520
6c001485
0280406c
0010198c
2a3fc18c
2900008c
0280048d
02bffccc
58011cc0
6c0015a5
0280406d
001031ad
2a3fc1ad
2900048d
0280088e
02bff8cd
6400fc0c
6c0015c5
0280406c
0010358c
2a3fc18c
2900088c
02800c8e
02bff4cc
6400dc0d
6c0015c5
0280406d
001031ad
2a3fc1ad
29000c8d
0280108e
02bff0cd
6400bc0c
6c0015c5
0280406c
0010358c
2a3fc18c
2900108c
0280148e
02bfeccc
64009c0d
6c0015c5
0280406d
001031ad
2a3fc1ad
2900148d
0280188e
02bfe8cd
64007c0c
6c0015c5
0280406c
0010358c
2a3fc18c
2900188c
02801c8e
02bfe4cc
64005c0d
6c0015c5
0280406d
001031ad
2a3fc1ad
29001c8d
0280208e
02bfe0cd
64003c0c
6c0015c5
0280406c
0010358c
2a3fc18c
2900208c
0280040e
02802490
02bfdccc
5c0019ae
6c001605
0280406d
001031ac
2a3fc18c
2900248c
028004c6
00101884
028005ee
0015008c
02808010
0010388e
64003008
03400000
6c000985
29000190
0280058c
001131cd
63fff00d
00143c0c
0048fd8c
0014b1ef
028005ef
00103c84
02804063
4c000020
00219cce
5c0008e0
002a0007
001039ae
00211cd2
5c0008e0
002a0007
2a0001ce
0280240f
2900006e
6c01c1e6
00219e4e
5c0008e0
002a0007
001039ae
2a0001ce
02819012
02818c0f
002148d4
5c000a40
002a0007
2900046e
6c01a9e6
00219e8e
5c0008e0
002a0007
001039ae
2a0001ce
028fa012
028f9c0f
002148d4
5c000a40
002a0007
2900086e
6c0191e6
00219e8f
5c0008e0
002a0007
00103daf
2a0001ef
1400004e
039c41d2
29000c6f
002148d4
5c000a40
002a0007
039c3dce
6c0151c6
00219e8f
5c0008e0
002a0007
00103daf
2a0001ef
1400030e
039a81d2
2900106f
002148d4
5c000a40
002a0007
039a7dce
6c0135c6
00219e8f
5c0008e0
002a0007
00103daf
2a0001ef
14001e8e
038901d2
2900146f
002148d4
5c000a40
002a0007
0388fdce
6c010dc6
00219e8f
5c0008e0
002a0007
00103daf
2a0001ef
1401312e
039a01d2
2900186f
002148d4
5c000a40
002a0007
0399fdce
6c00e5c6
00219e8f
5c0008e0
002a0007
00103daf
2a0001ef
140bebce
038401d2
29001c6f
002148d4
5c000a40
002a0007
0383fdce
6c00cdc6
00219e8f
5c0008e0
002a0007
00103daf
2a0001f2
1477358e
03a801d4
29002072
002150cf
5c000a80
002a0007
03a7fdce
6c00a5c6
00103dad
2a0001ad
02802406
2900246d
53fa9bff
02bff90f
53fac7ff
00150184
53fc93ff
00150006
02800407
53fa7fff
001501e8
02bffdef
53fc5bff
02800406
02800807
53fa67ff
02800c06
02801007
53fa5bff
02800806
02800c07
53fa4fff
02801006
02801407
53fa43ff
02801406
02801807
53fa37ff
02801806
02801c07
53fa2bff
02bff90d
001501e8
001501af
53fbbbff
02801c06
02802007
53fa0fff
02802006
02802407
53fa03ff
02bfc063
02800c0c
29803065
6c00b586
03400c8c
5c010580
0343fcac
0040a18d
001531ac
0040c18d
02803c0e
001531ad
6c01b1c6
02bfc0ce
004491ce
028005ce
004091ce
0015008c
0010388e
03400000
2980018d
2980118d
2980218d
0280418c
29bff18d
5fffedcc
03403ccf
034030ce
001501e6
580051c0
2980018d
02bff1ee
02800c10
6c00160e
2980118d
02bfe1f1
6c000a11
2980218d
004489cd
028005ad
004089ad
03400de6
0010358c
28003072
02bffccd
5c001cc0
02804063
4c000020
0015008c
02bffccd
28003072
5bffecc0
29000192
5bffe5a0
29000592
0280040e
0280098c
02bff9a6
5bffd1ae
29000192
5bffc8c0
29000592
0280040d
5bffbccd
29000992
0280080d
5bffb0cd
29000d92
02804063
4c000020
0011100d
03400dad
0280140e
02800dac
02bffcd3
28003072
6800a98e
6800ba6c
0015008c
580039a0
29000092
0280040e
0280048c
02bff8d3
580025ae
29000492
02800c0e
0280088c
02bff4d3
5c0011ae
02800c8c
29000892
02bff0d3
29803072
2a003070
001134c6
02bff0d1
0040a20f
0040c205
00153e0f
00448a31
0040e214
001515ef
0010348d
0015000e
02800631
001551ef
03400000
298001af
028005ce
028011ad
6bfff5d1
00408a31
0010458c
0011466d
5fff04d1
02804063
4c000020
0280140c
53ff5bff
0015008c
001500cf
53fe93ff
29000092
0280088c
29000492
02bff4c6
53fef3ff
02803c0d
001500d1
0015008c
6c00bda6
001510ac
03400d8c
5c017980
02bfc0cf
004491ef
028005ef
004091ef
001500ad
0015008c
00103c90
288001ae
0280418c
028041ad
29bfc18e
28bfd1ae
29bfd18e
28bfe1ae
29bfe18e
28bff1ae
29bff18e
5fffda0c
03403cce
03403231
00103ca5
001501c6
58005620
288000b0
02bff1cd
02800c0f
29800190
6c001ded
288010b0
02bfe1c6
29801190
6c000de6
288020af
2980218f
004489ad
02bff006
001c19a6
028005ad
004089ad
001034a5
0010358c
001038c6
02bff0c6
02bffcd1
5800d0c0
0280118e
028010b0
0012b8ae
0012c190
0240162f
001530ad
03c005ce
03c00610
03c005ef
03400dad
001541ce
024005ad
0014b9ee
0014b9ad
58006da0
004488cf
004089ef
001500ad
0015018e
001015ef
288001b0
028011ce
028011ad
29bff1d0
5ffff1af
02bff00d
0014b4cd
0010358c
001034a5
00113631
580044cd
280000ad
2900018d
58003a20
280004ae
0280040d
2900058e
58002a2d
280008ad
2900098d
4c000020
00101986
028004a5
283ffcad
0280058c
293ffd8d
5ffff186
4c000020
0015008c
02bffcd1
5fff38c0
4c000020
02bffcd0
6c000ca4
001018ad
6800cc8d
5800e8c0
028010ad
0280108f
0012b48d
0012bcaf
0240160e
0015148c
03c005ad
03c005ef
03c005ce
03400d8c
00153dad
0240058c
0014b5cd
0014b58c
58006d80
004488ce
004089ce
001500ac
0015008d
001015ce
2880018f
028011ad
0280118c
29bff1af
5ffff18e
02bff00c
0014b0cc
0010308d
001030a5
00113210
580048cc
280000ac
290001ac
58003e00
280004ae
0280040c
290005ae
58002e0c
280008ac
290009ac
4c000020
001018a6
0015008c
028004a5
283ffcad
0280058c
293ffd8d
5ffff0a6
4c000020
0010188c
5bfff8c0
02bffdad
280001ae
02bffd8c
2900018e
5ffff08c
4c000020
4c000020
03400000
580104c0
0015008f
50001400
03400000
001501c6
0015018f
5800edc0
028004a5
283ffcad
028005ec
02bffcce
293ffd8d
5fffe1a0
5800d1c0
0011300d
03400dad
02801412
02800db1
02bff8d0
6800be32
68007211
5800bda0
29000180
02800411
028009ef
580025b1
29000580
02800c11
0280098f
02bff4d0
5c0011b1
02800d8f
29000980
02bff0d0
001135d1
02bff22e
004489ce
0010358c
028005ce
0015000d
29800180
028005ad
0280118c
6bfff5ae
004089cd
001035ec
0011360e
58004a2d
29000180
02bffdcd
58003da0
29000580
02bff9cd
580031a0
29000980
02bff5cd
580025a0
29000d80
02bff1cd
580019a0
29001180
0280140d
58000dcd
29001580
4c000020
4c000020
02801411
53ff47ff
001501d0
0015018f
53ff73ff
03400000
02bf4063
2980707a
2980607b
2980507c
2980b061
2980a077
29809078
29808079
2980407d
0010149a
0015009b
001500f0
001500bc
6c000f44
0014101c
02bffc1a
280000cc
140001f9
00150364
0280ac17
02808018
03bfff39
5c002180
50056c00
6c00089a
2900008c
280004cc
02800484
028004c6
58012180
0280940d
5fffe58d
280004cc
0280b40d
0015000a
02808c0e
0280c00f
028004cb
58002d8d
03400000
58003197
58003d98
5800498e
5c00558f
0380054a
00150166
280004cc
028004cb
5fffe18d
0380414a
00150166
53ffefff
0380114a
00150166
53ffe3ff
03400000
0380214a
00150166
53ffd3ff
03400000
0380814a
00150166
53ffc3ff
03400000
0280240e
02bf418f
0015018d
6c00f1cf
0280a80d
02bffc08
5801158d
0280b80d
02bffc09
5800ad8d
02bfec0d
0281a00f
0014b58d
0015000e
5c0015af
2980306c
0280056b
2a00306e
2800016c
02bf6d8c
2980306c
2a00306c
02814c0d
68001dac
0040898c
1c000f8d
028281ad
001031ac
2880018c
4c000180
6c000c9a
0280940c
2900008c
2800016c
0280048d
5c03dd80
001501a4
00116c9b
58000f80
6c03109a
29000080
2880b061
00150364
2880a077
28809078
28808079
2880707a
2880607b
2880507c
2880407d
0280c063
4c000020
2800056e
0280240f
0280056d
02bf41d1
001501cc
6c02f9f1
0280a80e
5803318e
001501ab
00150009
53ff33ff
00150008
02802811
0280240f
001c4508
0280056b
00103508
2800016d
02bf4108
02bf41ae
001501ac
6fffe5ee
53fef7ff
28800208
028008cb
280008cc
02801210
67fee100
00112008
0380414a
53fed7ff
0381014a
02804007
0281b00c
0280121d
58000dcc
0281a00c
580021cc
28800206
00150345
57f163ff
2800056c
02800566
001503b0
53fdf7ff
2880020d
0340094c
2980306d
28403066
5fffd980
0014e5a6
53ffd3ff
02802007
53ffb3ff
02bffc0c
5802e10c
28800206
02804007
00150345
0280121d
57f113ff
02800566
2800056c
001503b0
53fda7ff
02802807
53ff7fff
0380094a
02802807
53ff73ff
0340414a
02bffd0d
5802b540
02801211
6802889a
0280048f
028005ac
00103084
02800566
0280800e
001501ec
6403000d
6c00099a
2900018e
0280058c
5ffff48c
001035e4
2800056c
00150230
53fd43ff
2880020f
02801210
580259e0
280001ed
0015000c
580019a0
001501ec
0280058c
2800018d
5ffff9a0
00113d8c
64000c09
6400092c
0015012c
0340414a
02bffd0e
58025940
00150085
6400dc0c
00103085
6c00d49a
001500b4
6c000b45
00150354
02801091
028011f2
0012c5f1
0012c892
03c00631
03c00652
00154a32
001511f1
0014100d
03400e31
001051ad
02800493
02400631
0014ca31
024015ad
0012ce92
03c005ad
03c00652
0014c9ad
0014b631
0015008d
58015220
02800406
68000a93
00111286
004488d3
00408a73
00104c93
001501f1
28800232
028011ad
02801231
29bff1b2
5ffff26d
02bff00d
0014b4cd
00103484
001035ef
58002da6
280001ed
2900008d
0280048d
6c001db4
280005ed
2900048d
0280088d
6c000db4
280009ed
2900088d
028005ce
001500a4
02800566
0280800f
001038ae
64001988
6c00089a
2900008f
02800484
001111cd
63fff18d
2800056c
53fbebff
6c000c9a
0280940c
2900008c
02800484
02800566
2800056c
53fbcfff
293fff40
2880b061
00150364
2880a077
28809078
28808079
2880707a
2880607b
2880507c
2880407d
0280c063
4c000020
00150009
02802812
02802411
001c4929
028005ad
280001ac
02bf418f
00103929
02bf4129
0015018e
6fffe62f
0014240e
001501ab
0048fdcd
0014b529
53fc13ff
28800209
2800096c
02801210
0014240d
0048fdad
0280096b
0014b529
53fbf3ff
280001ed
02800484
028005ef
293ffc8d
6fff1094
280001ed
02800484
028005ef
293ffc8d
6bffdc94
53fefbff
6c0009ba
2900048c
02800884
02800566
2800056c
53fafbff
2880020c
2900008c
53fd77ff
0380054a
02802008
53fd1fff
1c000f8f
02b191ef
53fdb3ff
0010348c
0280800e
6400540d
6c00089a
2900008e
02800484
5ffff584
02bffc0d
53fd33ff
0015001b
53fbcfff
0011310d
02808011
0010348d
64004988
6c00089a
29000091
02800484
5ffff48d
00112188
00103908
02bffd0e
53fd83ff
02bff90d
02801211
6bff789a
0280048f
02800566
2800056c
00150230
001501e4
53fa57ff
02bff90d
001501c8
001501ae
53fd4fff
03400000
03400000
03400000
02bf0063
0280b06c
2980b067
2980c068
00150187
29807061
2980d069
2980e06a
2980f06b
2980306c
57f99bff
28807061
02810063
4c000020
03400000
03400000
02bf0063
0280906c
29809065
2980a066
2980b067
00150086
00150187
0281fc05
1c000fa4
02b1a084
29807061
2980c068
2980d069
2980e06a
2980f06b
2980306c
57f943ff
1c000fa4
02b11084
57bd87ff
28807061
02810063
4c000020
03400000
02bfc063
1c000f84
02b1c084
29803061
57ff93ff
1c000f84
02b1b084
57ff87ff
1c000f84
02b24084
1c000f88
02b1f108
02800c07
02800406
02800c05
57ff67ff
28803061
1c000f84
02b23084
02804063
53ff53ff
03400000
03400000
03400000
58006080
0343fc8c
5c003d80
140001ec
03bc018c
0014b08c
5c007180
1401fe0c
0014b08c
5c004580
1c000f8c
02b2718c
0044e084
00101184
2a000084
02806484
4c000020
1c000f8d
02b201ad
001031ac
2a000184
02800484
4c000020
03400000
00150004
4c000020
0048c084
1c000f8c
02b1618c
0343fc84
00101184
2a000084
02804484
4c000020
0048a084
1c000f8c
02b0e18c
0343fc84
00101184
2a000084
02802484
4c000020
03400000
03400000
1c000fac
02af318c
2880018c
2880108e
0010398d
5800448d
2a4009af
5c003de0
1c000faf
02aea1ef
288001ef
58002ded
1c000fae
02ae51ce
288001cf
580055ed
288011ae
0011308f
2980108e
288011ad
0010358d
298021af
2880208f
00103d8d
58002c8d
2a4009b0
5c002600
1c000fb0
02ad6210
28800211
58002224
298011ae
2880108d
0010358c
2980218f
4c000020
298001c4
53ffafff
2980020d
53ffe3ff
1c000fac
02ac018c
28800185
02bfc063
1c000f84
02b19084
29803061
57fdd7ff
1c000fac
02ab718c
28800185
1c000f84
02b17084
57fdbfff
1c000fac
02ab018c
28803061
28800185
1c000f84
02b15084
02804063
53fd9fff
03400000
03400000
02bff00e
02800c8c
0280600f
0014b8ad
0014b98c
6c000ded
02bfa1ae
6c0019cc
001500a6
00150085
1c000f84
02b0f084
53fd63ff
02bfc063
001131ad
14000031
29802077
29803061
02bfd1af
03ba8231
14000230
00103d8e
2980118f
29800191
29802180
03ba8210
02bfa1ad
1c000fb7
02a982f7
1c000fb2
02a8b252
1c000fb1
02a93231
298001d0
298011cf
298021cf
00150007
02800406
1c000f85
02af10a5
1c000fa4
02a81084
298002ec
2980024d
2980022e
57e28fff
288002ed
28803061
1c000fac
02a8118c
2980018d
28802077
02804063
4c000020
03400000
03400000
58019080
02bfc063
29802077
1c000fb7
02a6d2f7
288002ec
29801078
02bff00d
02800c98
29803061
0014b718
00150004
68007998
0280300c
68008b0c
02bffc05
1c000fa4
02a61084
57e27bff
1c000fac
02a6818c
1c000fb4
02a64294
288002f3
28800292
28800191
00116270
0011464c
6c002990
00103237
288012ed
2a400aee
001131af
5c000dc0
02bfd1ee
6c003dd8
001501ac
6bffe1b0
1c000fa4
02a4b084
57e373ff
00150004
28803061
28802077
28801078
02804063
4c000020
03400000
02803018
53ff7bff
1c000fa5
02a3d0a5
1c000fa6
02a3a0c6
02806304
288000b0
288000c7
68005dc4
0280330e
001031ce
14000024
00103a2f
03ba8084
298011ed
298001e4
298021ec
298012ee
288011ec
02800408
02803273
29400ae8
58000d93
0010322c
2980218e
0280320f
001061f8
298000b8
6c0024f8
298000d8
50001c00
0280040c
001041ef
29400aec
298000af
6c0008ef
298000cf
1400002c
03ba818c
294002ec
58003657
1c000fa4
02a17084
57e2a3ff
28803061
028032e4
28802077
28801078
02804063
4c000020
03400000
00150004
4c000020
2a400a4c
5bffcd80
1c000fac
02a1218c
2880018d
5c000e4d
53ffbbff
58001db2
28801252
00104a32
2a400a4c
5ffff180
29800292
53ff9fff
2980028d
53ff97ff
03400000
03400000
02bfc063
29801078
001c1498
29802077
29803061
00150304
57fe0bff
00150097
58001080
00150306
00150005
57ee67ff
28803061
001502e4
28802077
28801078
02804063
4c000020
03400000
03400000
58011480
02bfc063
29800079
1c000f99
029ec339
2880032c
29803061
29802077
29801078
6800148c
1c000f8c
029e418c
2880018c
68001c8c
28803061
28802077
28801078
28800079
02804063
4c000020
00150097
02bffc05
1c000f84
029cf084
57e033ff
2a7fdaec
02bfd2f8
58001580
2a7fd2ed
1400002c
03ba818c
580029ac
1c000f84
02a44084
57f9fbff
2a7fd2e7
2a7fdae6
00150305
1c000f84
02a45084
57f9e3ff
1c000f8d
029c41ad
1400002c
288001ae
03ba818c
297fdae0
297fd2ec
6c000b0e
298001b8
1c000f8d
029b11ad
28bfe2ee
2880032f
288001ac
00150304
00113f18
0011398c
00106198
298001b8
57fb03ff
28803061
28802077
28801078
28800079
1c000f84
029a4084
02804063
53e0d3ff
4c000020
03400000
03400000
1c000f8c
02bab18c
2880018e
0015008d
58003c8e
2880418e
5800448e
2880818e
58005c8e
2880c18e
5800648e
2881018e
58006c8e
2881418e
5800748e
2881818e
00150004
580029cd
4c000020
00150004
00409084
00101184
4c000020
02800404
00409084
00101184
53fff3ff
02801804
00409084
00101184
53ffe3ff
02800804
00409084
00101184
53ffd3ff
02800c04
00409084
00101184
53ffc3ff
02801004
00409084
00101184
53ffb3ff
02801404
00409084
00101184
53ffa3ff
03400000
02bf8063
29806077
1c000f97
02b792f7
288002ec
29805078
29804079
2980207b
29807061
2980307a
2980107c
001500b8
00150099
001500db
5800d0ac
288042ec
5800d0ac
288082ec
580038ac
2880c2ec
5800c8ac
288102ec
5800c8ac
288142ec
5800c8ac
288182ec
0280181c
580018ac
54058000
0015000c
2880118c
002a0000
0280081c
0040939c
001072fa
54056400
2880134c
0280139c
001072f7
58000d97
2880018c
5ffffd97
54057800
02be0005
00151718
29002338
00150365
02802006
00150324
57f03fff
57b04bff
2880134d
0280332c
28807061
298011ac
2980332d
2980134c
29804337
28805078
28806077
28804079
2880307a
2880207b
2880107c
02808063
53b02fff
0015001c
53ff7bff
0280041c
53ff73ff
02800c1c
53ff6bff
0280101c
53ff63ff
0280141c
53ff5bff
02bfc063
29802077
29803061
29002080
00150097
57afcfff
288032ee
288042ed
028032ec
28803061
298011cd
298001ae
298042ec
298032ec
28802077
02804063
53afc3ff
03400000
03400000
03400000
02bf8063
29806077
1c000f97
02b192f7
288002ec
29807061
29805078
29804079
2980307a
2980207b
2980107c
5800cc8c
288042ec
5800cc8c
288082ec
5800cc8c
2880c2ec
5800cc8c
288102ec
5800cc8c
288142ec
5800cc8c
288182ec
5c00cc8c
0280180c
0040919a
00106afb
00150098
28803364
001500bc
57f9fbff
00150099
58005080
28803366
00150005
57ea57ff
02802006
00150385
29002338
29002720
00150324
57eedfff
57aeebff
2880136e
0280332d
0280134c
298011cd
2980332e
001032f7
2980136d
29804337
57aee7ff
28807061
00150324
28806077
28805078
28804079
2880307a
2880207b
2880107c
02808063
4c000020
0015000c
53ff6bff
0280040c
53ff63ff
0280080c
53ff5bff
02800c0c
53ff53ff
0280100c
53ff4bff
0280140c
53ff43ff
0015000c
2880318c
002a0000
03400000
03400000
03400000
02bfc063
29803061
29802077
29002080
00150097
57ae3fff
288032ee
288042ed
028032ec
298011cd
298001ae
298042ec
298032ec
57ae3fff
28803061
001502e4
28802077
02804063
53fb1bff
03400000
28002084
0044fc84
4c000020
03400000
1c000f8c
28ae218c
1c000f8d
28aed1ad
1c000f88
028ac108
1c000f86
28ade0c6
02802194
02804193
02806192
02808191
0280a190
0280c18f
0280e18e
02801c07
1c000f85
28add0a5
1c000f84
28adc084
29400100
2980118c
2980018c
29803194
29802194
29805193
29804193
29807192
29806192
29809191
29808191
2980b190
2980a190
2980d18f
2980c18f
2980f18e
2980e18e
290000c7
298000a0
29800080
298011ad
298001ad
4c000020
03400000
1c000f8c
28ac218c
28800184
02bfc063
29803061
57f57fff
02bffc84
00408c84
1c000f8c
28aae18c
0010118c
28800184
28803061
1c000f8d
28ab41ad
02bfb08c
298001ac
02802084
02804063
53ad33ff
02bf8063
29806077
29807061
57ace7ff
1c000f8c
0286c18c
2840018c
00150097
5c007580
1c000f8c
28aa518c
28800184
57f513ff
02bffc8e
1c000f8d
28a941ad
00408dd0
001041ad
1c000f8f
28a9b1ef
288001a5
288001ec
02bfb0ad
5800398d
1c000f91
28a92231
02807184
2a00022c
1c000f90
28a88210
298001ed
29003c6c
2a003c6c
2900020e
028020a5
58001d80
540ce000
28807061
001502e4
28806077
02808063
53ac6fff
57ac8fff
28807061
001502e4
28806077
02808063
53ac57ff
02bfc063
29802077
29803061
00150097
57ac23ff
2a00d2ed
2a00d6ef
02bfc013
0014cdad
038005ad
1c000f8c
28a6818c
00408def
2900d2ed
00103d8c
2880118d
028052f0
1c000f91
28a6d231
2880e2ee
28800232
298001b0
298062ed
29801190
298052ec
28803061
28802077
001549ce
2980022e
02804063
53abdbff
03400000
02bfc063
29802077
29803061
00150097
57aba3ff
288052ef
288062ed
1c000f8c
28a4b18c
028052ee
298011ed
298001af
2a00d6ed
298052ee
298062ee
00408dad
0010358c
2880018d
580019ac
28803061
28802077
02804063
53ab7bff
03400000
2880e2ec
1c000f8d
28a451ad
288001ae
0014300c
28803061
28802077
0014b98c
298001ac
02804063
53ab4bff
03400000
02bfc063
29803061
57ab1bff
1c000f8d
02bf91ad
2a4001ac
28803061
0280058c
294001ac
02804063
53ab1bff
03400000
02bf8063
29806077
29807061
1c000f97
02bed2f7
29805078
29804079
57aad7ff
2a4002ec
02bffd8c
2980306c
2840306c
294002ec
64001c0c
28807061
28806077
28805078
28804079
02808063
53aac7ff
1c000f98
28a19318
294002e0
57aab7ff
2880030c
58009d80
57aa8bff
284002ec
00150099
5c006d80
1c000f8c
28a1018c
28800184
57f2bfff
02bffc8e
1c000f6d
289ff1ad
00408dcf
00103dad
288001a5
2880030c
02bfb0ad
580039ac
1c000f70
289ff210
02807184
2a00020c
1c000f6f
289f51ef
2980030d
2900306c
2a00306c
290001ee
028020a5
58004180
540a9400
28807061
28806077
28805078
00150324
28804079
02808063
53aa1bff
03400000
28807061
28806077
28805078
28804079
02808063
4c000020
57aa1fff
00150324
53ff1bff
03400000
03400000
03400000
02bfc063
1c000f6c
289e018c
29802077
28800197
29803061
29801078
57a9a7ff
00150098
001502e4
57fdebff
0280100c
2900d2ec
028132e4
54068800
001502e4
57fb83ff
0280040c
5800408c
1c000f6c
289d018c
2880018d
028052ee
2980018e
298011ae
298052ed
298062ec
00150304
57a973ff
28803061
28802077
28801078
02804063
53fc4fff
2881e2ec
5fffc180
001502e4
57f94fff
53ffd7ff
03400000
2880508f
2880608e
02bfc063
02bff80d
29803061
2980c08d
298011ee
0280508d
298001cf
2980608d
2980508d
57fcc7ff
28803061
02804063
53fbfbff
03400000
02bf8063
2980007d
001500dd
001500a6
02800405
29807061
29806077
29805078
00150097
29804079
2980307a
2980207b
2980107c
0015011a
0015013b
00150159
00150178
001500fc
57f78bff
028052ec
298092fc
2980a2fa
298082fd
00150366
298062ec
298052ec
2980b2fb
02808c05
00150344
57e3bfff
2880b2ec
2880a2e6
288092e5
288082e4
1c000007
02ba60e7
02bff18c
001030c6
54087800
298072e4
2900daf9
2900d6f9
298112f8
028132e4
298122f8
2980e2e0
2980c2e0
2900d2e0
2981e2e0
2981f2e0
001502e7
001502e5
00150009
00150008
1c000006
02bba0c6
54048000
28807061
28806077
28805078
28804079
2880307a
2880207b
2880107c
2880007d
00150004
02808063
4c000020
1c000f6c
2896518c
28800184
4c000020
02bfc063
29803061
29802077
29801078
2a00d88d
0280040c
0280080e
0017358c
2900d08e
2900d48d
2980e08c
00150097
57a793ff
288052ee
288062ed
028052ec
00150098
298011cd
298001ae
298062ec
298052ec
028132e4
54059800
00150304
57a783ff
001502e4
57fb2bff
1c000f6c
2894618c
2880018c
58000980
57fa57ff
28803061
28802077
28801078
00150004
02804063
4c000020
03400000
03400000
02bf8063
2980107c
001500bc
00150085
02800404
29806077
29805078
29804079
2980307a
2980207b
29807061
001500db
001500f8
0015011a
00150139
57f757ff
00150097
5800a480
00150304
57f1b7ff
5800c080
028052ed
00150306
02808c05
298062ed
298052ed
298082fc
298092fb
2980a2e4
2980b2f8
57e1fbff
2880b2ec
2880a2e6
288092e5
288082e4
1c000007
02b350e7
02bff18c
001030c6
5406b400
298072e4
2900dafa
2900d6fa
2980e2e0
298112f9
298122f9
2980c2e0
2900d2e0
2981e2e0
2981f2e0
00150009
00150008
001502e7
1c000006
02b4b0c6
001502e5
028132e4
5402bc00
28807061
001502e4
28806077
28805078
28804079
2880307a
2880207b
2880107c
02808063
4c000020
001502e4
00150017
57f7bbff
53ffcfff
02bfc063
29803061
57a5fbff
1c000f6c
288ee18c
2880018d
0280040e
0015008f
2a00d1ac
03403d8c
5c00118e
288051ae
288061ac
5c001dcc
001501e4
57a5e7ff
28803061
00150004
02804063
4c000020
298011cc
2980018e
2a00d5ac
028051b0
1c000f6f
288ce1ef
00408d8c
298061b0
001031ec
2880118e
298001d0
298061ae
29801190
298051ac
57a59bff
57f887ff
28803061
00150004
02804063
4c000020
02bf4063
2980b061
2980a077
29809078
29808079
2980707a
57cf3bff
29803064
57a543ff
1c000f6c
288c018c
28800197
0280040d
00150099
2a00d2ec
028132f8
03403d8c
5c003d8d
57a51bff
2a00d2ec
02bfc00d
0015009a
0014b58c
0380098c
001502e4
2900d2ec
57f94bff
028132f8
00150304
54031c00
00150344
57a507ff
02803066
00150005
00150304
54037400
00150304
54021c00
00150324
57a4e7ff
57f7d3ff
2880c2ed
02bff80c
5c0009ac
2980c2e0
2880b061
2880a077
28809078
28808079
2880707a
00150004
0280c063
4c000020
03400000
03400000
03400000
2a00d08c
0280040d
03403d8c
5c00658d
02bfc063
29803061
29802077
29801078
00150097
57a45fff
2a00d2ec
02bfc00d
00150098
0014b58c
0380098c
2900d2ec
001502e4
57f88fff
028132e4
54026400
00150304
57a44fff
28803061
28802077
28801078
00150004
02804063
4c000020
02bffc04
4c000020
03400000
03400000
2a00d08c
0280080d
03403d8c
5c006d8d
02bfc063
29803061
29802077
29801078
00150097
57a3dfff
288052ee
288062ed
028052ec
00150098
298011cd
298001ae
298062ec
298052ec
028132e4
5401e400
00150304
57a3cfff
001502e4
57f777ff
28803061
28802077
28801078
00150004
02804063
4c000020
02bffc04
4c000020
02bf8063
29805078
00150138
29806077
2980207b
00150097
001500db
0343fb18
001500a6
02802805
29804079
2980307a
29807061
001500fa
00150119
57f237ff
290026f8
28807061
028052ec
298072fb
298082fa
298092f9
2980a2e0
298062ec
298052ec
28805078
28806077
28804079
2880307a
2880207b
02808063
4c000020
02bfc063
29803061
29802077
00150097
57a2f3ff
288052ee
288062ed
028052ec
298011cd
298001ae
298062ec
298052ec
57a2f3ff
001502e4
57f2ebff
28803061
28802077
00150004
02804063
4c000020
02bfc063
29803061
29802077
29801078
00150097
57a29fff
288052ed
288062ec
028052f8
298011ac
2980018d
2a0026ec
298062f8
298052f8
0343f98c
290026ec
57a293ff
57cbefff
288092ec
0010118c
2980a2ec
57a25fff
1c000f6c
029cc18c
28801191
14fffff2
03bffa52
2880018d
5800262c
2880a2ee
288051af
001139f0
580009ee
6c001250
001501ac
2880018d
5fffe62c
298011b8
298052ed
1c000f6f
029ba1ef
29800198
288001ee
2a0026ed
298062ec
028005cc
298001ec
038005ac
290026ec
57a20fff
28803061
28802077
28801078
00150004
02804063
4c000020
2a00248c
0340058c
58005980
02bfc063
29803061
29802077
00150097
57a1b7ff
288052ee
288062ed
028052ec
298011cd
298001ae
298062ec
298052ec
57a1b7ff
2a0026ec
00150004
0343f98c
290026ec
28803061
28802077
02804063
4c000020
02bffc04
4c000020
03400000
03400000
0280040c
580040ac
64002985
0280080c
580044ac
02800c0c
5c0010ac
2a00248c
0380098c
2900248c
00150004
4c000020
5ffff8a0
288000cc
2980908c
00150004
4c000020
2880908c
00150004
298000cc
4c000020
2a00248c
0343f58c
2900248c
00150004
4c000020
03400000
03400000
02bf4063
2980b061
29809078
29808079
2980707a
2980607b
2980407d
2980307e
2980a077
2980507c
57ca4bff
00150098
14fffffa
57a0bfff
1c000f79
02964339
02800c1d
0015009e
02bff81b
03bffb5a
28800337
58005ef9
288052ec
02bfb2fc
00113318
68004f58
288002ed
288012ec
288032e4
288022ee
298011ac
2980018d
298012f7
298002f7
4c0001c1
57c9e7ff
2a3fd6ec
00150098
03400d8d
0014ed8e
580041bd
293fd6ee
28800337
5fffaef9
2880b061
2880a077
28809078
28808079
2880707a
2880607b
2880507c
2880407d
001503c4
2880307e
0280c063
53a037ff
00150384
293fd6ee
57fd5bff
53ff67ff
1c000f6c
0293618c
2980118c
2980018c
4c000020
03400000
03400000
03400000
4c000020
03400000
03400000
03400000
02bff00c
028010c6
0014b0c6
15bd5b6d
02bdf0ce
03bbbdad
001501cc
03400000
2980018d
0280118c
5ffff8cc
0280100c
29bdf0c4
29be00c7
29be30c5
29be20c0
29bff0cc
001501c4
4c000020
03400000
1c000f6c
0291818c
2880018d
5c0011a0
1c000f6d
029161ad
298001a4
1c000f6e
029121ce
0280040d
298001c5
2980018d
4c000020
03400000
03400000
03400000
02bfc063
1c000f44
0298d084
29803061
57e6c3ff
28803061
00150004
02804063
4c000020
03400000
03400000
03400000
02bfc063
29803061
57e6fbff
28803061
00150004
02804063
4c000020
03400000
02bf8063
1c000f44
0297e084
29806077
29805078
29807061
29804079
2980307a
57e663ff
1c000f78
28b16318
1c000f6d
28b1b1ad
2880030c
288001b7
6c0042ec
1c000f59
02974339
1c000f5a
0297335a
288002e4
02800806
00150325
5425bc00
58004080
288002e5
00150344
028022f7
57e613ff
2880030c
6bffdaec
28807061
28806077
28805078
28804079
2880307a
00150004
02808063
4c000020
03400000
2880030c
028022f7
6bffaaec
28807061
28806077
28805078
28804079
2880307a
00150004
02808063
4c000020
03400000
02bc8063
02800404
29835077
29834078
2982f07d
29837061
29836076
29833079
2983207a
2983107b
2983007c
2982e07e
2982d07f
57ec1fff
0280109d
1c000f46
029430c6
02802005
1c000f44
02942084
02802017
1c000f58
02950318
57e557ff
02bffef7
00150304
57e54bff
5ffff6e0
1c000f44
0294a084
57e53bff
579da7ff
001503be
02808c19
0015008e
288003cc
580227ac
2880018d
2980406c
580223ad
288001ac
2980506d
58022bac
2880018d
2980606c
580233ad
288001ac
2980706d
58023bac
2880018d
2980806c
580243ad
288001ac
2980906d
58024bac
2880019e
2980a06c
001501c4
58024fbe
2980b07e
0280201c
579d4fff
02804078
00150017
02bdfc1b
0280041a
50001800
03400000
028006f7
579d2fff
02801318
6400f2fc
28800316
579cffff
0015009f
2a3ff2cc
0014ed8c
5fffdd9a
02bfd2c7
001500e5
02820006
0280c064
29803067
54235400
001503e4
579cefff
2a00a6c8
28803067
02802006
02802005
1c000f44
0291c084
57e443ff
2a00a2cc
03403d8c
5800f99a
0280080d
5801018d
5800dd80
0280100d
5801058d
02800c0d
58010d8d
288072cf
2a0001ed
001501ec
5c0015b9
03400000
0280058c
2a00018d
5bfff9b9
288082c7
0281900d
288042c5
00101def
001131ec
001c358c
288092c9
2880f2c8
001500e6
1c000f44
02910084
001115e5
028006f7
02801318
00211d8d
5c0008e0
002a0007
001501a7
57e3afff
63ff1afc
580023c0
579c13ff
2a3ff3cc
0280040d
0015008e
0341fd8c
5bfe698d
579c1bff
28837061
28836076
28835077
28834078
28833079
2883207a
2883107b
2883007c
2882f07d
2882e07e
2882d07f
00150004
02838063
4c000020
1c000f44
028e6084
57e347ff
53ff2fff
1c000f44
028dc084
57e337ff
53ff1fff
1c000f44
028db084
57e327ff
53ff0fff
1c000f44
028dd084
57e317ff
53feffff
1c000f44
028dc084
57e307ff
53feefff
001501c4
53ff73ff
001501c4
0015001e
0280041c
579b7bff
53fe2fff
001501c4
0015001e
0280081c
579b67ff
53fe1bff
001501c4
0015001e
02800c1c
579b53ff
53fe07ff
001501c4
0015001e
0280101c
579b3fff
53fdf3ff
001501c4
0015001e
0280141c
579b2bff
53fddfff
001501c4
0015001e
0280181c
579b17ff
53fdcbff
0015001e
02801c1c
579b07ff
53fdbbff
03400000
03400000
03400000
02bec063
02800c04
29812077
29811078
2980d07c
29813061
29810079
2980f07a
2980e07b
2980c07d
2980b07e
2980a07f
57e8d3ff
0280109c
1c000f46
028b00c6
02802005
1c000f44
028af084
02802017
1c000f58
0287d318
57e20bff
03400000
02bffef7
00150304
57e1fbff
5ffff6e0
1c000f44
028ad084
57e1ebff
579a57ff
0015039d
02800c1b
1c000f5e
028af3de
0015008e
288003ac
58013b8c
2880018d
2980006c
5801378d
288001ac
2980106d
58013f8c
2880018d
2980206c
5801478d
288001ac
2980306d
58014f8c
2880018d
2980406c
5801578d
288001ac
2980506d
58015f8c
2880019d
2980606c
001501c4
5801639d
2980707d
0280201a
5799f7ff
00150078
00150017
02bdfc19
50001400
028006f7
5799dfff
02801318
640066fa
2880031f
5799afff
2a3ff3ec
0014e58c
5fffe19b
5799bfff
288023ec
028023ed
02bfd3e7
288053e9
2a004fea
0015000b
580011ac
2880018c
0280056b
5ffff9ac
02802008
02802006
02802005
001503c4
028006f7
57e0efff
02801318
63ffa6fa
58001fa0
57994fff
2a3ff3ac
0015008e
0341fd8c
5bff019b
57995bff
28813061
28812077
28811078
28810079
2880f07a
2880e07b
2880d07c
2880c07d
2880b07e
2880a07f
00150004
02814063
4c000020
001501c4
53ffc7ff
001501c4
0015001d
0280041a
57990fff
53ff1bff
001501c4
0015001d
0280081a
5798fbff
53ff07ff
001501c4
0015001d
02800c1a
5798e7ff
53fef3ff
001501c4
0015001d
0280101a
5798d3ff
53fedfff
001501c4
0015001d
0280141a
5798bfff
53fecbff
001501c4
0015001d
0280181a
5798abff
53feb7ff
0015001d
02801c1a
57989bff
53fea7ff
02bec063
02802804
29811077
29810078
2980c07c
29813061
29812076
2980f079
2980e07a
2980d07b
2980b07d
2980a07e
2980907f
57e66fff
0280109c
1c000f46
028300c6
02802005
1c000f44
0282f084
02802017
1c000f58
02be4318
57dfa7ff
02bffef7
00150304
57df9bff
5ffff6e0
1c000f44
0282f084
57df8bff
5797f7ff
0015039f
1c000f5e
028333de
1c000f5d
028373bd
0015008e
288003ec
5801578c
2880018d
2980006c
5801538d
288001ac
2980106d
58015b8c
2880018d
2980206c
5801638d
288001ac
2980306d
58016b8c
2880018d
2980406c
5801738d
288001ac
2980506d
58017b8c
2880019f
2980606c
001501c4
58017f9f
2980707f
0280201b
579793ff
00150078
00150017
02bdfc1a
02802819
50001400
028006f7
579777ff
02801318
640062fb
28800316
579747ff
2a3ff2cd
0014e9ad
5fffe1b9
579757ff
288072c9
288062c8
001503c4
02bfd2c7
02802006
02802005
57deabff
2a3ff6cc
001503a4
0340058c
5c000d80
1c000f44
02802084
028006f7
57de8bff
02801318
63ffaafb
580023e0
5796ebff
2a3ff3ec
0280280d
0015008e
0341fd8c
5bfefd8d
5796f3ff
57c04fff
00150085
1c000f44
02bf6084
57de4fff
28813061
28812076
28811077
28810078
2880f079
2880e07a
2880d07b
2880c07c
2880b07d
2880a07e
2880907f
00150004
02814063
4c000020
001501c4
53ffafff
001501c4
0015001f
0280041b
57968fff
53feffff
001501c4
0015001f
0280081b
57967bff
53feebff
001501c4
0015001f
02800c1b
579667ff
53fed7ff
001501c4
0015001f
0280101b
579653ff
53fec3ff
001501c4
0015001f
0280141b
57963fff
53feafff
001501c4
0015001f
0280181b
57962bff
53fe9bff
0015001f
02801c1b
57961bff
53fe8bff
02be8063
02801004
29815077
29814078
2980e07e
29817061
29816076
29813079
2981207a
2981107b
2981007c
2980f07d
2980d07f
57e3efff
0280109e
1c000f46
02bb80c6
02802005
1c000f44
02bb7084
02802017
1c000f58
02b44318
57dd27ff
02bffef7
00150304
57dd1bff
5ffff6e0
1c000f44
02bb6084
2980307e
57dd07ff
579573ff
1c000f5a
02bbf35a
1c000f59
02bbe339
0015008e
2880306c
2880018c
5801abcc
2880018d
2980406c
5801a5be
288001ac
2980506d
5801afcc
2880018d
2980606c
5801b7cd
288001ac
2980706d
5801bfcc
2880018d
2980806c
5801c7cd
288001ac
2980906d
5801dfcc
2880018d
2980a06c
001501c4
2980306d
5801bbcd
2980b06d
0280201d
57950bff
02804078
00150017
02bdfc1c
0280101b
50001400
5794f3ff
028006f7
02801318
6400a2fd
28800316
5794bfff
2a3ff2cc
0014f18c
5fffe19b
5794cfff
288022df
028022ce
02bfd2c7
288042c8
5800d9df
00150009
288003ff
02800529
5ffff9df
02802006
02802005
1c000f44
02b7d084
57dc07ff
288022d6
5c001bf6
50002c00
03400000
57dbf3ff
288002d6
58001ff6
00150344
02bfb2c5
57dbdfff
288002ce
00150324
5fffe3ee
1c000f44
02ad1084
028006f7
57dbc3ff
02801318
63ff6afd
2880306c
58002580
57941fff
2880306c
0280100d
0015008e
2a3ff18c
0341fd8c
5bfead8d
579423ff
28817061
28816076
28815077
28814078
28813079
2881207a
2881107b
2881007c
2880f07d
2880e07e
2880d07f
00150004
02818063
4c000020
03400000
02802006
02802005
1c000f44
02b54084
57db43ff
53fee3ff
001501c4
53ffa7ff
001501c4
29803060
0280041d
5793b7ff
53feafff
001501c4
29803060
0280081d
5793a3ff
53fe9bff
001501c4
29803060
02800c1d
57938fff
53fe87ff
001501c4
29803060
0280101d
57937bff
53fe73ff
001501c4
29803060
0280141d
579367ff
53fe5fff
29803060
02801c1d
579357ff
53fe4fff
001501c4
29803060
0280181d
579343ff
53fe3bff
03400000
03400000
02be8063
02800804
29815077
29814078
2980e07e
29817061
29816076
29813079
2981207a
2981107b
2981007c
2980f07d
2980d07f
57e10fff
0280109e
1c000f46
02b200c6
02802005
1c000f44
02b20084
02802017
1c000f58
02a8c318
57da47ff
02bffef7
00150304
57da3bff
5ffff6e0
1c000f44
02b1d084
2980307e
57da27ff
579293ff
1c000f5a
02b0735a
1c000f59
02b06339
0015008e
2880306c
2880018c
5801abcc
2880018d
2980406c
5801b9be
288001ac
2980506d
58019bcc
2880018d
2980606c
5801b7cd
288001ac
2980706d
5801bfcc
2880018d
2980806c
5801c7cd
288001ac
2980906d
5801dfcc
2880018d
2980a06c
001501c4
2980306d
5801bbcd
2980b06d
0280201d
57922bff
02804078
00150017
02bdfc1c
0280081b
50001400
579213ff
028006f7
02801318
6400a2fd
28800316
5791dfff
2a3ff2cc
0014f18c
5fffe19b
5791efff
288022df
028022ce
02bfd2c7
2a4042c8
00150009
5800d5df
288003ff
02800529
5ffff9df
02802006
02802005
1c000f44
02ae2084
57d927ff
288022d6
5c001bf6
50002c00
03400000
57d913ff
288002d6
58001ff6
00150344
02bfb2c5
57d8ffff
288002ce
00150324
5fffe3ee
1c000f44
02a19084
028006f7
57d8e3ff
02801318
63ff6afd
2880306c
58002580
57913fff
2880306c
0280080d
0015008e
2a3ff18c
0341fd8c
5bfead8d
579143ff
28817061
28816076
28815077
28814078
28813079
2881207a
2881107b
2881007c
2880f07d
2880e07e
2880d07f
00150004
02818063
4c000020
03400000
02802006
02802005
1c000f44
02ab5084
57d863ff
53fee3ff
001501c4
53ffa7ff
001501c4
29803060
0280081d
5790d7ff
53feafff
001501c4
29803060
0280041d
5790c3ff
53fe9bff
001501c4
29803060
02800c1d
5790afff
53fe87ff
001501c4
29803060
0280101d
57909bff
53fe73ff
001501c4
29803060
0280141d
579087ff
53fe5fff
29803060
02801c1d
579077ff
53fe4fff
001501c4
29803060
0280181d
579063ff
53fe3bff
03400000
03400000
02be8063
02801804
29815077
29814078
2980e07e
29817061
29816076
29813079
2981207a
2981107b
2981007c
2980f07d
2980d07f
57de2fff
0280109e
1c000f46
02a800c6
02802005
1c000f44
02a80084
02802017
1c000f38
029d4318
57d767ff
02bffef7
00150304
57d75bff
5ffff6e0
1c000f44
02a7d084
2980307e
57d747ff
578fb3ff
1c000f5a
02a4f35a
1c000f59
02a4e339
0015008e
2880306c
2880018c
5801abcc
2880018d
2980406c
5801b9be
288001ac
2980506d
58019bcc
2880018d
2980606c
5801b7cd
288001ac
2980706d
5801bfcc
2880018d
2980806c
5801c7cd
288001ac
2980906d
5801dfcc
2880018d
2980a06c
001501c4
2980306d
5801bbcd
2980b06d
0280201d
578f4bff
02804078
00150017
02bdfc1c
0280181b
50001400
578f33ff
028006f7
02801318
6400a2fd
28800316
578effff
2a3ff2cc
0014f18c
5fffe19b
578f0fff
288022df
028022ce
02bfd2c7
2a4062c8
00150009
5800d5df
288003ff
02800529
5ffff9df
02802006
02802005
1c000f44
02a42084
57d647ff
288022d6
5c001bf6
50002c00
03400000
57d633ff
288002d6
58001ff6
00150344
02bfb2c5
57d61fff
288002ce
00150324
5fffe3ee
1c000f24
02961084
028006f7
57d603ff
02801318
63ff6afd
2880306c
58002580
578e5fff
2880306c
0280180d
0015008e
2a3ff18c
0341fd8c
5bfead8d
578e63ff
28817061
28816076
28815077
28814078
28813079
2881207a
2881107b
2881007c
2880f07d
2880e07e
2880d07f
00150004
02818063
4c000020
03400000
02802006
02802005
1c000f44
02a16084
57d583ff
53fee3ff
001501c4
53ffa7ff
001501c4
29803060
0280081d
578df7ff
53feafff
001501c4
29803060
0280041d
578de3ff
53fe9bff
001501c4
29803060
02800c1d
578dcfff
53fe87ff
001501c4
29803060
0280101d
578dbbff
53fe73ff
001501c4
29803060
0280141d
578da7ff
53fe5fff
29803060
02801c1d
578d97ff
53fe4fff
001501c4
29803060
0280181d
578d83ff
53fe3bff
03400000
03400000
02be8063
02801404
29815077
29814078
2980e07e
29817061
29816076
29813079
2981207a
2981107b
2981007c
2980f07d
2980d07f
57db4fff
0280109e
1c000f26
029e20c6
02802005
1c000f24
029e1084
02802017
1c000f38
0291c318
57d487ff
02bffef7
00150304
57d47bff
5ffff6e0
1c000f24
029e0084
2980307e
57d467ff
578cd3ff
1c000f3a
0299735a
1c000f39
02996339
0015008e
2880306c
2880018c
5801b7cc
2880018d
2980406c
5801c5be
288001ac
2980506d
5801a7cc
2880018d
2980606c
5801c3cd
288001ac
2980706d
5801cbcc
2880018d
2980806c
5801d3cd
288001ac
2980906d
5801ebcc
2880018d
2980a06c
001501c4
2980306d
5801c7cd
2980b06d
0280201d
578c6bff
02804078
00150017
02bdfc1c
0280141b
50001400
578c53ff
028006f7
02801318
6400a2fd
28800316
578c1fff
2a3ff2cc
0014f18c
5fffe19b
578c2fff
288022df
028022ce
02bfd2c7
5800dddf
2a405ac8
2a4052c9
0015000a
288003ff
0280054a
5ffff9df
02802006
02802005
1c000f24
029a5084
57d363ff
288022d6
5c0017f6
50002800
57d353ff
288002d6
58001ff6
00150344
02bfb2c5
57d33fff
288002ce
00150324
5fffe3ee
1c000f24
028a9084
028006f7
57d323ff
02801318
63ff6afd
2880306c
58002580
578b7fff
2880306c
0280140d
0015008e
2a3ff18c
0341fd8c
5bfead8d
578b83ff
28817061
28816076
28815077
28814078
28813079
2881207a
2881107b
2881007c
2880f07d
2880e07e
2880d07f
00150004
02818063
4c000020
03400000
2a4052c9
2a405ac8
0015000a
02802006
02802005
1c000f24
02978084
57d297ff
53fed7ff
001501c4
53ff9bff
001501c4
29803060
0280081d
578b0bff
53fea3ff
001501c4
29803060
0280041d
578af7ff
53fe8fff
001501c4
29803060
02800c1d
578ae3ff
53fe7bff
001501c4
29803060
0280101d
578acfff
53fe67ff
001501c4
29803060
0280141d
578abbff
53fe53ff
29803060
02801c1d
578aabff
53fe43ff
001501c4
29803060
0280181d
578a97ff
53fe2fff
03400000
03400000
03400000
02bf8063
1c000f24
02995084
29806077
29805078
29807061
29804079
2980307a
57d1d3ff
1c000f38
289f2318
1c000f2d
289f71ad
2880030c
288001b7
6c0046ec
1c000f39
0298d339
1c000f3a
0298d35a
288002e4
02801806
00150325
54112c00
5c005080
288002e5
00150344
028022f7
028018a5
57d17fff
2880030c
6bffd6ec
1c000f24
0283a084
57d16bff
28807061
28806077
28805078
28804079
2880307a
00150004
02808063
4c000020
03400000
2880030c
028022f7
6bff9aec
1c000f24
0282b084
57d12fff
28807061
28806077
28805078
28804079
2880307a
00150004
02808063
4c000020
03400000
03400000
02bfc063
29803061
57eb4bff
28803061
00150004
02804063
4c000020
03400000
02bfc063
29803061
57d2ebff
28803061
00150004
02804063
4c000020
03400000
02800404
4c000020
03400000
03400000
02bec063
29812077
29813061
29811078
29810079
2980f07a
2980e07b
2980d07c
2980c07d
00150097
0280800d
0280240e
00101485
280002ec
00115cb9
5800098d
5c00118e
028006f7
53ffefff
03400000
00150004
0015001b
0280800e
0280240f
5c003f20
28813061
28812077
28811078
28810079
2880f07a
2880e07b
2880d07c
2880c07d
02814063
4c000020
03400000
58001daf
58027759
0015035b
0280077a
00106aed
280001ad
5fffe9ae
1c000f2d
289871ad
1c000f3c
2897e39c
288001b8
2880038d
6c005b0d
1c000f3d
0291b3bd
28800304
02801806
001503a5
540f6c00
00150346
001502e5
5c002480
28800304
02801884
540f5400
5c001480
2880030c
00106d8c
28001d8c
58005d80
2880038c
02802318
6bffbf0c
280002ec
02bf7c0e
0014b98c
001502ed
58002180
03400000
028005ad
2a0001ac
0014b98c
2980306c
2800306c
5fffed80
1c000f24
02906084
290001a0
001502e5
57cf5bff
02bffc04
53ff07ff
28801318
5bffb300
02808006
00150005
02804064
0015009a
540e4800
02804065
001502ec
0015000e
00150004
02808011
02802412
02802007
02808814
02817006
50001000
29000180
028005ce
0280058c
2800018d
580009b1
5c007db2
6bffe9d9
0280200c
5c01488c
1c000f24
028dd084
0280c079
1c000f37
028d92f7
57ced3ff
28800345
001502e4
0280135a
57cec3ff
5ffff359
1c000f24
02b8c084
57ceb3ff
02802004
02804065
4c000301
28813061
28812077
28811078
28810079
2880f07a
2880e07b
2880d07c
2880c07d
02814063
4c000020
5bff9487
6c00d5d9
02800484
58004db4
00113b33
298000ac
0015018d
00104d93
50001000
03400000
58001e12
5bffa66d
028005ad
280001b0
001039af
001131ef
5fffea11
6fff8df9
028010a5
001501ac
001501ee
53ff2bff
28000590
0280058c
298000ac
028005ce
58007a14
680021d9
53ff63ff
03400000
00150270
58003e14
001501ee
001501ac
6fff49f9
28000593
0280058d
028005cf
5fffe206
00150270
5fffe274
28000990
0280098d
028009cf
5fffd214
03400000
6fff19f9
290001a0
028005ef
028005ad
6bff81f9
53ff07ff
0015033a
53fda3ff
5ffef880
53fe07ff
001501cf
0015018d
53ffd3ff
03400000
03400000
03400000
02bf4063
2980b061
2980a076
29809077
29808078
29807079
2980607a
2980507b
2980407c
2980307d
2980207e
2980107f
2800008c
58019180
1c000f2c
288d818c
1c000f39
288cf339
28800198
2880032c
0015009a
0015001d
0015001e
1c000f3c
0286a39c
1c000f3f
02b2c3ff
6800170c
50010800
2880032c
02802318
6c00a70c
28800304
02801806
00150385
540c8c00
5fffe480
28800316
00150344
540c6000
02801adb
00150086
00150365
00150344
540c6800
00150097
5fffbc80
5800f7c0
280003ac
58003d80
28001acd
580035a0
5c0031ac
0015036c
001503a4
50001000
2800018e
580019c0
5c0015ae
02800484
2800008d
0280058c
5fffe9a0
00117497
600066fe
00150365
001503e4
57cc77ff
2880032c
02802318
6bff6b0c
03400000
58005ba0
2880a076
2880b061
28809077
28808078
28807079
2880507b
2880407c
2880107f
001503c6
001503a5
2880207e
2880307d
00150344
2880607a
0280c063
53c483ff
00150365
001503e4
001502fe
57cc13ff
53ff9fff
2880b061
2880a076
28809077
28808078
28807079
2880607a
2880507b
2880407c
2880307d
2880207e
2880107f
0280c063
4c000020
03400000
00150364
540b4800
0015037d
0015009e
53ff03ff
1c000f24
02809084
57cbb7ff
1c000f39
2886b339
1c000f2d
288701ad
2880032c
288001b7
1c000f38
02807318
1c000f3a
0280735a
6c003aec
03400000
288002e4
02801806
00150305
540b0c00
5c006080
288002e5
00150344
028022f7
028018a5
57cb5fff
2880032c
6bffd6ec
2880a076
2880b061
28809077
28808078
28807079
2880607a
2880507b
2880407c
2880307d
2880207e
2880107f
1c000f24
02aa7084
0280c063
53cb1bff
03400000
2880032c
028022f7
6bff8aec
53ffb7ff
02bfc063
29802077
29803061
29801078
29800079
1c000f52
02a37252
1c000f33
2884d273
1c000f50
02a32210
1c000f31
28832231
1c000f4e
02a2d1ce
1c000f2f
2883a1ef
1c000f4c
02a2818c
1c000f2d
2883d1ad
0281f005
02800404
29800253
29800211
298001cf
2980018d
1c000f37
288232f7
57cfbfff
298002e4
58008080
02802809
02801808
14000027
00150006
1c000005
028540a5
1c000f24
02bdb084
57dbb3ff
00150098
288002e4
00150007
00150006
1c000f25
02bd60a5
57aff7ff
288002ed
00150019
2a0091ac
0380098c
290091ac
58000f00
00150304
57dad7ff
28803061
00150324
28802077
28801078
28800079
02804063
4c000020
1c000f24
02bbc084
02bffc19
57c9fbff
53ffd7ff
1c000f2c
28bfa18c
2880018c
2a00918c
0340098c
58008580
1c000f2c
029ee18c
28800185
02bfc063
29803061
580028a0
02820006
1c000f24
029c6084
5409a000
28803061
1c000f24
029c2084
02804063
4c000020
57f8dfff
5c005880
1c000f25
02bac0a5
1c000f24
029ba084
5408e400
1c000f25
02ba90a5
1c000f24
029b5084
5408a000
28803061
1c000f24
029b1084
02804063
4c000020
1c000f2c
029ad18c
29000180
1c000f24
029aa084
4c000020
1c000f25
02b950a5
1c000f24
029a5084
54089000
53ffafff
03400000
03400000
02bf0063
2980c078
1c000f38
28bc4318
2880030d
2980f061
2980b079
2a0091ac
2980a07a
2980907b
2980807c
2980707d
2980607e
2980507f
0380058c
2980e076
2980d077
290091ac
1c000f3f
029ae3ff
02806c1a
02800419
0280241c
0281fc1d
1c000f3e
02b803de
1c000f3b
02b7837b
57fec3ff
57c8afff
5786fbff
00150097
63fff880
2880030c
5801189a
2880818d
5800b1b9
0280080e
580111ae
5bffdee0
580242fc
5800aefd
0280200d
5800a6ed
0280340d
5801ceed
0280280d
5801c6ed
2a41d98d
02813c0e
6c0139cd
2941d980
0015000d
0015000e
0010398e
290095d7
2a00918e
034005ce
5c0039c0
2a41e18e
028005ad
2980306d
2a40306d
028005ce
02813c0f
2941e18e
2941d98d
6fff6ded
2941d980
2941e180
53ff63ff
03400000
001502e5
1c000f24
02b4a084
57c7f7ff
2880030c
2a41d98d
53ffb7ff
03400000
02816c0d
58012c8d
29808180
53ff53ff
2a41e186
5bff24c0
2a41d98d
02bffcc6
29803066
02bffdad
2a403066
2980306d
2a40306d
2941e186
2941d98d
680208cd
001503c4
57c79fff
2880030c
2a41d98d
0010358c
29009580
53fee3ff
03400000
29808199
53fed7ff
02befc8d
2980306d
2a00306d
29808180
6ffec32d
0281100d
5802308d
02810c0d
5ffed48d
2a41e18d
2a41d98e
6ffea5ae
0010358c
28009585
1c000f24
02b1b084
57c73bff
2880030d
2a41e1ac
0280058c
2941e1ac
53fe7fff
2a41e186
001501ae
6ffed0cd
028094c5
028098c4
00101585
001119a6
00101184
57be63ff
2880030c
2a41e18e
0010398d
290095b7
2a00918d
001501d6
034005ad
5c02a1a0
2a41d98d
67fea9cd
03400000
00150364
57c6cfff
2880030c
028006d6
2a41d98d
63ffeecd
53fe87ff
03400000
0280080d
2980818d
53fe03ff
03400000
57f5e3ff
5801a099
2880030c
2a00918c
0340098c
58018180
288003e5
5801a8a0
02820006
1c000f24
028f6084
54066000
1c000f24
028f3084
57c66bff
28800304
02814006
00150005
02809484
54056800
2880030c
2941d980
2941e180
53fd9fff
2a41e18d
580025a0
00150017
03400000
00150364
57c62fff
2880030c
028006f7
2a41e18d
63ffeeed
1c000f04
02964084
02809597
57c60fff
57f54bff
5801a099
2880030c
2a00918c
0340098c
58014d80
288003e5
580154a0
02820006
1c000f24
028d0084
5405c800
001502e6
1c000f25
028cc0a5
1c000f24
02abf084
57c5c7ff
28800304
02809484
54053400
29403064
2880030c
2a403064
2941d984
2941e184
53fcfbff
028098c5
028094c4
00101585
001119a6
00101184
57bcebff
2880030c
1c000f24
02aae084
2a41d98d
0010358d
290095a0
2a41e185
028094a5
00101585
57c563ff
2880030c
2a41e197
2a41d98c
6bfca997
00150364
57c54bff
2880030c
028006f7
2a41d98c
67ffed97
53fc8fff
2a41e18c
5bfc8580
00150364
57c527ff
2880030d
2a41e1ac
02bffd8c
2941e1ac
53fc6bff
1c000f2c
0289a18c
29000180
53fe93ff
28800304
2a00908c
0340058c
5c00d580
2a41d885
02809484
57f437ff
53fe4bff
57f41fff
58008080
1c000f25
02a7a0a5
1c000f24
0288a084
54042400
1c000f25
02a790a5
1c000f24
02885084
5403e000
53fe3fff
1c000f2c
0288118c
29000180
53fec7ff
57f3dbff
58008c80
1c000f25
02a690a5
1c000f24
02879084
5403e000
1c000f25
02a680a5
1c000f24
02874084
54039c00
53fe93ff
001502e4
57f6e3ff
53fe5fff
1c000f25
02a5d0a5
1c000f24
0286b084
5403a800
53ff87ff
028095ce
00103985
1c000f04
0298e084
57c433ff
2880030c
2a41e18e
001501d6
53fd47ff
1c000f04
028e5084
57c417ff
28800304
53ff23ff
1c000f25
02a490a5
1c000f24
02857084
54035800
53ff7bff
29800085
4c000020
03400000
03400000
28800084
4c000020
03400000
03400000
157e41ec
00150085
038c0184
53ffd7ff
58001080
29800085
0280040c
298000ac
4c000020
03400000
03400000
03400000
58001080
2880008c
28801184
4c000020
02810004
4c000020
03400000
03400000
58001080
2880008c
28808184
4c000020
00150004
4c000020
03400000
03400000
58000c80
2880008c
29801185
4c000020
58002480
2880008e
028011cd
03400000
288001ac
0340818c
5bfff980
0280800c
298011cc
4c000020
03400000
03400000
2880008d
028011ae
288001cc
0340318c
5ffff980
004094a5
298021a5
2880008c
29803180
2880008c
29804180
2880008c
29805180
2880008c
2980b180
2880008c
0280040d
2980618d
4c000020
03400000
02bfc063
29403865
2a403865
2880008d
0040c0c6
0040c108
00151d07
001514c6
028011ae
288001cc
0340318c
5ffff980
00409529
03800929
298021a9
2880008c
29803186
2880008c
29804187
2880008c
29805180
2880008c
2980b180
2880008c
0280040d
2980618d
02804063
4c000020
02bfc063
29403865
2a403865
29403867
2a403867
2880008d
0040c0c6
0040c108
001514c6
00151d08
028011ae
03400000
288001cc
0340318c
5ffff980
00409529
03800d29
298021a9
2880008c
29803186
2880008c
29804188
2880008c
29805180
2880008c
2980b180
2880008c
0280040d
2980618d
02804063
4c000020
03400000
02bfc063
29403865
2a403865
29003867
2a003867
2880008d
0040c0c6
0040a108
001514c6
00151d08
028011ae
03400000
288001cc
0340318c
5ffff980
00409529
03801129
298021a9
2880008c
29803186
2880008c
29804188
2880008c
29805180
2880008c
2980b180
2880008c
0280040d
2980618d
02804063
4c000020
03400000
2880008d
028011ae
288001cc
0340318c
5ffff980
0280180c
298021ac
2880008c
29803180
2880008c
29804180
2880008c
29805180
2880008c
2980b180
2880008c
0280040d
2980618d
4c000020
03400000
0015000c
5c0008cc
4c000020
001030ae
2a0001ce
0010308d
0280058c
290001ae
53ffe7ff
00101886
0015008c
5c000986
4c000020
0280058c
293ffd85
53fff3ff
0015008c
2800018d
0280058e
5c001da0
028004a5
283ffcad
0280058c
293ffd8d
5ffff1a0
4c000020
001501cc
53ffdbff
0015008c
028004a5
283ffcad
0280058c
293ffd8d
5ffff1a0
4c000020
0015008c
2800018d
5c000da0
00111184
4c000020
0280058c
53ffefff
58004cc0
02bfc063
02bffcc6
0015000d
0010348c
001034ae
2800018c
280001ce
5c00118e
58000da6
028005ad
5fffe580
2980306c
2a00306c
2980306e
2a003064
02804063
00111184
4c000020
00150004
4c000020
0015008c
58001cc0
028004a5
283ffcad
0280058c
02bffcc6
293ffd8d
5fffe9a0
00101986
5c000986
4c000020
0280058c
293ffd80
53fff3ff
1c000f0c
2897e18c
2980808c
1c000f0c
2897518c
2980908c
1c000f0c
2897618c
2981808c
15ffff0c
001530a5
1c000f0c
2896518c
2980a08c
1c000f0c
2897118c
29800080
29801080
29802080
29814080
29403886
29804080
29805080
29806080
29819080
2981a080
29807084
29403085
2980b08c
4c000020
1c000f05
0294b0a5
1c000f04
28957084
50010c00
1c000f0c
0294518c
28800184
02bfc063
29802077
29803061
1c000f17
029662f7
58000897
540a8000
1c000f0c
0293a18c
28800184
0281c2ec
5800088c
540a6800
1c000f0c
0293318c
28800184
028382f7
58001497
28803061
28802077
02804063
500a4400
28803061
28802077
02804063
4c000020
02bfc063
1c000f0c
029a218c
1c00000d
02bdb1ad
00150006
02801005
1c000f04
02948084
29803061
2980018d
57fed7ff
1c000f0d
029431ad
02800406
02802405
0281c1a4
57febfff
28803061
02800806
02804805
028381a4
02804063
53fea7ff
1c000f0c
0293518c
2880018d
5c0025a0
1c00000d
02bc71ad
2980018d
1c000f0c
0298418c
2880018c
5c000980
53ff77ff
4c000020
02bf8063
29806077
29804079
2980207b
2980107c
2980007d
29807061
29805078
2980307a
0015009b
001500b7
00150019
0280041c
02bffc1d
288022f8
288012fa
02bfff5a
64003b40
288002f7
5fffeee0
28807061
00150324
28806077
28805078
28804079
2880307a
2880207b
2880107c
2880007d
02808063
4c000020
2a40330c
6c001b8c
28403b0c
5800119d
00150304
4c000361
00151339
0281c318
53ffa7ff
02bf0063
2980907c
1c000f1c
288f439c
2880038c
2980e077
2980d078
2980b07a
2980a07b
2980f061
2980c079
2980807d
00150097
001500ba
001500db
001500f8
5c000980
57feebff
0280080c
5800176c
0280040c
02bffc04
6800cd9b
6000cb00
001502e4
54089800
2880c2e4
58001480
028102ec
5800088c
54030c00
2980c2e0
2a4032ec
298062e0
298012e0
0342018c
58000d80
288042e4
5402ec00
2a4032ec
15ffffed
038d71ad
0014b58c
294032ec
0280080c
5801136c
02807066
02806065
001502e4
5408a400
2a4032f9
00156499
29803079
28403079
294032f9
5c007300
28806078
00150304
54046400
0015009a
5c00c880
2880607d
5c00afb8
02bffc04
2a4032ec
298022e0
0380098c
294032ec
02810eec
298002ec
298042ec
0280040c
298052ec
2880f061
2880e077
2880d078
2880c079
2880b07a
2880a07b
2880907c
2880807d
02810063
4c000020
5bff9b40
2880038c
5c000980
57fdd7ff
0280040c
5c00136c
2a4032ec
0380058c
294032ec
284032ec
298002fa
298042fa
298052f8
0340218d
580051a0
0340058c
58004180
00116018
298022e0
298062f8
00150004
53ff87ff
001503a4
5403a400
0015009a
001503b8
5bff4880
03820339
294032f9
53ff93ff
00150004
53ff3bff
298022f8
53ffcfff
298022e0
53ffc7ff
02bfc063
29802077
00150097
28403884
29803061
5408c400
60003880
288162ec
288172ee
0048fc8d
0010118f
0012b1ec
001035cd
0010358c
298162ef
298172ec
28803061
28802077
02804063
4c000020
2a4032ec
15ffffcd
03bffdad
0014b58c
294032ec
53ffdfff
02bfc063
29802077
00150097
28403884
29803061
54093800
02bffc0c
2a4032ed
5c00248c
15ffffcc
03bffd8c
0014b58c
294032ec
28803061
28802077
02804063
4c000020
1400002c
001531ac
294032ec
0048fc8c
298162e4
298172ec
53ffdbff
28403884
5008a000
02bfc063
29802077
00150097
28403884
29803061
5408f800
02bffc0c
2a4032ed
5c00288c
5c0024a4
15ffffcc
03bffd8c
0014b58c
294032ec
28803061
28802077
02804063
4c000020
1400002c
001531ac
294032ec
298162e4
298172e5
53ffdfff
2a40308c
02bfc063
29802077
29801078
29800079
29803061
0344018c
00150097
001500b8
001500d9
58001980
28403884
02800807
00150005
00150006
54087000
2a4032ec
15ffffcd
03bffdad
0014b58c
294032ec
28403ae4
28803061
28802077
00150326
00150305
28800079
28801078
02804063
50067800
58006c80
02bff08d
29800080
1c000f0e
288191ce
288001cc
5c001180
2980008c
298001cd
50002800
6bfff5ac
2880018e
0010398f
5c003daf
28bff08d
001039ad
2980018d
0015018d
2880118c
288001af
00103dae
5c00198e
2880018e
2880118c
00103dce
298001ae
298011ac
4c000020
5c00198d
1c000f0c
28be818c
0280300d
2980018d
4c000020
0280118e
53ff8bff
02bf8063
29807061
29806077
29805078
29804079
2980307a
64002880
02bffc18
28807061
00150304
28806077
28805078
28804079
2880307a
02808063
4c000020
00150097
5401f400
02bffc0c
5bffd08c
02802c98
02bfe00c
00105c97
1c000f1a
0283b35a
0014b318
29800357
02bff318
58001c98
00111319
00150324
5401bc00
5fff9ee4
001066f7
29800357
1c000f0c
0283018c
2880018d
5fff89a0
29800198
53ff83ff
02bfc063
29802077
1c000f0c
0282718c
28800097
2880018c
29800079
29803061
29801078
00105c99
58000d99
00150004
50003400
00115cb7
0280200c
6c000aec
02802017
00150098
001502e4
57ff13ff
5c002c99
28800305
02800404
00105cb7
29800317
28803061
28802077
28801078
28800079
02804063
4c000020
02bffc0c
5bffac8c
29800097
02801084
57fe43ff
53ff9fff
02bf8063
29807061
29806077
29805078
29804079
2980307a
02bfac0c
6c003984
1c000f0c
28b8b18c
0280300d
2980018d
00150017
28807061
001502e4
28806077
28805078
28804079
2880307a
02808063
4c000020
02801c98
02bfe004
00149318
02802319
1c000f1a
02bed35a
28800357
5c001ee0
00150324
57fe53ff
02bffc0c
00150097
5c00308c
53ff9bff
288002ec
288012ed
68004599
0011658c
02801c0e
6c001dcc
001066ee
298001cc
298011cd
2980034e
298002f9
50000800
2980034d
028012f7
02801306
00150005
001502e4
57f6a3ff
53ff63ff
5c0021a0
00150325
001502e4
57fe8bff
58001080
288012ec
2980034c
53ffcfff
028012fa
53ff73ff
0015008c
1c000f0d
02b4b1ad
288001a4
64003180
1c000f0e
28b631ce
0011388e
0011300f
6c002dcf
1c000f0c
28b4918c
0280300d
2980018d
02bffc04
4c000020
1c000f0e
28b521ce
001111ce
6bffddcc
0010308c
298001ac
4c000020
2840308c
02bfc063
29802077
29803061
29801078
29800079
0340218d
00150097
5c01d5a0
2880108d
6000280d
2880f08d
6000200d
00150004
28803061
28802077
28801078
28800079
02804063
4c000020
2880a2ee
5bffe1c0
1c000f18
28b26318
0044b18d
28800319
034005ad
29800300
5800f5a0
288162ec
288172e6
284032ee
034011cd
580045a0
288012ed
0048fdb0
0011358d
0012b58f
001501ac
2880c2ed
001140c6
00113cc6
580021a0
2880f2ed
0048fdb0
0011358d
0012b58f
001140c6
001501ac
00113cc6
288072e4
640101c0
288182ed
00150007
00150185
4c0001a1
02bffc0c
2a4032ed
5c00288c
5c0024a4
2880030e
0280740c
6800ed8e
1440800c
0380058c
0017b98c
0340058c
5800d980
288042ec
298012e0
298002ec
1400002c
0014b1ad
580021a0
02bffc0c
5c00108c
5c000ca4
2880030c
5c000d80
298162e4
298172e5
2880c2e4
29800319
5bfee880
028102ec
5800088c
57fb87ff
2980c2e0
53fed7ff
288072e4
64004d80
288182ec
00150006
02800407
00150005
4c000181
0015008c
001500a6
02bffc0d
5ffef18d
5ffeeccc
2880030d
5bfee5a0
0280740c
58000dac
0280580c
5c0091ac
29800319
53fe87ff
02800406
00150005
4c0001c1
0015008c
0048fc86
53ffc3ff
2880a2ed
00150185
00150006
4c0001a1
0048fc85
53ff03ff
038101ad
294032ed
02bffc04
53fe4bff
28804099
5bfe3f20
28800098
03400d8c
29800099
00116718
0015000d
5c000980
2880508d
298022ed
5bfe1b00
288092ec
288072e4
00150306
00150325
4c000181
60001404
2a4032ec
0381018c
294032ec
53ffabff
00101339
00111318
53ffcfff
5c001880
1c000f05
28abc0a5
1c000004
02bfd084
53f653ff
1c000f0c
28ab118c
2880018c
02bfc063
29802077
29803061
00150097
5c000980
57f5fbff
284032ec
58001980
28803061
001502e4
28802077
02804063
53fd5bff
28803061
28802077
00150004
02804063
4c000020
02be0063
2981c079
00150099
28403884
2981e077
2981d078
2981f061
001500b7
001500d8
64001c80
2a40332c
29800300
0342018c
5c003980
0290000c
50003400
02802065
5401b400
63ffe080
2880506d
140001ec
0014b58c
15ffffcd
0010358c
0240058c
2980030c
53ffd3ff
0281000c
2881f061
298002ec
2881d078
2881e077
2881c079
00150004
02820063
4c000020
0280080c
68006184
1c000f0c
28a6518c
2880018c
02bf8063
29806077
29805078
29804079
2980307a
29807061
001500d8
001500b7
001018b9
0280281a
58005d80
58005ef9
2a0002ec
5c000d9a
02803404
5401b000
280002e4
028006f7
5401a400
53ffe3ff
1c000f0c
28a4f18c
0280240d
2980018d
02bffc04
4c000020
2a0002ec
5c000d9a
02803404
54016400
280002e4
028006f7
54015800
5fffe737
28807061
00150304
28806077
28805078
28804079
2880307a
02808063
4c000020
5c007880
1c000f0c
28a3718c
2880018c
58008180
02bf8063
29806077
29805078
29804079
2980307a
29807061
001500b9
001500d8
00150017
0280281a
580016f8
54012800
00105f2c
29000184
5c00249a
28807061
001502e4
28806077
28805078
28804079
2880307a
02808063
4c000020
028006f7
53ffcbff
1c000f0c
28a1b18c
0280240d
2980018d
02bffc04
4c000020
4c000020
1c000f0c
28a1418c
0280240d
2980018d
02bffc04
4c000020
0280080c
68001584
1400004c
298030ac
00150004
4c000020
1c000f0c
28a0818c
0280240d
2980018d
02bffc04
4c000020
0280080c
6c001d84
1c000f0c
28a0018c
0280240d
2980018d
02bffc04
4c000020
00150004
4c000020
0280080c
6c002184
1c000eec
289f618c
0280240d
2980018d
02bffc04
00150085
4c000020
00150004
53fff7ff
1c000eec
029e818c
2880018c
29000184
4c000020
1c000eec
029be18c
2880018d
028015ae
2a0001cc
0340818c
5bfff980
290001a4
4c000020
1c000eec
029b518c
2880018d
02bfc063
028015ae
2a0001cc
0340058c
5bfff980
2a0001a4
29003c64
28003c64
02804063
4c000020
1c080548
1c001120
1c08096c
1c004c20
1c080d6c
1c006390
1c080d74
1c006a10
1c080d88
1c006a10
1c080d94
1c007250
1c080da8
1c007250
1c080db8
1c007530
1c080dcc
1c007530
1c080ddc
1c0067b0
1c080df0
1c0067b0
1c080dfc
1c006c90
1c080e10
1c006c90
1c080e1c
1c006f70
1c080e2c
1c006f70
1c080e38
1c006460
1c080e4c
1c006460
1c080e58
1c006370
1c080e68
1c006370
1c080e70
1c006340
1c080ed8
1c007930
1c080ee4
1c007910
1c080ef0
1c007820
1c002cc0
1c002d50
1c002d60
1c000e90
1c007f10
1c002d40
00000000
00000000
00000000
00000000
00000000
00000000
00000000
00000000
00000000
00000000
00000000
00000000
00000000
00000000
00000000
00000000
00000000
00000000
00000000
00000000
00000000
00000000
00000000
00000000
00000000
00000000
00000000
00000000
00000000
00000000
00000000
00000000
00000000
00000000
00000000
00000000
00000000
00000000
00000000
00000000
00000000
00000000
00000000
00000000
00000000
00000000
00000000
00000000
00000000
00000000
00000000
00000000
00000000
00000000
00000000
00000000
00000000
00000000
00000000
00000000
00000000
00000000
00000000
00000000
00000000
00000000
00000000
00000000
00000000
00000000
00000000
00000000
00000000
00000000
00000000
00000000
00000000
00000000
00000000
00000000
00000000
00000000
00000000
00000000
00000000
00000000
00000000
00000000
00000000
00000000
00000000
00000000
00000000
00000000
00000000
00000000
00000000
00000000
00000000
00000000
00000000
00000000
00000000
00000000
00000000
00000000
00000000
00000000
00000000
00000000
00000000
00000000
00000000
00000000
00000000
00000000
00000000
00000000
00000000
00000000
00000000
00000000
00000000
00000000
00000000
00000000
00000000
00000000
00000000
00000000
00000000
00000000
00000000
00000000
00000000
00000000
00000000
00000000
00000000
00000000
00000000
00000000
00000000
00000000
00000000
00000000
00000000
00000000
00000000
00000000
00000000
00000000
00000000
00000000
00000000
00000000
00000000
00000000
00000000
00000000
00000000
00000000
00000000
00000000
00000000
00000000
00000000
00000000
00000000
00000000
00000000
00000000
00000000
00000000
00000000
00000000
00000000
00000000
00000000
00000000
00000000
00000000
00000000
00000000
00000000
00000000
00000000
00000000
00000000
00000000
00000000
00000000
00000000
00000000
00000000
00000000
00000000
00000000
00000000
00000000
00000000
00000000
00000000
00000000
00000000
00000000
00000000
00000000
00000000
00000000
00000000
00000000
00000000
00000000
00000000
00000000
00000000
00000000
00000000
00000000
00000000
00000000
00000000
00000000
00000000
00000000
00000000
00000000
00000000
00000000
00000000
00000000
00000000
00000000
00000000
00000000
00000000
00000000
00000000
00000000
00000000
00000000
00000000
00000000
00000000
00000000
00000000
00000000
00000000
00000000
00000000
00000000
00000000
00000000
00000000
00000000
00000000
00000000
00000000
00000000
00000000
00000000
00000000
00000000
00000000
00000000
00000000
00000000
00000000
00000000
00000000
00000000
00000000
00000000
00000000
00000000
00000000
00000000
00000000
00000000
00000000
00000000
00000000
00000000
00000000
00000000
00000000
00000000
00000000
00000000
00000000
00000000
00000000
00000000
00000000
00000000
00000000
00000000
00000000
00000000
00000000
00000000
00000000
00000000
00000000
00000000
00000000
00000000
00000000
00000000
00000000
00000000
00000000
00000000
00000000
00000000
00000000
00000000
00000000
00000000
00000000
00000000
4f5f4b53
616d2053
74206e69
61657268
6e6f2064
656e696c
0000000a
6e6b6e75
006e776f
00006b6f
20646162
6967616d
00000063
75736e75
726f7070
20646574
73726576
006e6f69
20646162
64616568
00007265
20646162
6b636170
20656761
72746e65
00000079
7374756f
20656469
52747845
00004d41
1c080024
1c080028
1c080034
1c080048
1c080054
1c080068
54454b53
53204843
2f20434f
2d545220
45524854
00004441
314e5442
20505520
4e544220
4f442032
20204e57
20305753
45544e45
41422f52
00004b43
65746e69
74636172
20657669
64616c62
00000065
656d2d35
61206873
616d696e
6e6f6974
00000000
6e72656b
69206c65
006f666e
42204433
4544414c
00000000
716d6b73
00000000
69756b73
00000000
6e696b73
00000000
4f5f4b53
4e492053
46205449
0a4c4941
00000000
4f5f4b53
45522053
0a594441
00000000
4f5f4b53
4f482053
7320454d
63656c65
3d646574
00000a30
4742445b
4e495b5d
5d545550
6e657020
676e6964
3230253d
000a786c
4f5f4b53
57532053
6f632030
7269666e
75253d6d
0000000a
4f5f4b53
54532053
53555441
65637320
253d656e
65732075
7463656c
253d6465
72662075
3d656d61
20756c25
73657270
73746e65
756c253d
0000000a
20305753
52204f54
52555445
0000004e
542d5452
41455248
414e2044
41204f4e
56495443
00000045
534e4946
73203a48
6174736b
00737574
542d5452
61657268
656b2064
6c656e72
646e6120
656b5320
42686374
206b6f6f
74617473
00007375
54535953
00004d45
4f5f4b53
43532053
20454e45
45535341
41462054
25204c49
00000a73
4f5f4b53
43532053
20454e45
45535341
6e652054
3d797274
62207525
3d657361
78383025
7a697320
75253d65
0000000a
4f5f4b53
43532053
20454e45
44414f4c
49414620
7525204c
0000000a
4f5f4b53
43532053
20454e45
4853454d
49414620
7525204c
0000000a
4b503353
30524220
202f2031
462d3631
454d4152
4c554d20
4d2d4954
00485345
45444f4d
4c415720
202f204b
314e5442
4d554a20
504f2050
00004e45
45444f4d
4d554a20
504f2050
2f204e45
4e544220
41572031
00004b4c
656d2d35
61206873
63697472
74616c75
77206465
696b6c61
7320676e
74756c6f
006e6f69
4f424f52
41572054
00004b4c
65746e49
74636172
20657669
69676972
6f722064
20746f62
76657270
00776569
45444f4d
4f52204c
20544f42
49474952
00000044
65746e49
74636172
20657669
61636f6c
65722d6c
73657266
6c622068
20656461
76657270
00776569
45444f4d
4c42204c
00454441
20315753
20524944
4e544220
20322f31
43544950
42202048
20334e54
45444f4d
0000004c
44204433
004f4d45
4f424f52
49525f54
00444947
44414c42
00000045
4b4c4157
00000000
504d554a
45504f5f
0000004e
4742445b
49555b5d
7665205d
3d746e65
73207525
656e6563
2075253d
656c6573
64657463
0a75253d
00000000
4f5f4b53
4f482053
7320454d
63656c65
3d646574
000a7525
4f5f4b53
4f482053
6920454d
726f6e67
74625f65
7320336e
63656c65
3d646574
000a7525
4b434954
6c252053
46202075
454d4152
756c2520
00000000
4f5f4b53
41432053
25204452
00000a73
4f5f4b53
45442053
70204f4d
68637469
0a75253d
00000000
4f5f4b53
45442053
6d204f4d
6c65646f
0a73253d
00000000
4f5f4b53
4f522053
20544f42
69746f6d
253d6e6f
00000a73
4f5f4b53
43532053
20454e45
444e4552
46205245
204c4941
000a7525
4f5f4b53
4f522053
20544f42
4c494146
0a752520
00000000
4742445b
54425b5d
52495f4e
73205d51
65746174
3230253d
65702078
6e69646e
30253d67
0a786c32
00000000
02020100
01020202
0e0e0f00
0f0e0e0e
6d635f5f
6b735f64
74617473
00007375
ffe7ffe7
000b000b
0000001f
000bfff5
0012ffee
00000000
1c0803d0
1c080338
1c080230
6e69616d
00000000
6c646974
00000065
4c554e28
0000294c
1c004820
1c004508
1c004508
1c004508
1c004508
1c004508
1c004508
1c004508
1c004508
1c004508
1c004508
1c004508
1c004508
1c004508
1c004508
1c004508
1c004508
1c004508
1c004508
1c004508
1c004508
1c004508
1c004508
1c004508
1c004508
1c004508
1c004508
1c004508
1c004508
1c004508
1c004508
1c004508
1c004508
1c004508
1c004508
1c004508
1c004508
1c004508
1c004508
1c004508
1c004508
1c004508
1c004508
1c004508
1c004508
1c004508
1c004508
1c004508
1c004508
1c004508
1c004508
1c0045dc
1c004508
1c004508
1c004508
1c004508
1c004508
1c004508
1c004508
1c004508
1c004508
1c004508
1c004678
1c00466c
1c004508
1c004508
1c004508
1c004508
1c00466c
1c004508
1c004508
1c004508
1c004508
1c004508
1c004630
1c004638
1c004508
1c004508
1c0046c8
1c004508
1c004664
1c004508
1c004508
1c0045e0
205c200a
0a2f207c
00000000
5452202d
20202d20
54202020
61657268
704f2064
74617265
20676e69
74737953
000a6d65
20706553
32203031
00363230
7c202f20
20205c20
25202020
64252e64
2064252e
6c697562
73252064
0000000a
30303220
202d2036
39313032
706f4320
67697279
62207468
74722079
7268742d
20646165
6d616574
0000000a
33323130
37363534
62613938
66656463
00000000
33323130
37363534
42413938
46454443
00000000
00010000
00010002
00010003
00010002
00010004
00010002
00010003
00010002
00010005
00010002
00010003
00010002
00010004
00010002
00010003
00010002
00010006
00010002
00010003
00010002
00010004
00010002
00010003
00010002
00010005
00010002
00010003
00010002
00010004
00010002
00010003
00010002
00010007
00010002
00010003
00010002
00010004
00010002
00010003
00010002
00010005
00010002
00010003
00010002
00010004
00010002
00010003
00010002
00010006
00010002
00010003
00010002
00010004
00010002
00010003
00010002
00010005
00010002
00010003
00010002
00010004
00010002
00010003
00010002
61746f74
656d206c
79726f6d
6425203a
0000000a
64657375
6d656d20
2079726f
6425203a
0000000a
6978616d
206d756d
6f6c6c61
65746163
656d2064
79726f6d
6425203a
0000000a
70616568
00000000
206d656d
74696e69
7265202c
20726f72
69676562
6461206e
73657264
78302073
202c7825
20646e61
20646e65
72646461
20737365
78257830
0000000a
66206f74
20656572
61622061
61642064
62206174
6b636f6c
00000a3a
3a6d656d
25783020
2c783830
65737520
6c662064
203a6761
202c6425
6967616d
6f632063
203a6564
30257830
000a7834
7473696c
6d656d5f
00000000
6c6c6548
5452206f
7268542d
21646165
0000000a
75462d2d
6974636e
4c206e6f
3a747369
0000000a
00005f5f
000a7325
65726874
00006461
2e2a2d25
72702073
73202069
75746174
20202073
73202020
20202070
74732020
206b6361
657a6973
78616d20
65737520
656c2064
74207466
206b6369
72726520
000a726f
0000002d
2d2d2d20
2d2d2020
2d2d2d2d
2d2d202d
2d2d2d2d
2d2d2d2d
2d2d2d20
2d2d2d2d
202d2d2d
2d2d2d20
202d2d2d
2d2d2d20
2d2d2d2d
202d2d2d
0a2d2d2d
00000000
2e2a2d25
2520732a
00206433
61657220
20207964
00000000
73757320
646e6570
00000000
696e6920
20202074
00000000
6f6c6320
20206573
00000000
6e757220
676e696e
00000000
25783020
20783830
30257830
20207838
30252020
25256432
30202020
38302578
30252078
000a6433
6574756d
00000078
2e2a2d25
20202073
656e776f
68202072
20646c6f
70737573
20646e65
65726874
000a6461
2d2d2d20
2d2d2d2d
2d2d202d
2d202d2d
2d2d2d2d
2d2d2d2d
2d2d2d2d
00000a2d
2e2a2d25
2520732a
2a2e382d
30252073
25206434
00000a64
656d6974
00000072
2e2a2d25
70202073
6f697265
20636964
69742020
756f656d
20202074
20202020
67616c66
0000000a
2d2d2d20
2d2d2d2d
202d2d2d
2d2d2d2d
2d2d2d2d
2d202d2d
2d2d2d2d
2d2d2d2d
000a2d2d
2e2a2d25
3020732a
38302578
78302078
78383025
00000020
69746361
65746176
00000a64
63616564
61766974
0a646574
00000000
72727563
20746e65
6b636974
2578303a
0a783830
00000000
6e657665
00000074
2e2a2d25
20202073
73202020
20207465
75732020
6e657073
68742064
64616572
0000000a
2d2d2020
2d2d2d2d
2d2d2d2d
2d2d2d20
2d2d2d2d
2d2d2d2d
0a2d2d2d
00000000
2e2a2d25
2020732a
30257830
25207838
3a643330
00000000
00007325
0000002f
2e2a2d25
2020732a
30257830
30207838
0000000a
616d6573
726f6870
00000065
2e2a2d25
20762073
75732020
6e657073
68742064
64616572
0000000a
2d2d2d20
2d2d2d20
2d2d2d2d
2d2d2d2d
0a2d2d2d
00000000
2e2a2d25
2520732a
20643330
003a6425
2e2a2d25
2520732a
20643330
000a6425
7167736d
65756575
00000000
2e2a2d25
6e652073
20797274
70737573
20646e65
65726874
000a6461
2d2d2d20
2d20202d
2d2d2d2d
2d2d2d2d
2d2d2d2d
00000a2d
2e2a2d25
2520732a
20643430
3a642520
00000000
2e2a2d25
2520732a
20643430
0a642520
00000000
6c69616d
00786f62
2e2a2d25
6e652073
20797274
657a6973
73757320
646e6570
72687420
0a646165
00000000
2d2d2d20
2d20202d
202d2d2d
2d2d2d2d
2d2d2d2d
2d2d2d2d
000a2d2d
2e2a2d25
2520732a
20643430
34302520
64252064
0000003a
2e2a2d25
2520732a
20643430
34302520
64252064
0000000a
7473696c
00000000
6d635f5f
696c5f64
745f7473
72656d69
00000000
7473696c
6d69745f
00007265
6d635f5f
696c5f64
6d5f7473
75716773
00657565
7473696c
67736d5f
75657571
00000065
6d635f5f
696c5f64
6d5f7473
626c6961
0000786f
7473696c
69616d5f
786f626c
00000000
6d635f5f
696c5f64
6d5f7473
78657475
00000000
7473696c
74756d5f
00007865
6d635f5f
696c5f64
655f7473
746e6576
00000000
7473696c
6576655f
0000746e
6d635f5f
696c5f64
735f7473
00006d65
7473696c
6d65735f
00000000
6d635f5f
696c5f64
745f7473
61657268
00000064
7473696c
7268745f
00646165
6d635f5f
65765f64
6f697372
0000006e
73726576
006e6f69
6c6c6568
0000006f
542d5452
61657268
68732064
206c6c65
6d6d6f63
73646e61
00000a3a
6d635f5f
00005f64
00207325
206f6f54
796e616d
67726120
20212073
6f206557
20796c6e
3a657355
0000000a
203a7325
6d6d6f63
20646e61
20746f6e
6e756f66
000a2e64
6d635f5f
72665f64
00006565
6d635f5f
73705f64
00000000
6d635f5f
65685f64
0000706c
6d206f6e
726f6d65
6f662079
68732072
0a6c6c65
00000000
65687374
00006c6c
78726873
00000000
2068736d
00000000
736e6966
00002068
0000003e
00000008
00006325
73257325
00000000
20732508
00000820
00082008
02faf080
bf000000
00000001
1c080f60
1c080f60
00000080
00000002
1c080f70
1c080f70
00000020
00000003
1c080f80
1c080f80
00000024
00000004
1c080f90
1c080f90
00000020
00000005
1c080fa0
1c080fa0
00000030
00000006
1c080fb0
1c080fb0
00000034
0000000a
1c080fc0
1c080fc0
0000002c
1c081150
1c0810e0
1c081070
00000000
00000003
1c081070
1c081860
bfe001e0
bfafff10
00000000
1c008eac
1c080f54
1c080f58
1c0811d0
1c009970
1c08185c
1c0817fc
1c009564
1c008f74
1c081808
1c080fd0
1c081848
1c008f14
1c081800
1c008e44
1c008f0c
1c009970
1c081804
1c0f0000
1c081068
1c08184c
1c081850
1c081854
1c009970
1c081860
1c080fd8
1c0811cc
1c0098b8
1c0098b8
